instance,dimension,run,seed,variant,best_known,best_length,gap_percent,final_edge_diversity,mean_edge_diversity,final_effective_count,runtime_seconds
berlin52,52,1,20260805,full,7542,7571,0.38451339167329623,0.018750000000000006,0.0559807692307692,13.052130405637165,0.3933229909998772
berlin52,52,1,20260805,uniform_weights,7542,7542,0.0,0.0,0.06671474358974358,15.999999999743997,0.33608334300015485
berlin52,52,1,20260805,no_directional_penalty,7542,7587,0.5966587112171837,0.0048076923076923045,0.07148076923076924,15.017358639269617,0.34680357100023684
berlin52,52,1,20260805,no_persistence,7542,7569,0.35799522673031026,0.050480769230769246,0.22750961538461542,13.261487173913286,0.3464047450001999
berlin52,52,1,20260805,no_local_search,7542,8201,8.73773534871387,0.014423076923076927,0.03959294871794871,14.234972073506619,0.1156203519999508
berlin52,52,2,20260806,full,7542,7614,0.954653937947494,0.0,0.06999999999999999,15.999999999743997,0.3736773569999059
berlin52,52,2,20260806,uniform_weights,7542,7542,0.0,0.0,0.06081089743589743,15.999999999743997,0.34187509699995644
berlin52,52,2,20260806,no_directional_penalty,7542,7542,0.0,0.0,0.050836538461538454,15.999999999743997,0.3340713380002853
berlin52,52,2,20260806,no_persistence,7542,7542,0.0,0.09471153846153844,0.26350320512820513,9.545949939379106,0.3176545010001064
berlin52,52,2,20260806,no_local_search,7542,8181,8.47255369928401,0.0,0.04829166666666668,15.999999999743997,0.09858339099992008
berlin52,52,3,20260807,full,7542,7940,5.277114823654203,0.0,0.09886858974358974,15.999999999743997,0.32800597699997525
berlin52,52,3,20260807,uniform_weights,7542,8075,7.067090957305754,0.038461538461538436,0.053910256410256395,15.999999999743997,0.2981326330000229
berlin52,52,3,20260807,no_directional_penalty,7542,7542,0.0,0.03189102564102564,0.07550641025641025,12.33592375747215,0.3317955630000142
berlin52,52,3,20260807,no_persistence,7542,7542,0.0,0.06426282051282052,0.21288141025641025,12.801383370736573,0.3529576279997855
berlin52,52,3,20260807,no_local_search,7542,8782,16.441262264651286,0.0,0.05102243589743591,15.999999999743997,0.09706339299964384
berlin52,52,4,20260808,full,7542,7605,0.8353221957040573,0.0,0.06175641025641026,15.999999999743997,0.32882201900019936
berlin52,52,4,20260808,uniform_weights,7542,7542,0.0,0.0,0.09063461538461538,15.999999999743997,0.35473013500040906
berlin52,52,4,20260808,no_directional_penalty,7542,7719,2.3468575974542563,0.0,0.05742628205128206,15.999999999743997,0.3353549700000258
berlin52,52,4,20260808,no_persistence,7542,7542,0.0,0.0,0.20475641025641025,15.999999999743997,0.3146159429998079
berlin52,52,4,20260808,no_local_search,7542,8881,17.75391142932909,0.032692307692307694,0.06473076923076924,8.007039519818614,0.10260060199971122
berlin52,52,5,20260809,full,7542,7542,0.0,0.0,0.07060897435897436,15.999999999743997,0.3175699479998002
berlin52,52,5,20260809,uniform_weights,7542,7619,1.020949350304959,0.0,0.07229166666666666,15.999999999743997,0.3413777829996434
berlin52,52,5,20260809,no_directional_penalty,7542,7623,1.0739856801909309,0.0,0.08181410256410256,15.999999999743997,0.33692845899986423
berlin52,52,5,20260809,no_persistence,7542,7542,0.0,0.013461538461538466,0.2473525641025641,14.034734140244533,0.3563960780002162
berlin52,52,5,20260809,no_local_search,7542,8788,16.520816759480244,0.0,0.05974038461538461,15.999999999743997,0.11386098100001618
berlin52,52,6,20260810,full,7542,7542,0.0,0.0,0.06501923076923077,15.999999999743997,0.3596318490003796
berlin52,52,6,20260810,uniform_weights,7542,7765,2.956775391142933,0.0,0.11589102564102564,15.999999999743997,0.4601522660000228
berlin52,52,6,20260810,no_directional_penalty,7542,7565,0.30495889684433836,0.0,0.10311538461538461,15.999999999743997,0.35851765300003535
berlin52,52,6,20260810,no_persistence,7542,7542,0.0,0.035737179487179485,0.25102243589743595,14.177110673409794,0.39411657199980255
berlin52,52,6,20260810,no_local_search,7542,9073,20.29965526385574,0.0,0.04582692307692307,15.999999999743997,0.10429806599995572
berlin52,52,7,20260811,full,7542,7585,0.5701405462741979,0.0,0.05516346153846154,15.999999999743997,0.37693153100008203
berlin52,52,7,20260811,uniform_weights,7542,7696,2.041898700609918,0.0,0.06132371794871795,15.999999999743997,0.36800554899991766
berlin52,52,7,20260811,no_directional_penalty,7542,7581,0.5171042163882259,0.008974358974358968,0.06532371794871795,14.034734140244533,0.34311140399995566
berlin52,52,7,20260811,no_persistence,7542,7709,2.2142667727393266,0.21891025641025638,0.29824999999999996,7.111127637915107,0.3659264450002411
berlin52,52,7,20260811,no_local_search,7542,8051,6.748872977989923,0.0205128205128205,0.04928525641025641,8.139697081453662,0.1098739580002075
berlin52,52,8,20260812,full,7542,7870,4.348979050649695,0.0,0.04739102564102564,15.999999999743997,0.35423739899988504
berlin52,52,8,20260812,uniform_weights,7542,7844,4.0042429063908775,0.0,0.05746794871794871,15.999999999743997,0.3685203319996617
berlin52,52,8,20260812,no_directional_penalty,7542,7844,4.0042429063908775,0.0,0.05316666666666667,15.999999999743997,0.36685322499988615
berlin52,52,8,20260812,no_persistence,7542,7648,1.405462741978255,0.10272435897435894,0.270224358974359,13.177129997839957,0.3706387749998612
berlin52,52,8,20260812,no_local_search,7542,8715,15.552903739061257,0.013461538461538466,0.0475929487179487,14.034734140244533,0.10762314599969613
berlin52,52,9,20260813,full,7542,7973,5.714664545213472,0.0,0.06770512820512821,15.999999999743997,0.34056262800004333
berlin52,52,9,20260813,uniform_weights,7542,7542,0.0,0.0,0.11398397435897437,15.999999999743997,0.3294801530000768
berlin52,52,9,20260813,no_directional_penalty,7542,7860,4.216388225934765,0.07996794871794873,0.07339423076923075,8.027057879286307,0.3273162940004113
berlin52,52,9,20260813,no_persistence,7542,7542,0.0,0.021634615384615388,0.20918910256410256,14.037863014139893,0.35911645999976827
berlin52,52,9,20260813,no_local_search,7542,8800,16.67992574913816,0.0,0.04724038461538461,15.999999999743997,0.09437067199996818
berlin52,52,10,20260814,full,7542,7542,0.0,0.0,0.07869551282051282,15.999999999743997,0.3884166739999273
berlin52,52,10,20260814,uniform_weights,7542,7542,0.0,0.0,0.05394871794871795,15.999999999743997,0.3282729439997638
berlin52,52,10,20260814,no_directional_penalty,7542,7542,0.0,0.0,0.053830128205128204,15.999999999743997,0.31937125100012054
berlin52,52,10,20260814,no_persistence,7542,7566,0.31821797931583135,0.11282051282051284,0.2584294871794872,13.661462560350502,0.3638484680000147
berlin52,52,10,20260814,no_local_search,7542,9091,20.538318748342615,0.018750000000000006,0.05058333333333333,13.052130405637165,0.09936749799999234
berlin52,52,11,20260815,full,7542,7542,0.0,0.0,0.058596153846153846,15.999999999743997,0.3191665130002548
berlin52,52,11,20260815,uniform_weights,7542,7847,4.044020153805357,0.0,0.057599358974358965,15.999999999743997,0.2986308149997967
berlin52,52,11,20260815,no_directional_penalty,7542,7542,0.0,0.0,0.04980128205128205,15.999999999743997,0.3190202139999201
berlin52,52,11,20260815,no_persistence,7542,7542,0.0,0.014423076923076927,0.16500641025641025,15.017358639269617,0.3287722939999185
berlin52,52,11,20260815,no_local_search,7542,8157,8.154335719968179,0.0,0.04001602564102564,15.999999999743997,0.1006352459999107
berlin52,52,12,20260816,full,7542,7596,0.7159904534606205,0.0,0.05659615384615384,15.999999999743997,0.3365123290000156
berlin52,52,12,20260816,uniform_weights,7542,7542,0.0,0.0,0.06874679487179489,15.999999999743997,0.3173725930000728
berlin52,52,12,20260816,no_directional_penalty,7542,7860,4.216388225934765,0.0,0.050262820512820515,15.999999999743997,0.3279217740000604
berlin52,52,12,20260816,no_persistence,7542,7542,0.0,0.02884615384615384,0.23877884615384615,14.812116577078694,0.32207971299976634
berlin52,52,12,20260816,no_local_search,7542,8864,17.52850702731371,0.0,0.046724358974358976,15.999999999743997,0.10166581300018152
berlin52,52,13,20260817,full,7542,7791,3.30151153540175,0.0,0.07252564102564102,15.999999999743997,0.31939195199993264
berlin52,52,13,20260817,uniform_weights,7542,7542,0.0,0.0,0.08247115384615383,15.999999999743997,0.3322218920002342
berlin52,52,13,20260817,no_directional_penalty,7542,7623,1.0739856801909309,0.0,0.07575641025641026,15.999999999743997,0.3184255800001665
berlin52,52,13,20260817,no_persistence,7542,7542,0.0,0.09326923076923078,0.2926153846153846,14.148978432596587,0.3159728030000224
berlin52,52,13,20260817,no_local_search,7542,9091,20.538318748342615,0.0,0.0525801282051282,15.999999999743997,0.09413964099985606
berlin52,52,14,20260818,full,7542,7811,3.5666931848316095,0.009615384615384609,0.0827147435897436,1.2860777578520806,0.3239398030000302
berlin52,52,14,20260818,uniform_weights,7542,7569,0.35799522673031026,0.0,0.10886538461538463,15.999999999743997,0.3515623200000846
berlin52,52,14,20260818,no_directional_penalty,7542,8194,8.644921771413419,0.0,0.08122115384615385,15.999999999743997,0.32527573500010476
berlin52,52,14,20260818,no_persistence,7542,7569,0.35799522673031026,0.012019230769230766,0.19955769230769227,15.017358639269617,0.343187234999732
berlin52,52,14,20260818,no_local_search,7542,8722,15.645717316361708,0.0,0.05168589743589744,15.999999999743997,0.09484796299966547
berlin52,52,15,20260819,full,7542,7863,4.256165473349244,0.0,0.049612179487179484,15.999999999743997,0.3247053430000051
berlin52,52,15,20260819,uniform_weights,7542,7870,4.348979050649695,0.0,0.05451282051282051,15.999999999743997,0.3279361729996708
berlin52,52,15,20260819,no_directional_penalty,7542,7542,0.0,0.0,0.05776282051282051,15.999999999743997,0.3311859119999099
berlin52,52,15,20260819,no_persistence,7542,7542,0.0,0.10496794871794872,0.2624807692307692,9.649360463673748,0.31659415100011756
berlin52,52,15,20260819,no_local_search,7542,8855,17.409175285070273,0.0,0.04128525641025641,15.999999999743997,0.09529427100005705
berlin52,52,16,20260820,full,7542,7646,1.378944577035269,0.02788461538461539,0.05420512820512822,11.090516404548865,0.3124650740001016
berlin52,52,16,20260820,uniform_weights,7542,7553,0.1458499071864227,0.0,0.06626282051282051,15.999999999743997,0.3229899490002026
berlin52,52,16,20260820,no_directional_penalty,7542,7738,2.5987801644126227,0.0,0.06734935897435897,15.999999999743997,0.31356858800018017
berlin52,52,16,20260820,no_persistence,7542,7844,4.0042429063908775,0.06089743589743589,0.2451057692307692,12.602610791138199,0.31877776600003926
berlin52,52,16,20260820,no_local_search,7542,8053,6.775391142932909,0.0,0.05010576923076923,15.999999999743997,0.10112329699995826
berlin52,52,17,20260821,full,7542,7542,0.0,0.0,0.06258012820512819,15.999999999743997,0.3296999799999867
berlin52,52,17,20260821,uniform_weights,7542,7619,1.020949350304959,0.05016025641025642,0.10544871794871796,15.999999999743997,0.32727293300013116
berlin52,52,17,20260821,no_directional_penalty,7542,7949,5.39644656589764,0.0,0.0641794871794872,15.999999999743997,0.30423077800014653
berlin52,52,17,20260821,no_persistence,7542,7641,1.3126491646778042,0.16698717948717948,0.2455,4.334405568510844,0.3208279959999345
berlin52,52,17,20260821,no_local_search,7542,8206,8.804030761071333,0.0,0.05014423076923077,15.999999999743997,0.09749050899972644
berlin52,52,18,20260822,full,7542,7745,2.6915937417130733,0.0,0.07264102564102565,15.999999999743997,0.32372136100002535
berlin52,52,18,20260822,uniform_weights,7542,7792,3.314770617873243,0.013461538461538466,0.07362820512820513,15.999999999743997,0.32053185900031167
berlin52,52,18,20260822,no_directional_penalty,7542,7571,0.38451339167329623,0.0,0.06071474358974359,15.999999999743997,0.3197265809999408
berlin52,52,18,20260822,no_persistence,7542,7547,0.06629541235746486,0.05400641025641025,0.13543589743589743,10.660121117759768,0.32821184300019013
berlin52,52,18,20260822,no_local_search,7542,8206,8.804030761071333,0.0,0.05024038461538462,15.999999999743997,0.10012468600007196
berlin52,52,19,20260823,full,7542,7699,2.081675948024397,0.0,0.06802564102564103,15.999999999743997,0.3309500370000933
berlin52,52,19,20260823,uniform_weights,7542,7850,4.083797401219836,0.04407051282051282,0.07671474358974358,15.999999999743997,0.33261423100020693
berlin52,52,19,20260823,no_directional_penalty,7542,7931,5.157783081410766,0.0,0.06680448717948717,15.999999999743997,0.32334028799959924
berlin52,52,19,20260823,no_persistence,7542,7542,0.0,0.1466346153846154,0.31066666666666665,10.190229437121122,0.3158733149998625
berlin52,52,19,20260823,no_local_search,7542,8980,19.066560594006894,0.0,0.04859294871794872,15.999999999743997,0.10076630499997918
berlin52,52,20,20260824,full,7542,7596,0.7159904534606205,0.0,0.0605801282051282,15.999999999743997,0.3225856340000064
berlin52,52,20,20260824,uniform_weights,7542,7542,0.0,0.03653846153846153,0.07206089743589743,15.999999999743997,0.30706082400001833
berlin52,52,20,20260824,no_directional_penalty,7542,7817,3.6462476796605676,0.0,0.04992628205128205,15.999999999743997,0.32919773899993743
berlin52,52,20,20260824,no_persistence,7542,7785,3.2219570405727924,0.04711538461538459,0.2088141025641026,13.673537451044336,0.3207732810001289
berlin52,52,20,20260824,no_local_search,7542,8168,8.300185627154601,0.007211538461538464,0.04544551282051281,15.017358639269617,0.10210828899971602
ch150,150,1,20270805,full,6528,6591,0.9650735294117647,0.015500000000000002,0.04714222222222222,1.3639267491070532,0.7551681330000974
ch150,150,1,20270805,uniform_weights,6528,6641,1.7310049019607843,0.0016666666666666635,0.05818444444444444,15.999999999743997,0.7722590620001029
ch150,150,1,20270805,no_directional_penalty,6528,6617,1.3633578431372548,0.0,0.044837777777777775,15.999999999743997,0.757531113999903
ch150,150,1,20270805,no_persistence,6528,6631,1.5778186274509804,0.1865,0.28583000000000003,11.32897682999507,0.6782301459998052
ch150,150,1,20270805,no_local_search,6528,7113,8.961397058823529,0.0,0.034513333333333326,15.999999999743997,0.1590965509999478
ch150,150,2,20270806,full,6528,6662,2.0526960784313726,0.0,0.03966,15.999999999743997,0.7519157169999744
ch150,150,2,20270806,uniform_weights,6528,6625,1.485906862745098,0.01794444444444443,0.05494111111111111,15.999999999743997,0.757025411000086
ch150,150,2,20270806,no_directional_penalty,6528,6687,2.4356617647058822,0.0,0.04720111111111112,15.999999999743997,0.8122679379998772
ch150,150,2,20270806,no_persistence,6528,6611,1.2714460784313726,0.12494444444444447,0.26571333333333336,10.384349260774927,0.6827642250000281
ch150,150,2,20270806,no_local_search,6528,7113,8.961397058823529,0.0,0.03229777777777778,15.999999999743997,0.1568360019996362
ch150,150,3,20270807,full,6528,6646,1.8075980392156863,0.011666666666666655,0.06073666666666667,4.414881000187288,0.73706521899976
ch150,150,3,20270807,uniform_weights,6528,6645,1.7922794117647058,0.0016666666666666635,0.06153888888888888,15.999999999743997,0.7728558389999307
ch150,150,3,20270807,no_directional_penalty,6528,6607,1.210171568627451,0.011499999999999986,0.05436666666666665,2.394777746533375,0.7304567159999351
ch150,150,3,20270807,no_persistence,6528,6647,1.8229166666666667,0.14277777777777778,0.2764633333333333,10.616291052246298,0.6582435029999942
ch150,150,3,20270807,no_local_search,6528,7444,14.031862745098039,0.0,0.03697777777777778,15.999999999743997,0.1565100950001579
ch150,150,4,20270808,full,6528,6629,1.5471813725490196,0.011666666666666674,0.053255555555555556,14.899552100077011,0.7585051260002729
ch150,150,4,20270808,uniform_weights,6528,6606,1.1948529411764706,0.0,0.051609999999999996,15.999999999743997,0.8398042359999636
ch150,150,4,20270808,no_directional_penalty,6528,6611,1.2714460784313726,0.0,0.054178888888888894,15.999999999743997,1.7451325379997797
ch150,150,4,20270808,no_persistence,6528,6628,1.5318627450980393,0.17083333333333334,0.2724322222222222,7.837826500750918,0.7700611479999679
ch150,150,4,20270808,no_local_search,6528,7157,9.635416666666666,0.0,0.041769999999999995,15.999999999743997,0.18856956199988417
ch150,150,5,20270809,full,6528,6620,1.4093137254901962,0.0,0.04613444444444444,15.999999999743997,0.8565175829999134
ch150,150,5,20270809,uniform_weights,6528,6669,2.1599264705882355,0.02916666666666669,0.05559222222222222,15.999999999743997,0.9087988169999335
ch150,150,5,20270809,no_directional_penalty,6528,6691,2.496936274509804,0.0,0.044901111111111114,15.999999999743997,0.8344681029998355
ch150,150,5,20270809,no_persistence,6528,6616,1.3480392156862746,0.12288888888888888,0.23940111111111112,10.180971554703861,0.689541864000148
ch150,150,5,20270809,no_local_search,6528,7129,9.206495098039216,0.0,0.04054888888888888,15.999999999743997,0.18992071200000282
ch150,150,6,20270810,full,6528,6670,2.1752450980392157,0.0,0.047022222222222215,15.999999999743997,0.7401781660000779
ch150,150,6,20270810,uniform_weights,6528,6649,1.8535539215686274,0.0,0.04948888888888889,15.999999999743997,0.7702097259998482
ch150,150,6,20270810,no_directional_penalty,6528,6670,2.1752450980392157,0.0,0.04400444444444444,15.999999999743997,2.1033642180000243
ch150,150,6,20270810,no_persistence,6528,6667,2.1292892156862746,0.23427777777777778,0.30393222222222216,9.93792846128852,0.7487519090000205
ch150,150,6,20270810,no_local_search,6528,7129,9.206495098039216,0.0,0.03925888888888889,15.999999999743997,0.18053237699996316
ch150,150,7,20270811,full,6528,6558,0.45955882352941174,0.0,0.041903333333333334,15.999999999743997,0.882958187999975
ch150,150,7,20270811,uniform_weights,6528,6597,1.056985294117647,0.0,0.04969444444444445,15.999999999743997,0.8335964259999855
ch150,150,7,20270811,no_directional_penalty,6528,6608,1.2254901960784315,0.0,0.03959111111111111,15.999999999743997,0.751097173999824
ch150,150,7,20270811,no_persistence,6528,6649,1.8535539215686274,0.16477777777777777,0.27886222222222223,10.552891448318558,1.0911387339997418
ch150,150,7,20270811,no_local_search,6528,7140,9.375,0.0,0.038505555555555564,15.999999999743997,0.17954149399974995
ch150,150,8,20270812,full,6528,6671,2.190563725490196,0.015166666666666656,0.049098888888888886,14.182112605950682,0.8773732930003462
ch150,150,8,20270812,uniform_weights,6528,6684,2.389705882352941,0.006666666666666654,0.060038888888888885,15.999999999743997,0.7737972540003284
ch150,150,8,20270812,no_directional_penalty,6528,6634,1.6237745098039216,0.006999999999999987,0.050617777777777775,9.122062150182497,0.8139270279998527
ch150,150,8,20270812,no_persistence,6528,6724,3.002450980392157,0.18949999999999997,0.2691666666666667,13.816117773713518,0.6630395370002589
ch150,150,8,20270812,no_local_search,6528,7129,9.206495098039216,0.0,0.03704111111111111,15.999999999743997,0.16316725499973472
ch150,150,9,20270813,full,6528,6684,2.389705882352941,0.0,0.04982333333333333,15.999999999743997,0.7517948560002878
ch150,150,9,20270813,uniform_weights,6528,6684,2.389705882352941,0.0,0.05887444444444443,15.999999999743997,1.1300257449997844
ch150,150,9,20270813,no_directional_penalty,6528,6674,2.236519607843137,0.0,0.05666999999999999,15.999999999743997,1.4296002169999156
ch150,150,9,20270813,no_persistence,6528,6703,2.6807598039215685,0.04494444444444445,0.21440444444444445,13.11812816927637,1.4010273710000547
ch150,150,9,20270813,no_local_search,6528,7309,11.963848039215685,0.0,0.04237222222222222,15.999999999743997,0.4013819320002767
ch150,150,10,20270814,full,6528,6620,1.4093137254901962,0.0,0.04170444444444445,15.999999999743997,1.9004078910002136
ch150,150,10,20270814,uniform_weights,6528,6629,1.5471813725490196,0.0,0.04953888888888889,15.999999999743997,1.5743753189999552
ch150,150,10,20270814,no_directional_penalty,6528,6599,1.0876225490196079,0.0025000000000000022,0.04198333333333333,1.2860777578520806,0.8489629079999759
ch150,150,10,20270814,no_persistence,6528,6668,2.144607843137255,0.17205555555555554,0.24473,9.338039027154844,0.7821810899999946
ch150,150,10,20270814,no_local_search,6528,7140,9.375,0.0,0.02884555555555555,15.999999999743997,0.17571363400020346
ch150,150,11,20270815,full,6528,6579,0.78125,0.0,0.04292777777777778,15.999999999743997,0.7688477950000561
ch150,150,11,20270815,uniform_weights,6528,6661,2.0373774509803924,0.012499999999999995,0.04134777777777779,15.999999999743997,0.7468480359998466
ch150,150,11,20270815,no_directional_penalty,6528,6579,0.78125,0.0,0.04292777777777778,15.999999999743997,0.7597691440000744
ch150,150,11,20270815,no_persistence,6528,6625,1.485906862745098,0.1282777777777778,0.2525033333333333,11.643750775603513,0.6804386230001
ch150,150,11,20270815,no_local_search,6528,7140,9.375,0.0,0.03701444444444444,15.999999999743997,0.17682817700006126
ch150,150,12,20270816,full,6528,6816,4.411764705882353,0.0,0.045024444444444436,15.999999999743997,0.7722590149996904
ch150,150,12,20270816,uniform_weights,6528,6810,4.319852941176471,0.0,0.04151777777777777,15.999999999743997,0.7754733730002954
ch150,150,12,20270816,no_directional_penalty,6528,6810,4.319852941176471,0.0,0.03307888888888889,15.999999999743997,0.7415949109999929
ch150,150,12,20270816,no_persistence,6528,6825,4.549632352941177,0.05444444444444444,0.20962999999999998,13.013343660724923,0.6844182899999396
ch150,150,12,20270816,no_local_search,6528,7290,11.672794117647058,0.0025000000000000022,0.031085555555555554,15.999999999743997,0.14895574000001943
ch150,150,13,20270817,full,6528,6725,3.017769607843137,0.0,0.046144444444444446,15.999999999743997,0.7659385179999845
ch150,150,13,20270817,uniform_weights,6528,6705,2.7113970588235294,0.0,0.05300666666666667,15.999999999743997,0.7733608360003927
ch150,150,13,20270817,no_directional_penalty,6528,6688,2.450980392156863,0.015666666666666645,0.042539999999999994,6.28209803886804,0.8090901160003341
ch150,150,13,20270817,no_persistence,6528,6743,3.2935049019607843,0.16855555555555554,0.2681122222222222,13.013701064946213,0.6676012990001254
ch150,150,13,20270817,no_local_search,6528,7260,11.213235294117647,0.0,0.03793777777777778,15.999999999743997,0.16952291600000535
ch150,150,14,20270818,full,6528,6647,1.8229166666666667,0.019777777777777786,0.03701333333333334,3.049266021424125,0.7449456340000324
ch150,150,14,20270818,uniform_weights,6528,6645,1.7922794117647058,0.012166666666666675,0.051861111111111115,15.999999999743997,0.7581691350001165
ch150,150,14,20270818,no_directional_penalty,6528,6666,2.113970588235294,0.0031111111111111053,0.03426111111111112,15.999999999743997,0.7730076090001603
ch150,150,14,20270818,no_persistence,6528,6692,2.5122549019607843,0.17994444444444443,0.2863266666666667,9.90117587400735,0.6183757980002156
ch150,150,14,20270818,no_local_search,6528,7113,8.961397058823529,0.0,0.04409555555555556,15.999999999743997,0.16591764300028444
ch150,150,15,20270819,full,6528,6602,1.133578431372549,0.0,0.04943777777777778,15.999999999743997,0.7822692499998993
ch150,150,15,20270819,uniform_weights,6528,6672,2.2058823529411766,0.0,0.05044555555555555,15.999999999743997,0.7695494969998435
ch150,150,15,20270819,no_directional_penalty,6528,6606,1.1948529411764706,0.0,0.04325555555555556,15.999999999743997,0.7460696599996481
ch150,150,15,20270819,no_persistence,6528,6718,2.9105392156862746,0.1611111111111111,0.3003166666666667,9.170448609030064,0.5923188390001997
ch150,150,15,20270819,no_local_search,6528,7113,8.961397058823529,0.0,0.03228222222222222,15.999999999743997,0.16410806900012176
ch150,150,16,20270820,full,6528,6896,5.637254901960785,0.0,0.048341111111111106,15.999999999743997,0.7938837419997071
ch150,150,16,20270820,uniform_weights,6528,6646,1.8075980392156863,0.0,0.05539777777777778,15.999999999743997,0.7082388860003448
ch150,150,16,20270820,no_directional_penalty,6528,6740,3.247549019607843,0.005333333333333324,0.07452555555555555,15.999999999743997,0.7097088589998748
ch150,150,16,20270820,no_persistence,6528,6907,5.8057598039215685,0.1722777777777778,0.2887833333333333,8.220145616322924,0.6192954799998915
ch150,150,16,20270820,no_local_search,6528,7610,16.574754901960784,0.0,0.04642888888888889,15.999999999743997,0.1592734890000429
ch150,150,17,20270821,full,6528,6690,2.4816176470588234,0.0,0.04385,15.999999999743997,0.7196891809999215
ch150,150,17,20270821,uniform_weights,6528,6598,1.0723039215686274,0.015000000000000005,0.05904000000000001,15.999999999743997,0.7031013979999443
ch150,150,17,20270821,no_directional_penalty,6528,6684,2.389705882352941,0.0,0.039200000000000006,15.999999999743997,0.7286029679999046
ch150,150,17,20270821,no_persistence,6528,6716,2.8799019607843137,0.20133333333333334,0.2858911111111111,6.641267706690235,0.6264077779997024
ch150,150,17,20270821,no_local_search,6528,7309,11.963848039215685,0.0,0.03628333333333333,15.999999999743997,0.16098122999983389
ch150,150,18,20270822,full,6528,6788,3.982843137254902,0.0,0.03891666666666667,15.999999999743997,0.7178822509999918
ch150,150,18,20270822,uniform_weights,6528,6776,3.799019607843137,0.008000000000000007,0.0526211111111111,15.999999999743997,0.7025515710001855
ch150,150,18,20270822,no_directional_penalty,6528,6788,3.982843137254902,0.0,0.04079888888888889,15.999999999743997,0.72823977500002
ch150,150,18,20270822,no_persistence,6528,6814,4.381127450980392,0.19394444444444445,0.30361222222222223,7.975802184005013,0.6173302460001651
ch150,150,18,20270822,no_local_search,6528,7308,11.948529411764707,0.0,0.04657,15.999999999743997,0.1595047020000493
ch150,150,19,20270823,full,6528,6620,1.4093137254901962,0.0,0.03702333333333333,15.999999999743997,0.7397482700002911
ch150,150,19,20270823,uniform_weights,6528,6630,1.5625,0.0,0.04691555555555556,15.999999999743997,0.7470960649998233
ch150,150,19,20270823,no_directional_penalty,6528,6620,1.4093137254901962,0.0,0.036727777777777776,15.999999999743997,0.7498576159996446
ch150,150,19,20270823,no_persistence,6528,6659,2.0067401960784315,0.15016666666666667,0.2488377777777778,10.481801896230461,0.672996079999848
ch150,150,19,20270823,no_local_search,6528,7129,9.206495098039216,0.0,0.030273333333333333,15.999999999743997,0.1560306319997835
ch150,150,20,20270824,full,6528,6558,0.45955882352941174,0.02533333333333334,0.054223333333333325,4.187565977658984,0.804926682000314
ch150,150,20,20270824,uniform_weights,6528,6698,2.6041666666666665,0.0,0.051067777777777774,15.999999999743997,0.7814156659997025
ch150,150,20,20270824,no_directional_penalty,6528,6700,2.6348039215686274,0.0,0.04629777777777778,15.999999999743997,0.7585412189996532
ch150,150,20,20270824,no_persistence,6528,6771,3.7224264705882355,0.11561111111111112,0.25632777777777777,12.503200698077402,0.6358487219999915
ch150,150,20,20270824,no_local_search,6528,7260,11.213235294117647,0.0,0.03813888888888889,15.999999999743997,0.155168347000199
d493,493,1,20280805,full,35002,38602,10.285126564196332,0.002434077079107509,0.04902265043948614,14.034734140244533,2.1951305730003696
d493,493,1,20280805,uniform_weights,35002,38621,10.33940917661848,0.005138607167004738,0.05243272481406357,15.999999999743997,2.257563396000023
d493,493,1,20280805,no_directional_penalty,35002,38544,10.119421747328724,0.00757268424611226,0.05446889790398918,5.342968983913395,2.132877467000071
d493,493,1,20280805,no_persistence,35002,39347,12.413576367064739,0.05662609871534822,0.264657876943881,12.036655456297435,1.4158317609999358
d493,493,1,20280805,no_local_search,35002,41585,18.80749671447346,0.0,0.03221906693711968,15.999999999743997,0.4564265069998328
d493,493,2,20280806,full,35002,38593,10.25941374778584,0.0,0.05157944557133199,15.999999999743997,2.0903933710001183
d493,493,2,20280806,uniform_weights,35002,38958,11.302211302211303,0.011494252873563225,0.06563590263691683,15.999999999743997,2.0092199370001254
d493,493,2,20280806,no_directional_penalty,35002,39178,11.930746814467744,0.007048681541582154,0.05548073022312373,7.2008821572146395,2.008888816000308
d493,493,2,20280806,no_persistence,35002,41437,18.384663733500943,0.25434415145368494,0.33241007437457737,7.665020052122088,1.067401740999685
d493,493,2,20280806,no_local_search,35002,42502,21.42734700874236,0.0,0.04423360378634212,15.999999999743997,0.4383669120002196
d493,493,3,20280807,full,35002,37020,5.765384835152277,0.0,0.05320351588911427,15.999999999743997,2.96722303200022
d493,493,3,20280807,uniform_weights,35002,37028,5.788240671961602,0.0,0.06663015551048006,15.999999999743997,1.880906388999847
d493,493,3,20280807,no_directional_penalty,35002,36864,5.319696017370436,0.0,0.05562102772143341,15.999999999743997,1.9699455189997934
d493,493,3,20280807,no_persistence,35002,38697,10.556539626307067,0.18916497633536175,0.29685598377281947,7.590091889956351,1.164362859999983
d493,493,3,20280807,no_local_search,35002,41858,19.58745214559168,0.0,0.03680797836375929,15.999999999743997,0.4315234679997957
d493,493,4,20280808,full,35002,38829,10.933660933660933,0.00906017579445572,0.040331643002028406,14.314805410309894,2.2310672100002193
d493,493,4,20280808,uniform_weights,35002,37755,7.865264842009028,0.024645030425963485,0.05343035835023665,15.999999999743997,2.124921725999684
d493,493,4,20280808,no_directional_penalty,35002,37263,6.459630878235529,0.01913455037187289,0.04873529411764706,3.786259354247525,2.085638063999795
d493,493,4,20280808,no_persistence,35002,38164,9.033769498885778,0.05556118999323868,0.21756355645706557,4.8229122132634155,1.5243889210000816
d493,493,4,20280808,no_local_search,35002,41874,19.63316381921033,0.0,0.04508215010141989,15.999999999743997,0.44183523299989247
d493,493,5,20280809,full,35002,36816,5.182560996514485,0.004259634888438163,0.06769979716024341,15.999999999743997,1.9590541669999766
d493,493,5,20280809,uniform_weights,35002,38436,9.810867950402834,0.0,0.07871839080459771,15.999999999743997,1.925312744999701
d493,493,5,20280809,no_directional_penalty,35002,38652,10.427975544254615,0.0,0.06446754563894523,15.999999999743997,2.0856618629995864
d493,493,5,20280809,no_persistence,35002,38689,10.533683789497744,0.09203853955375255,0.3069006085192698,11.381122902926847,1.2049910040000213
d493,493,5,20280809,no_local_search,35002,42175,20.49311467916119,0.0,0.04019945909398242,15.999999999743997,0.4170890000000327
d493,493,6,20280810,full,35002,38567,10.185132278155534,0.0014705882352941144,0.04223698444895199,14.84874012887976,2.1334232639997026
d493,493,6,20280810,uniform_weights,35002,38609,10.305125421404492,0.0035835023664638217,0.05543137254901962,15.999999999743997,2.1866737700001977
d493,493,6,20280810,no_directional_penalty,35002,38609,10.305125421404492,0.002991886409736311,0.042896551724137935,12.32742699058286,2.1295080869999765
d493,493,6,20280810,no_persistence,35002,39003,11.430775384263756,0.15828262339418528,0.247869168356998,8.089493657940398,1.3253868030001286
d493,493,6,20280810,no_local_search,35002,41585,18.80749671447346,0.0,0.03166024340770791,15.999999999743997,0.4274986450000142
d493,493,7,20280811,full,35002,38403,9.716587623564367,0.0014198782961460414,0.0518363759296822,15.999999999743997,2.0652623450000647
d493,493,7,20280811,uniform_weights,35002,39178,11.930746814467744,0.0,0.06262237998647736,15.999999999743997,2.1284107039996343
d493,493,7,20280811,no_directional_penalty,35002,38209,9.162333580938233,0.0,0.05244557133198107,15.999999999743997,2.212152357999912
d493,493,7,20280811,no_persistence,35002,39634,13.23352951259928,0.13052738336713998,0.2923820148749155,8.37588956017464,1.8396890950002671
d493,493,7,20280811,no_local_search,35002,42216,20.610250842808984,0.0,0.03836477349560514,15.999999999743997,0.41330458799984626
d493,493,8,20280812,full,35002,36982,5.656819610307982,0.005848546315077764,0.053385733603786345,10.176533531946795,2.0203822940002283
d493,493,8,20280812,uniform_weights,35002,37013,5.745385977944117,0.0,0.0570155510480054,15.999999999743997,2.1568600549999246
d493,493,8,20280812,no_directional_penalty,35002,36482,4.2283298097251585,0.0015212981744421872,0.055236984448952,15.017358639269617,1.961892447000082
d493,493,8,20280812,no_persistence,35002,38546,10.125135706531056,0.052670723461798526,0.2109942528735632,14.087066954828757,1.6674706210001204
d493,493,8,20280812,no_local_search,35002,41820,19.478886920747385,0.0,0.035602772143340095,15.999999999743997,0.438109575999988
d493,493,9,20280813,full,35002,37232,6.371064510599394,0.0014198782961460535,0.0450740365111562,15.999999999743997,2.1745360509999045
d493,493,9,20280813,uniform_weights,35002,37078,5.931089652019884,0.01438471940500337,0.05755442866801894,15.999999999743997,3.801834310000231
d493,493,9,20280813,no_directional_penalty,35002,38482,9.942289012056454,0.0030425963488843744,0.039495605138607164,10.1045063283599,2.671140999000272
d493,493,9,20280813,no_persistence,35002,38518,10.045140277698417,0.04836037863421231,0.20153042596348886,12.90571590791621,2.833918973999971
d493,493,9,20280813,no_local_search,35002,40764,16.461916461916463,0.0,0.03636747802569304,15.999999999743997,0.5114287339997645
d493,493,10,20280814,full,35002,37136,6.096794468887492,0.0024340770791074994,0.05550845165652468,4.212226238805718,2.330240636000326
d493,493,10,20280814,uniform_weights,35002,37212,6.313924918576081,0.0,0.05591615956727519,15.999999999743997,2.3298612250000588
d493,493,10,20280814,no_directional_penalty,35002,38573,10.202274155762527,0.0010141987829614674,0.04858519269776876,15.999999999743997,4.776584502999867
d493,493,10,20280814,no_persistence,35002,38722,10.627964116336209,0.06710615280594998,0.2049530087897228,12.619137834232411,1.757603891999679
d493,493,10,20280814,no_local_search,35002,41536,18.667504714016342,0.0,0.031774509803921575,15.999999999743997,0.4443483320001178
d493,493,11,20280815,full,35002,37974,8.490943374664305,0.0,0.06203380662609872,15.999999999743997,1.9618027609999444
d493,493,11,20280815,uniform_weights,35002,38393,9.688017827552711,0.008502366463826924,0.07289384719405004,15.999999999743997,2.051656388000083
d493,493,11,20280815,no_directional_penalty,35002,38692,10.54225472830124,0.002265043948613944,0.06720791075050711,15.999999999743997,2.0613207299998066
d493,493,11,20280815,no_persistence,35002,40503,15.716244786012227,0.16490872210953347,0.289580121703854,9.264816865659032,1.026604577999933
d493,493,11,20280815,no_local_search,35002,42684,21.947317296154505,0.0,0.04142765382014875,15.999999999743997,0.41679826500012496
d493,493,12,20280816,full,35002,37877,8.213816353351238,0.0,0.05676335361730899,15.999999999743997,1.8810458759999165
d493,493,12,20280816,uniform_weights,35002,38492,9.97085880806811,0.0005070993914807337,0.05796281271129141,15.999999999743997,2.0093724119997205
d493,493,12,20280816,no_directional_penalty,35002,37958,8.445231701045655,0.008299526707234627,0.06181372549019609,14.767671923515811,2.0013615429998026
d493,493,12,20280816,no_persistence,35002,39499,12.847837266441918,0.188894523326572,0.3057822853279243,5.881487292972387,1.1594997029997103
d493,493,12,20280816,no_local_search,35002,43135,23.235815096280213,0.0,0.03641176470588235,15.999999999743997,0.45927916199980245
d493,493,13,20280817,full,35002,39630,13.222101594194617,0.0,0.055002704530087904,15.999999999743997,2.19414698699984
d493,493,13,20280817,uniform_weights,35002,38627,10.356551054225474,0.007065584854631509,0.076526369168357,15.999999999743997,4.277053290999902
d493,493,13,20280817,no_directional_penalty,35002,39143,11.830752528426947,0.0,0.0612525354969574,15.999999999743997,5.3041977060001955
d493,493,13,20280817,no_persistence,35002,40360,15.30769670304554,0.1746788370520622,0.32362271805273835,7.949286360898804,3.4068206780002583
d493,493,13,20280817,no_local_search,35002,43275,23.635792240443404,0.0,0.039498309668695074,15.999999999743997,0.7865667979999671
d493,493,14,20280818,full,35002,38614,10.31941031941032,0.003549695740365108,0.05583096686950642,6.17536353091183,3.9801825939998707
d493,493,14,20280818,uniform_weights,35002,38663,10.459402319867436,0.012880324543610563,0.06371399594320488,15.999999999743997,3.965733922000254
d493,493,14,20280818,no_directional_penalty,35002,38925,11.207930975372836,0.001774847870182561,0.052804259634888454,15.999999999743997,4.323090903999855
d493,493,14,20280818,no_persistence,35002,40235,14.950574252899834,0.20500338066260987,0.3005622041920216,7.142694085237159,2.473461871999916
d493,493,14,20280818,no_local_search,35002,41937,19.813153534083767,0.0,0.04067241379310345,15.999999999743997,0.9524864129998605
d493,493,15,20280819,full,35002,37948,8.416661905033997,0.002687626774847869,0.058900608519269794,1.2860777578520806,4.894060619000356
d493,493,15,20280819,uniform_weights,35002,37885,8.236672190160562,0.0,0.06997160243407709,15.999999999743997,4.089363137999953
d493,493,15,20280819,no_directional_penalty,35002,37201,6.282498142963259,0.021889790398918186,0.05924543610547668,2.409285704248062,3.8154053060002298
d493,493,15,20280819,no_persistence,35002,41943,19.83029541169076,0.2210446247464503,0.3153404327248141,6.162201816771617,1.772105702999852
d493,493,15,20280819,no_local_search,35002,42930,22.650134278041254,0.0,0.03960040567951318,15.999999999743997,0.7802137850003419
d493,493,16,20280820,full,35002,38598,10.273698645791669,0.002924273157538872,0.044417511832319144,4.212226238805718,4.44302339099977
d493,493,16,20280820,uniform_weights,35002,38725,10.636535055139706,0.0009465855307640362,0.059514874915483455,15.999999999743997,5.040899287000229
d493,493,16,20280820,no_directional_penalty,35002,38604,10.290840523398662,0.006524678837052061,0.04239080459770116,4.212226238805718,4.416732090000096
d493,493,16,20280820,no_persistence,35002,38758,10.730815381978173,0.17870182555780934,0.2769634888438134,8.305067609604315,1.5367652929999167
d493,493,16,20280820,no_local_search,35002,42224,20.633106679618308,0.0,0.037189993238674786,15.999999999743997,0.41765642600012143
d493,493,17,20280821,full,35002,38519,10.047997257299583,0.0,0.04994050033806627,15.999999999743997,2.1303933490003146
d493,493,17,20280821,uniform_weights,35002,38592,10.256556768184675,0.0022819472616632808,0.05365990534144694,15.999999999743997,2.1142606029998205
d493,493,17,20280821,no_directional_penalty,35002,38175,9.0651962744986,0.0022819472616632808,0.0465713319810683,1.2860777578520806,2.172086093999951
d493,493,17,20280821,no_persistence,35002,40759,16.447631563910633,0.2043103448275862,0.3196764705882353,7.008347666334947,1.0055896449998727
d493,493,17,20280821,no_local_search,35002,41710,19.164619164619165,0.0,0.03918728870858689,15.999999999743997,0.41708015999984127
d493,493,18,20280822,full,35002,37863,8.173818638934918,0.0012677484787018273,0.04889181879648412,15.017358639269617,2.170408688000407
d493,493,18,20280822,uniform_weights,35002,38256,9.296611622193018,0.0,0.05710919540229884,15.999999999743997,2.1949967460000153
d493,493,18,20280822,no_directional_penalty,35002,37915,8.322381578195532,0.0005070993914807337,0.0521551724137931,15.999999999743997,1.9288946570000007
d493,493,18,20280822,no_persistence,35002,39476,12.782126735615108,0.1753887762001352,0.2879509803921569,8.935489166253289,1.2043167540000468
d493,493,18,20280822,no_local_search,35002,41206,17.724701445631677,0.0,0.030928668018931713,15.999999999743997,0.4084424779998699
d493,493,19,20280823,full,35002,37723,7.773841494771728,0.0,0.07059837728194726,15.999999999743997,1.9053008959999715
d493,493,19,20280823,uniform_weights,35002,38104,8.862350722815838,0.0030425963488843744,0.061077755240027044,15.999999999743997,1.9910257860001366
d493,493,19,20280823,no_directional_penalty,35002,37906,8.29666876178504,0.0033468559837728147,0.060090263691683576,4.791214097621502,1.9961753469997348
d493,493,19,20280823,no_persistence,35002,37654,7.576709902291298,0.11058147396889793,0.24263015551048003,9.074502289559636,1.2991937710003185
d493,493,19,20280823,no_local_search,35002,40918,16.90189132049597,0.0,0.03805442866801893,15.999999999743997,0.421724309000183
d493,493,20,20280824,full,35002,37811,8.025255699674304,0.004259634888438163,0.052614604462474644,7.1574452171840655,2.0903740189996824
d493,493,20,20280824,uniform_weights,35002,37284,6.519627449860008,0.004563894523326581,0.05293238674780257,15.999999999743997,2.0473785770000177
d493,493,20,20280824,no_directional_penalty,35002,37244,6.405348265813382,0.00145368492224477,0.05156828938471941,15.999999999743997,2.245430552000016
d493,493,20,20280824,no_persistence,35002,39096,11.696474487172162,0.10314401622718054,0.2360496957403651,11.348018731542048,1.1969261639997058
d493,493,20,20280824,no_local_search,35002,41710,19.164619164619165,0.0,0.03934144692359702,15.999999999743997,0.43039891999978863
eil76,76,1,20290805,full,538,570,5.947955390334572,0.0,0.08495394736842105,15.999999999743997,0.4025192160002007
eil76,76,1,20290805,uniform_weights,538,544,1.1152416356877324,0.019736842105263164,0.11110745614035088,15.999999999743997,0.42559730299990406
eil76,76,1,20290805,no_directional_penalty,538,564,4.83271375464684,0.0,0.08707236842105262,15.999999999743997,0.42938451600002736
eil76,76,1,20290805,no_persistence,538,557,3.5315985130111525,0.2858552631578947,0.38088596491228066,8.455463126278671,0.4010337460003939
eil76,76,1,20290805,no_local_search,538,619,15.055762081784387,0.0,0.037581140350877194,15.999999999743997,0.1079000550003002
eil76,76,2,20290806,full,538,554,2.973977695167286,0.004934210526315791,0.08786622807017544,15.999999999743997,0.4292867340000157
eil76,76,2,20290806,uniform_weights,538,557,3.5315985130111525,0.021929824561403508,0.0705921052631579,15.999999999743997,0.41741724900020927
eil76,76,2,20290806,no_directional_penalty,538,544,1.1152416356877324,0.01578947368421053,0.10687280701754387,12.069552643689825,0.4086771309998767
eil76,76,2,20290806,no_persistence,538,549,2.0446096654275094,0.031250000000000014,0.28412061403508776,13.352302690017607,0.40590918799989595
eil76,76,2,20290806,no_local_search,538,605,12.453531598513012,0.0,0.045146929824561394,15.999999999743997,0.10547769599997991
eil76,76,3,20290807,full,538,555,3.159851301115242,0.019078947368421053,0.06451973684210527,12.69524457093138,0.43854200099985974
eil76,76,3,20290807,uniform_weights,538,559,3.903345724907063,0.012719298245614049,0.06378947368421053,15.999999999743997,0.39265178699997705
eil76,76,3,20290807,no_directional_penalty,538,560,4.089219330855019,0.006578947368421059,0.06700438596491229,15.999999999743997,0.40216228000008414
eil76,76,3,20290807,no_persistence,538,545,1.3011152416356877,0.29627192982456135,0.38536842105263164,5.127368697565864,0.3821652440001344
eil76,76,3,20290807,no_local_search,538,608,13.011152416356877,0.004934210526315791,0.04613157894736843,15.999999999743997,0.09975450499996441
eil76,76,4,20290808,full,538,551,2.41635687732342,0.0,0.05981798245614035,15.999999999743997,0.4128101169999354
eil76,76,4,20290808,uniform_weights,538,549,2.0446096654275094,0.0,0.10808552631578948,15.999999999743997,0.41539298599991525
eil76,76,4,20290808,no_directional_penalty,538,557,3.5315985130111525,0.004934210526315791,0.05444956140350877,15.017358639269617,0.39293725900006393
eil76,76,4,20290808,no_persistence,538,552,2.6022304832713754,0.28859649122807013,0.37347149122807016,10.1013245061629,0.3825614760003191
eil76,76,4,20290808,no_local_search,538,656,21.933085501858734,0.0,0.0416469298245614,15.999999999743997,0.12079148399971018
eil76,76,5,20290809,full,538,553,2.7881040892193307,0.0,0.06002850877192982,15.999999999743997,0.40533783299997594
eil76,76,5,20290809,uniform_weights,538,568,5.5762081784386615,0.0,0.07301535087719296,15.999999999743997,0.4108184130000154
eil76,76,5,20290809,no_directional_penalty,538,568,5.5762081784386615,0.0,0.05413815789473684,15.999999999743997,0.4172725480002555
eil76,76,5,20290809,no_persistence,538,563,4.646840148698884,0.20021929824561405,0.39588596491228073,10.767163019866539,0.3843794300000809
eil76,76,5,20290809,no_local_search,538,624,15.985130111524164,0.004934210526315791,0.04914912280701755,15.017358639269617,0.10999711700014814
eil76,76,6,20290810,full,538,554,2.973977695167286,0.0094298245614035,0.08295833333333333,15.999999999743997,0.4385534100001678
eil76,76,6,20290810,uniform_weights,538,561,4.275092936802974,0.052631578947368425,0.12369736842105261,15.999999999743997,0.40158032299996194
eil76,76,6,20290810,no_directional_penalty,538,555,3.159851301115242,0.006578947368421059,0.07578070175438598,15.999999999743997,0.4285547569998016
eil76,76,6,20290810,no_persistence,538,554,2.973977695167286,0.212280701754386,0.38850000000000007,11.207708241082168,0.4157083110003441
eil76,76,6,20290810,no_local_search,538,639,18.773234200743495,0.0,0.0406030701754386,15.999999999743997,0.11149752300025284
eil76,76,7,20290811,full,538,545,1.3011152416356877,0.026206140350877212,0.05434868421052632,5.193554931442372,0.43767644599984123
eil76,76,7,20290811,uniform_weights,538,553,2.7881040892193307,0.04364035087719301,0.08753070175438596,15.999999999743997,0.4178872570000749
eil76,76,7,20290811,no_directional_penalty,538,550,2.2304832713754648,0.012061403508771917,0.06311842105263156,15.999999999743997,0.43100593899998785
eil76,76,7,20290811,no_persistence,538,551,2.41635687732342,0.3366228070175438,0.4085438596491228,8.07894946628298,0.4014075100003538
eil76,76,7,20290811,no_local_search,538,607,12.825278810408921,0.0,0.043103070175438594,15.999999999743997,0.1064975780000168
eil76,76,8,20290812,full,538,557,3.5315985130111525,0.03234649122807018,0.12452192982456141,14.137241113001071,0.4298820590001924
eil76,76,8,20290812,uniform_weights,538,552,2.6022304832713754,0.043092105263157904,0.10073026315789474,15.999999999743997,0.4746668650000174
eil76,76,8,20290812,no_directional_penalty,538,559,3.903345724907063,0.018969298245614035,0.1219671052631579,15.999999999743997,0.4450410509998619
eil76,76,8,20290812,no_persistence,538,556,3.345724907063197,0.3018640350877193,0.38479166666666664,9.737197533048585,0.4353490039998178
eil76,76,8,20290812,no_local_search,538,630,17.100371747211895,0.0,0.05447368421052632,15.999999999743997,0.10594446999994034
eil76,76,9,20290813,full,538,563,4.646840148698884,0.00855263157894736,0.06952412280701754,15.999999999743997,0.4217132600001605
eil76,76,9,20290813,uniform_weights,538,566,5.204460966542751,0.01348684210526315,0.07951973684210525,15.999999999743997,0.42057830300018395
eil76,76,9,20290813,no_directional_penalty,538,565,5.018587360594796,0.012061403508771917,0.1037061403508772,15.999999999743997,0.4163524700002199
eil76,76,9,20290813,no_persistence,538,558,3.717472118959108,0.18201754385964913,0.33382236842105273,13.25783500565366,0.41354641599991737
eil76,76,9,20290813,no_local_search,538,642,19.33085501858736,0.0,0.0374890350877193,15.999999999743997,0.11584232899986091
eil76,76,10,20290814,full,538,559,3.903345724907063,0.0,0.08421271929824563,15.999999999743997,0.4364344619998519
eil76,76,10,20290814,uniform_weights,538,567,5.390334572490707,0.02083333333333334,0.09625877192982456,15.999999999743997,0.41267190200005643
eil76,76,10,20290814,no_directional_penalty,538,558,3.717472118959108,0.0,0.09262280701754387,15.999999999743997,0.4483700340001633
eil76,76,10,20290814,no_persistence,538,554,2.973977695167286,0.20789473684210524,0.34597807017543863,9.305958123302,0.4124782270000651
eil76,76,10,20290814,no_local_search,538,631,17.286245353159853,0.0,0.04331578947368422,15.999999999743997,0.11122797000007267
eil76,76,11,20290815,full,538,541,0.5576208178438662,0.0,0.062438596491228064,15.999999999743997,0.5407145289996151
eil76,76,11,20290815,uniform_weights,538,541,0.5576208178438662,0.0,0.09500438596491229,15.999999999743997,0.48707693699998345
eil76,76,11,20290815,no_directional_penalty,538,551,2.41635687732342,0.028070175438596506,0.0723311403508772,15.999999999743997,0.4331451449997985
eil76,76,11,20290815,no_persistence,538,555,3.159851301115242,0.21414473684210525,0.34325219298245613,10.809895577314384,0.40683714299984786
eil76,76,11,20290815,no_local_search,538,611,13.568773234200744,0.0032894736842105227,0.03858991228070175,15.999999999743997,0.15701371700015443
eil76,76,12,20290816,full,538,558,3.717472118959108,0.0,0.06873684210526315,15.999999999743997,0.5420246490002683
eil76,76,12,20290816,uniform_weights,538,553,2.7881040892193307,0.0,0.07828070175438598,15.999999999743997,0.4337829020000754
eil76,76,12,20290816,no_directional_penalty,538,561,4.275092936802974,0.01578947368421053,0.06181140350877192,15.999999999743997,0.42657884799973544
eil76,76,12,20290816,no_persistence,538,549,2.0446096654275094,0.08815789473684209,0.3053245614035088,9.248006432219258,0.38974132700013797
eil76,76,12,20290816,no_local_search,538,608,13.011152416356877,0.0,0.04067105263157894,15.999999999743997,0.11469697499978793
eil76,76,13,20290817,full,538,551,2.41635687732342,0.0,0.06403728070175438,15.999999999743997,0.42837443500002337
eil76,76,13,20290817,uniform_weights,538,547,1.6728624535315986,0.0,0.0626140350877193,15.999999999743997,0.4095913570004086
eil76,76,13,20290817,no_directional_penalty,538,547,1.6728624535315986,0.009210526315789476,0.064140350877193,15.999999999743997,0.41258053999990807
eil76,76,13,20290817,no_persistence,538,551,2.41635687732342,0.15307017543859647,0.3106206140350878,11.265192971679612,0.41126450299998396
eil76,76,13,20290817,no_local_search,538,618,14.869888475836431,0.0,0.042432017543859654,15.999999999743997,0.10498134999988906
eil76,76,14,20290818,full,538,544,1.1152416356877324,0.02072368421052632,0.06673026315789475,9.122062150182497,0.43158155899982376
eil76,76,14,20290818,uniform_weights,538,557,3.5315985130111525,0.0,0.08582675438596493,15.999999999743997,0.435161314999732
eil76,76,14,20290818,no_directional_penalty,538,559,3.903345724907063,0.00855263157894736,0.07598464912280702,15.999999999743997,0.403213372999744
eil76,76,14,20290818,no_persistence,538,554,2.973977695167286,0.15756578947368421,0.30016447368421056,13.24917871553801,0.42132742900002995
eil76,76,14,20290818,no_local_search,538,642,19.33085501858736,0.0,0.04571052631578948,15.999999999743997,0.1082691420001538
eil76,76,15,20290819,full,538,556,3.345724907063197,0.0,0.07944956140350878,15.999999999743997,0.4363532040001701
eil76,76,15,20290819,uniform_weights,538,557,3.5315985130111525,0.0,0.0743421052631579,15.999999999743997,0.4347799790002682
eil76,76,15,20290819,no_directional_penalty,538,548,1.858736059479554,0.0,0.06977850877192983,15.999999999743997,0.4389637640001638
eil76,76,15,20290819,no_persistence,538,553,2.7881040892193307,0.1300438596491228,0.29084210526315796,8.945650898630912,0.42552419799994823
eil76,76,15,20290819,no_local_search,538,608,13.011152416356877,0.0,0.029353070175438596,15.999999999743997,0.1130697980001969
eil76,76,16,20290820,full,538,549,2.0446096654275094,0.01315789473684209,0.06117324561403507,15.999999999743997,0.4384811330000957
eil76,76,16,20290820,uniform_weights,538,563,4.646840148698884,0.0,0.062144736842105266,15.999999999743997,0.43298536899965256
eil76,76,16,20290820,no_directional_penalty,538,557,3.5315985130111525,0.0,0.06432017543859649,15.999999999743997,0.42653514499988887
eil76,76,16,20290820,no_persistence,538,554,2.973977695167286,0.2069078947368421,0.35119736842105254,10.065464896796684,0.38525475699998424
eil76,76,16,20290820,no_local_search,538,606,12.639405204460967,0.0,0.044065789473684204,15.999999999743997,0.10916735199998584
eil76,76,17,20290821,full,538,554,2.973977695167286,0.0,0.05437938596491228,15.999999999743997,0.42416677700020955
eil76,76,17,20290821,uniform_weights,538,542,0.7434944237918215,0.013815789473684196,0.0818004385964912,15.999999999743997,0.4063315429998511
eil76,76,17,20290821,no_directional_penalty,538,550,2.2304832713754648,0.015789473684210534,0.06490350877192981,15.999999999743997,0.43563573400024325
eil76,76,17,20290821,no_persistence,538,549,2.0446096654275094,0.2540570175438596,0.373842105263158,10.742413267444627,0.4222769100001642
eil76,76,17,20290821,no_local_search,538,624,15.985130111524164,0.02280701754385965,0.047760964912280705,12.069552643689825,0.10567437899999277
eil76,76,18,20290822,full,538,554,2.973977695167286,0.040570175438596506,0.07694736842105264,11.08700796334962,0.4171873609998329
eil76,76,18,20290822,uniform_weights,538,549,2.0446096654275094,0.06798245614035088,0.09076535087719301,15.999999999743997,0.4418295219998072
eil76,76,18,20290822,no_directional_penalty,538,553,2.7881040892193307,0.019736842105263164,0.07611842105263159,6.17536353091183,0.4072196729998723
eil76,76,18,20290822,no_persistence,538,553,2.7881040892193307,0.11831140350877192,0.30503728070175434,13.331528973405177,0.4148610079996615
eil76,76,18,20290822,no_local_search,538,612,13.754646840148698,0.0,0.03850219298245614,15.999999999743997,0.11141295700008413
eil76,76,19,20290823,full,538,553,2.7881040892193307,0.032346491228070186,0.08072587719298246,4.402696909172565,0.4243766469999173
eil76,76,19,20290823,uniform_weights,538,553,2.7881040892193307,0.01633771929824561,0.07486842105263157,15.999999999743997,0.4945623280000291
eil76,76,19,20290823,no_directional_penalty,538,544,1.1152416356877324,0.0,0.0901688596491228,15.999999999743997,0.5235816290000912
eil76,76,19,20290823,no_persistence,538,562,4.4609665427509295,0.3080043859649123,0.3997171052631579,9.985459668366687,0.42185620100008236
eil76,76,19,20290823,no_local_search,538,623,15.799256505576208,0.0180921052631579,0.04272587719298246,11.08700796334962,0.11292110100021091
eil76,76,20,20290824,full,538,562,4.4609665427509295,0.0032894736842105227,0.06479824561403509,15.999999999743997,0.42651666400024624
eil76,76,20,20290824,uniform_weights,538,557,3.5315985130111525,0.0180921052631579,0.08039912280701753,15.999999999743997,0.4259821020000345
eil76,76,20,20290824,no_directional_penalty,538,557,3.5315985130111525,0.004934210526315791,0.05550219298245614,15.017358639269617,0.40847086499979923
eil76,76,20,20290824,no_persistence,538,551,2.41635687732342,0.2919956140350877,0.35848903508771934,5.4151731466195185,0.40931376200023806
eil76,76,20,20290824,no_local_search,538,608,13.011152416356877,0.0,0.033785087719298244,15.999999999743997,0.10808656700010033
kroA100,100,1,20300805,full,21282,21474,0.9021708486044545,0.0,0.04425833333333333,15.999999999743997,0.5325653330000932
kroA100,100,1,20300805,uniform_weights,21282,21373,0.42759139178648625,0.016000000000000014,0.06307166666666668,15.999999999743997,0.530122436000056
kroA100,100,1,20300805,no_directional_penalty,21282,21373,0.42759139178648625,0.0,0.06563333333333335,15.999999999743997,0.5292199979999168
kroA100,100,1,20300805,no_persistence,21282,21857,2.7018137393102153,0.11975000000000001,0.249115,7.067006241900718,0.49892398300016794
kroA100,100,1,20300805,no_local_search,21282,26155,22.89728408984118,0.0,0.03899166666666667,15.999999999743997,0.1282497889997103
kroA100,100,2,20300806,full,21282,21570,1.3532562729066817,0.017500000000000016,0.034855,2.5362340717448517,0.7038623460002782
kroA100,100,2,20300806,uniform_weights,21282,21292,0.04698806503148201,0.0,0.050844999999999994,15.999999999743997,0.5311838749998969
kroA100,100,2,20300806,no_directional_penalty,21282,21639,1.6774739216239076,0.0,0.04622999999999999,15.999999999743997,0.5496557569999823
kroA100,100,2,20300806,no_persistence,21282,21458,0.8269899445540833,0.12508333333333332,0.26497166666666666,10.843231225192469,0.5020919490002598
kroA100,100,2,20300806,no_local_search,21282,25594,20.26125364157504,0.0,0.042471666666666665,15.999999999743997,0.12856103700005406
kroA100,100,3,20300807,full,21282,22292,4.745794568179682,0.0,0.045088333333333334,15.999999999743997,0.5322027830002298
kroA100,100,3,20300807,uniform_weights,21282,22292,4.745794568179682,0.0,0.04499333333333334,15.999999999743997,0.5344951030001539
kroA100,100,3,20300807,no_directional_penalty,21282,22292,4.745794568179682,0.0,0.0452,15.999999999743997,0.5415214100003141
kroA100,100,3,20300807,no_persistence,21282,21427,0.6813269429564891,0.07016666666666667,0.22739500000000004,14.347396348123699,0.5180851000000075
kroA100,100,3,20300807,no_local_search,21282,25489,19.76787895874448,0.0,0.04203666666666667,15.999999999743997,0.14816616799998883
kroA100,100,4,20300808,full,21282,21476,0.9115684616107509,0.0,0.036646666666666675,15.999999999743997,0.5596383639999658
kroA100,100,4,20300808,uniform_weights,21282,21353,0.33361526172352224,0.0037500000000000033,0.04706333333333334,15.999999999743997,0.5556504339997446
kroA100,100,4,20300808,no_directional_penalty,21282,21458,0.8269899445540833,0.0,0.052675,15.999999999743997,0.5608157910000955
kroA100,100,4,20300808,no_persistence,21282,21353,0.33361526172352224,0.1640833333333333,0.25948333333333334,7.962588934161047,0.510947768999813
kroA100,100,4,20300808,no_local_search,21282,25943,21.90113711117376,0.0,0.038545,15.999999999743997,0.14513790599994536
kroA100,100,5,20300809,full,21282,21600,1.4942204680011277,0.0,0.055356666666666686,15.999999999743997,0.5335960350003006
kroA100,100,5,20300809,uniform_weights,21282,21870,2.762898223851142,0.016083333333333335,0.05937333333333334,15.999999999743997,0.5332742210002834
kroA100,100,5,20300809,no_directional_penalty,21282,21624,1.6069918240766845,0.0,0.06184,15.999999999743997,0.5299642469999526
kroA100,100,5,20300809,no_persistence,21282,21515,1.0948219152335308,0.14533333333333331,0.30273,12.663203802913662,0.49506634799990934
kroA100,100,5,20300809,no_local_search,21282,25869,21.553425429940795,0.0,0.04438,15.999999999743997,0.12811000800002148
kroA100,100,6,20300810,full,21282,21782,2.3494032515741003,0.01625,0.038845000000000005,14.064116200934212,0.5949145509998743
kroA100,100,6,20300810,uniform_weights,21282,21365,0.3900009397613006,0.017083333333333346,0.05135333333333334,15.999999999743997,0.5641143949997058
kroA100,100,6,20300810,no_directional_penalty,21282,21309,0.1268677755850014,0.0,0.04565500000000001,15.999999999743997,0.7127574460000687
kroA100,100,6,20300810,no_persistence,21282,21782,2.3494032515741003,0.10983333333333332,0.26578833333333335,11.530824829442226,1.0390616509998836
kroA100,100,6,20300810,no_local_search,21282,25525,19.937035992857815,0.0,0.047225,15.999999999743997,0.12078289900000527
kroA100,100,7,20300811,full,21282,21385,0.48397706982426464,0.0,0.045735,15.999999999743997,0.5274801870000374
kroA100,100,7,20300811,uniform_weights,21282,21385,0.48397706982426464,0.0,0.051366666666666665,15.999999999743997,0.545247577000282
kroA100,100,7,20300811,no_directional_penalty,21282,21385,0.48397706982426464,0.0,0.045873333333333335,15.999999999743997,0.5405943539999498
kroA100,100,7,20300811,no_persistence,21282,21558,1.2968705948689032,0.09125,0.28239333333333333,11.647155737204175,0.48123094900029173
kroA100,100,7,20300811,no_local_search,21282,26224,23.221501738558405,0.0,0.044678333333333334,15.999999999743997,0.1301425750002636
kroA100,100,8,20300812,full,21282,21865,2.739404191335401,0.0,0.041490000000000006,15.999999999743997,0.5498650240001552
kroA100,100,8,20300812,uniform_weights,21282,21292,0.04698806503148201,0.0,0.050828333333333336,15.999999999743997,0.5544650940000793
kroA100,100,8,20300812,no_directional_penalty,21282,21880,2.8098862888826237,0.025000000000000022,0.041941666666666676,10.1045063283599,0.5586936519998744
kroA100,100,8,20300812,no_persistence,21282,21850,2.668922093788178,0.15616666666666668,0.28797833333333334,9.642824618287314,0.4988795019999088
kroA100,100,8,20300812,no_local_search,21282,26155,22.89728408984118,0.0,0.041003333333333336,15.999999999743997,0.1287557249997917
kroA100,100,9,20300813,full,21282,21484,0.9491589136359365,0.04841666666666665,0.050760000000000007,7.217899854536387,0.5371289629997591
kroA100,100,9,20300813,uniform_weights,21282,21646,1.710365567145945,0.01874999999999999,0.05946666666666666,15.999999999743997,0.5200886359998549
kroA100,100,9,20300813,no_directional_penalty,21282,21651,1.733859599661686,0.028750000000000022,0.05235333333333334,8.915043923970233,0.5544809719999648
kroA100,100,9,20300813,no_persistence,21282,21356,0.3477116812329668,0.06858333333333334,0.20831166666666667,6.6420721460044225,0.5164543910000248
kroA100,100,9,20300813,no_local_search,21282,26432,24.19885349121323,0.0,0.03532833333333334,15.999999999743997,0.13720429500017417
kroA100,100,10,20300814,full,21282,21383,0.47457945681796826,0.021333333333333353,0.037201666666666675,8.139697081453662,0.5883862460000273
kroA100,100,10,20300814,uniform_weights,21282,21769,2.2883187670331737,0.0,0.04501,15.999999999743997,0.5725264100001368
kroA100,100,10,20300814,no_directional_penalty,21282,21460,0.8363875575603796,0.0,0.035818333333333334,15.999999999743997,0.5431521049999901
kroA100,100,10,20300814,no_persistence,21282,21367,0.399398552767597,0.12508333333333332,0.253695,10.42068763706612,0.5448584609998761
kroA100,100,10,20300814,no_local_search,21282,26131,22.784512733765624,0.0,0.04463333333333334,15.999999999743997,0.1344256829997903
kroA100,100,11,20300815,full,21282,21501,1.0290386241894558,0.0,0.052085000000000006,15.999999999743997,0.5543874639997739
kroA100,100,11,20300815,uniform_weights,21282,21296,0.06578329104407481,0.0,0.04675833333333333,15.999999999743997,0.5400111109997852
kroA100,100,11,20300815,no_directional_penalty,21282,21904,2.9226576449581807,0.016250000000000014,0.04379166666666667,13.052130405637165,0.5472304040004019
kroA100,100,11,20300815,no_persistence,21282,21356,0.3477116812329668,0.03333333333333334,0.20187999999999998,12.645561649296821,0.5385068430000501
kroA100,100,11,20300815,no_local_search,21282,25473,19.69269805469411,0.0,0.04676,15.999999999743997,0.12495656300006885
kroA100,100,12,20300816,full,21282,21880,2.8098862888826237,0.0,0.03499000000000001,15.999999999743997,0.5528955079998923
kroA100,100,12,20300816,uniform_weights,21282,21519,1.1136171412461235,0.0,0.04304666666666667,15.999999999743997,0.5480334829999265
kroA100,100,12,20300816,no_directional_penalty,21282,21292,0.04698806503148201,0.0,0.04098166666666667,15.999999999743997,0.5706435050001346
kroA100,100,12,20300816,no_persistence,21282,21346,0.3007236162014848,0.0050000000000000044,0.17636000000000002,15.017358639269617,0.5196600610001951
kroA100,100,12,20300816,no_local_search,21282,25757,21.027159101588197,0.0,0.03628166666666667,15.999999999743997,0.1336572520003756
kroA100,100,13,20300817,full,21282,21480,0.9303636876233436,0.0,0.06289833333333333,15.999999999743997,0.5384519960002763
kroA100,100,13,20300817,uniform_weights,21282,21383,0.47457945681796826,0.020000000000000018,0.05884333333333333,15.999999999743997,0.53876252200007
kroA100,100,13,20300817,no_directional_penalty,21282,21916,2.979043322995959,0.0,0.04527833333333334,15.999999999743997,0.5568556499997612
kroA100,100,13,20300817,no_persistence,21282,21723,2.0721736678883564,0.14875000000000002,0.25656,13.618430817990497,0.48843304199999693
kroA100,100,13,20300817,no_local_search,21282,26263,23.404755192181184,0.0,0.03522666666666667,15.999999999743997,0.13286383299964655
kroA100,100,14,20300818,full,21282,21387,0.493374682830561,0.0,0.05589833333333334,15.999999999743997,0.528248855000129
kroA100,100,14,20300818,uniform_weights,21282,21599,1.4895216614979796,0.0,0.06217666666666667,15.999999999743997,0.5403508940003121
kroA100,100,14,20300818,no_directional_penalty,21282,21383,0.47457945681796826,0.018666666666666668,0.07167666666666668,14.089186948842388,0.5246151270002883
kroA100,100,14,20300818,no_persistence,21282,21458,0.8269899445540833,0.08616666666666664,0.20463,12.8219037048777,0.5104229969997505
kroA100,100,14,20300818,no_local_search,21282,25607,20.322338126115966,0.0,0.04833166666666667,15.999999999743997,0.14081765699984317
kroA100,100,15,20300819,full,21282,21792,2.396391316605582,0.0,0.030388333333333337,15.999999999743997,0.5582620499999393
kroA100,100,15,20300819,uniform_weights,21282,21792,2.396391316605582,0.0,0.039255000000000005,15.999999999743997,0.5934596359998068
kroA100,100,15,20300819,no_directional_penalty,21282,21792,2.396391316605582,0.0,0.031190000000000006,15.999999999743997,0.6733691230001568
kroA100,100,15,20300819,no_persistence,21282,21346,0.3007236162014848,0.01575000000000001,0.17634166666666673,12.48544428782263,0.5080805249999685
kroA100,100,15,20300819,no_local_search,21282,26133,22.79391034677192,0.0,0.03617,15.999999999743997,0.12705884199976936
kroA100,100,16,20300820,full,21282,21652,1.738558406164834,0.0,0.05580333333333334,15.999999999743997,0.5427679720000924
kroA100,100,16,20300820,uniform_weights,21282,21551,1.2639789493468658,0.007000000000000006,0.06170333333333334,15.999999999743997,0.5829399859999285
kroA100,100,16,20300820,no_directional_penalty,21282,21652,1.738558406164834,0.0,0.04512666666666666,15.999999999743997,0.5559111380002832
kroA100,100,16,20300820,no_persistence,21282,21484,0.9491589136359365,0.12758333333333333,0.2766466666666667,12.331889872674912,0.49072014600005787
kroA100,100,16,20300820,no_local_search,21282,26263,23.404755192181184,0.0,0.04758833333333334,15.999999999743997,0.1256870069996694
kroA100,100,17,20300821,full,21282,21480,0.9303636876233436,0.0,0.04431833333333334,15.999999999743997,0.5234304440000415
kroA100,100,17,20300821,uniform_weights,21282,21523,1.1324123672587163,0.0,0.053451666666666675,15.999999999743997,0.5359348709998812
kroA100,100,17,20300821,no_directional_penalty,21282,21620,1.5881965980640917,0.024750000000000015,0.04274,12.983508242402685,0.5494951119999314
kroA100,100,17,20300821,no_persistence,21282,21490,0.9773517526548257,0.07958333333333334,0.2372466666666667,11.595321564081013,0.5186873559996457
kroA100,100,17,20300821,no_local_search,21282,26137,22.812705572784512,0.0,0.041756666666666664,15.999999999743997,0.13686841199978517
kroA100,100,18,20300822,full,21282,21855,2.692416126303919,0.0,0.040241666666666676,15.999999999743997,0.5582704910002576
kroA100,100,18,20300822,uniform_weights,21282,21605,1.5177145005168686,0.0,0.04805000000000001,15.999999999743997,0.5579089579996435
kroA100,100,18,20300822,no_directional_penalty,21282,21870,2.762898223851142,0.0,0.03599666666666667,15.999999999743997,0.5573794470001303
kroA100,100,18,20300822,no_persistence,21282,21461,0.8410863640635279,0.12225,0.23102166666666665,7.914825312552038,0.5395048289997249
kroA100,100,18,20300822,no_local_search,21282,25582,20.20486796353726,0.009166666666666675,0.03873000000000001,11.08700796334962,0.14370735300008164
kroA100,100,19,20300823,full,21282,22288,4.7269993421670895,0.0,0.043706666666666665,15.999999999743997,0.5850713859999814
kroA100,100,19,20300823,uniform_weights,21282,21356,0.3477116812329668,0.0,0.043223333333333336,15.999999999743997,0.553559366999707
kroA100,100,19,20300823,no_directional_penalty,21282,21356,0.3477116812329668,0.0,0.048226666666666675,15.999999999743997,0.5615338600000541
kroA100,100,19,20300823,no_persistence,21282,22201,4.3182031763931965,0.08833333333333332,0.23693666666666666,10.540868349917332,0.5071482289999949
kroA100,100,19,20300823,no_local_search,21282,24662,15.881965980640917,0.0,0.040895,15.999999999743997,0.14204519100030666
kroA100,100,20,20300824,full,21282,21369,0.40879616577389344,0.0,0.04173500000000001,15.999999999743997,0.551399532999767
kroA100,100,20,20300824,uniform_weights,21282,21515,1.0948219152335308,0.009333333333333341,0.05246666666666666,15.999999999743997,0.5524273600003653
kroA100,100,20,20300824,no_directional_penalty,21282,21515,1.0948219152335308,0.01833333333333335,0.04143333333333334,5.193554931442373,0.9357631409998248
kroA100,100,20,20300824,no_persistence,21282,21383,0.47457945681796826,0.07133333333333332,0.21563333333333332,9.85041805074066,0.7283543830003509
kroA100,100,20,20300824,no_local_search,21282,25126,18.062212198101683,0.0,0.040006666666666676,15.999999999743997,0.1451566030000322
lin318,318,1,20310805,full,42029,45546,8.368031597230484,0.0,0.04854559748427674,15.999999999743997,1.629816011999992
lin318,318,1,20310805,uniform_weights,42029,45740,8.829617644959432,0.0,0.05771907756813418,15.999999999743997,1.4139626409996708
lin318,318,1,20310805,no_directional_penalty,42029,45574,8.434652263913012,0.0,0.044388888888888894,15.999999999743997,1.5183093390000977
lin318,318,1,20310805,no_persistence,42029,45686,8.701134930643127,0.039072327044025155,0.22874371069182386,14.020462228194798,1.1311014020002403
lin318,318,1,20310805,no_local_search,42029,50409,19.938613814271097,0.0,0.03572536687631027,15.999999999743997,0.29353271300033157
lin318,318,2,20310806,full,42029,45220,7.592376692283899,0.0,0.047582285115303984,15.999999999743997,1.5665908080000008
lin318,318,2,20310806,uniform_weights,42029,44975,7.009445858811773,0.0011792452830188677,0.054978511530398316,15.999999999743997,2.1687104790003104
lin318,318,2,20310806,no_directional_penalty,42029,44850,6.71203216826477,0.0,0.047191823899371065,15.999999999743997,1.5234640369999397
lin318,318,2,20310806,no_persistence,42029,44931,6.9047562397392275,0.06952306079664569,0.2344250524109015,10.245674958441251,2.769737196999813
lin318,318,2,20310806,no_local_search,42029,51360,22.201337171952698,0.0,0.031002620545073377,15.999999999743997,0.31824435299995457
lin318,318,3,20310807,full,42029,44807,6.6097218587166005,0.0,0.054465932914046125,15.999999999743997,1.4252607729999909
lin318,318,3,20310807,uniform_weights,42029,44530,5.950653120464441,0.0,0.07122222222222224,15.999999999743997,1.4221713130000353
lin318,318,3,20310807,no_directional_penalty,42029,44223,5.220205096481001,0.0,0.059352725366876316,15.999999999743997,1.4047237369995855
lin318,318,3,20310807,no_persistence,42029,45481,8.213376478146042,0.06975890985324945,0.22234329140461218,10.747647545218344,1.0897800329998972
lin318,318,3,20310807,no_local_search,42029,49201,17.064407908824858,0.0,0.03673427672955975,15.999999999743997,0.29650923100007276
lin318,318,4,20310808,full,42029,45909,9.23172095457898,0.0,0.05803773584905661,15.999999999743997,1.5253129729999273
lin318,318,4,20310808,uniform_weights,42029,45637,8.584548763948701,0.0,0.05783647798742138,15.999999999743997,1.580667034000271
lin318,318,4,20310808,no_directional_penalty,42029,44244,5.270170596492898,0.004952830188679244,0.06691928721174005,4.2634479427558505,1.5186838349995924
lin318,318,4,20310808,no_persistence,42029,46734,11.194651312189203,0.1664832285115304,0.2733134171907757,10.461702678663492,0.9717472429997542
lin318,318,4,20310808,no_local_search,42029,51115,21.618406338480572,0.0,0.040057127882599575,15.999999999743997,0.3097408390003693
lin318,318,5,20310809,full,42029,46227,9.988341383330557,0.0,0.05003197064989518,15.999999999743997,1.5626203639999403
lin318,318,5,20310809,uniform_weights,42029,45838,9.062789978348283,0.006132075471698112,0.05568343815513627,15.999999999743997,1.530128497000078
lin318,318,5,20310809,no_directional_penalty,42029,45701,8.736824573508768,0.0,0.0547353249475891,15.999999999743997,1.616860197999813
lin318,318,5,20310809,no_persistence,42029,44711,6.381308144376502,0.1031970649895178,0.2627924528301887,12.27415392457935,1.1183214759998918
lin318,318,5,20310809,no_local_search,42029,51419,22.341716433890884,0.0,0.04598218029350105,15.999999999743997,0.29093152399991595
lin318,318,6,20310810,full,42029,44823,6.647790811106617,0.0,0.05948846960167715,15.999999999743997,1.393821054
lin318,318,6,20310810,uniform_weights,42029,44806,6.607342549192224,0.0,0.06860744234800839,15.999999999743997,1.3823782220001704
lin318,318,6,20310810,no_directional_penalty,42029,44506,5.893549691879417,0.0,0.05743867924528301,15.999999999743997,1.4140694110001277
lin318,318,6,20310810,no_persistence,42029,45748,8.84865212115444,0.030555555555555548,0.23111111111111107,11.383537225241552,1.2798743549997198
lin318,318,6,20310810,no_local_search,42029,49826,18.551476361559875,0.0,0.04061058700209644,15.999999999743997,0.31143062699993607
lin318,318,7,20310811,full,42029,44370,5.569963596564277,0.02023060796645702,0.05052410901467505,6.4191380887395155,1.4436176710000836
lin318,318,7,20310811,uniform_weights,42029,44623,6.171928906231412,0.007389937106918237,0.0623422431865828,15.999999999743997,1.526853150000079
lin318,318,7,20310811,no_directional_penalty,42029,44999,7.066549287396797,0.007285115303983227,0.0501766247379455,11.091285653552866,2.689263278999988
lin318,318,7,20310811,no_persistence,42029,45729,8.803445240191296,0.1604035639412998,0.295372641509434,11.202228440879411,7.3291283260000455
lin318,318,7,20310811,no_local_search,42029,50494,20.14085512384306,0.0,0.03573689727463312,15.999999999743997,1.1890862519999246
lin318,318,8,20310812,full,42029,44638,6.207618549097052,0.0,0.05389203354297695,15.999999999743997,1.8874892059998274
lin318,318,8,20310812,uniform_weights,42029,45345,7.889790382830903,0.0,0.0584140461215933,15.999999999743997,2.1092713390003155
lin318,318,8,20310812,no_directional_penalty,42029,44795,6.581170144424088,0.012159329140461214,0.05711058700209644,4.584937207780525,1.7665746220000074
lin318,318,8,20310812,no_persistence,42029,44530,5.950653120464441,0.07494758909853247,0.27194392033542975,10.200103194744083,1.353017029000057
lin318,318,8,20310812,no_local_search,42029,49789,18.46344190915796,0.0,0.04463469601677149,15.999999999743997,0.33706013799974244
lin318,318,9,20310813,full,42029,44105,4.93944657260463,0.008909853249475888,0.057150943396226415,5.894207743303362,1.9027204170001824
lin318,318,9,20310813,uniform_weights,42029,44574,6.055342739536987,0.007704402515723269,0.062416142557652,15.999999999743997,2.134128201000294
lin318,318,9,20310813,no_directional_penalty,42029,43880,4.404101929620024,0.00691823899371069,0.05792557651991614,4.733727503133758,1.9865260730002774
lin318,318,9,20310813,no_persistence,42029,44953,6.9571010492755,0.11907756813417189,0.2871027253668763,12.868916910809226,1.0944709940004032
lin318,318,9,20310813,no_local_search,42029,51204,21.83016488615004,0.0,0.040781446540880506,15.999999999743997,0.3075767420000375
lin318,318,10,20310814,full,42029,46471,10.568892907278308,0.005896226415094338,0.047632075471698114,10.241356039242433,1.5593455609996454
lin318,318,10,20310814,uniform_weights,42029,45583,8.456066049632396,0.013967505241090142,0.065103249475891,15.999999999743997,1.5204175320000104
lin318,318,10,20310814,no_directional_penalty,42029,46429,10.468961907254515,0.00621069182389937,0.049620020964360585,1.637294573077647,1.7543231409999862
lin318,318,10,20310814,no_persistence,42029,46779,11.301720240786123,0.15691823899371068,0.27131132075471703,10.213931035649326,1.5100905599997532
lin318,318,10,20310814,no_local_search,42029,51164,21.734992505174997,0.0,0.041747379454926625,15.999999999743997,0.4546442430000752
lin318,318,11,20310815,full,42029,45014,7.102238930262438,0.001965408805031446,0.050223794549266246,1.2860777578520806,1.7941836710001553
lin318,318,11,20310815,uniform_weights,42029,44821,6.6430321920578645,0.003668763102725366,0.06082599580712787,15.999999999743997,2.03892858800009
lin318,318,11,20310815,no_directional_penalty,42029,44793,6.576411525375336,0.003668763102725366,0.05163784067085953,2.253944141208888,1.4399518320001334
lin318,318,11,20310815,no_persistence,42029,45417,8.061100668585976,0.07332285115303981,0.24916614255765202,14.213307918026823,1.1468264230002205
lin318,318,11,20310815,no_local_search,42029,49755,18.382545385329177,0.0,0.04087840670859538,15.999999999743997,0.30962189499996384
lin318,318,12,20310816,full,42029,44326,5.465273977491732,0.0,0.049974842767295594,15.999999999743997,1.4436093959998288
lin318,318,12,20310816,uniform_weights,42029,44171,5.096481001213448,0.0,0.06291037735849056,15.999999999743997,1.4467118910001773
lin318,318,12,20310816,no_directional_penalty,42029,43976,4.632515643960123,0.0,0.05403039832285115,15.999999999743997,1.441578662000211
lin318,318,12,20310816,no_persistence,42029,44315,5.439101572723596,0.08852201257861633,0.22835482180293504,12.504260709899032,1.0890465269999368
lin318,318,12,20310816,no_local_search,42029,49281,17.25475267077494,0.0,0.038333857442348004,15.999999999743997,0.29595293400006994
lin318,318,13,20310817,full,42029,44134,5.008446548811535,0.0,0.05537421383647798,15.999999999743997,1.409391861000131
lin318,318,13,20310817,uniform_weights,42029,44118,4.970377596421518,0.009381551362683435,0.06499947589098533,15.999999999743997,1.4146090839999488
lin318,318,13,20310817,no_directional_penalty,42029,44700,6.355135739608365,0.0,0.06593501048218028,15.999999999743997,1.3697730010003397
lin318,318,13,20310817,no_persistence,42029,46506,10.652168740631469,0.09599056603773584,0.2525089098532495,11.531070169052658,1.1327583420002156
lin318,318,13,20310817,no_local_search,42029,51358,22.196578552903947,0.0,0.039196540880503145,15.999999999743997,0.29648552499975267
lin318,318,14,20310818,full,42029,44447,5.753170429941231,0.0,0.05363102725366877,15.999999999743997,1.4768333890001486
lin318,318,14,20310818,uniform_weights,42029,44492,5.860239358538152,0.0,0.06472641509433963,15.999999999743997,1.5662483820001398
lin318,318,14,20310818,no_directional_penalty,42029,44927,6.895239001641723,0.0,0.053376834381551365,15.999999999743997,1.4767565170000125
lin318,318,14,20310818,no_persistence,42029,45994,9.433962264150944,0.11213312368972746,0.2451404612159329,10.750144441728528,1.2438885569999911
lin318,318,14,20310818,no_local_search,42029,51115,21.618406338480572,0.0,0.039146750524109014,15.999999999743997,0.3205247429996234
lin318,318,15,20310819,full,42029,44194,5.1512051202740965,0.005241090146750523,0.059275157232704385,13.124325950439461,1.54314855299981
lin318,318,15,20310819,uniform_weights,42029,44857,6.728687334935402,0.005948637316561843,0.08398951781970652,15.999999999743997,1.3895551440000418
lin318,318,15,20310819,no_directional_penalty,42029,45723,8.78916938304504,0.0,0.05539308176100628,15.999999999743997,1.4083437469998898
lin318,318,15,20310819,no_persistence,42029,47343,12.643650812534203,0.15652515723270438,0.26994968553459114,9.971609156740831,1.0379027630001474
lin318,318,15,20310819,no_local_search,42029,51562,22.681957695876658,0.0,0.032064989517819706,15.999999999743997,0.3114784390004388
lin318,318,16,20310820,full,42029,45354,7.911204168550286,0.0,0.047150943396226414,15.999999999743997,1.4936589769999955
lin318,318,16,20310820,uniform_weights,42029,46602,10.880582454971567,0.011268343815513624,0.05982180293501048,15.999999999743997,1.4748013210000863
lin318,318,16,20310820,no_directional_penalty,42029,45940,9.305479549834638,0.0,0.04851310272536688,15.999999999743997,1.6163771729998189
lin318,318,16,20310820,no_persistence,42029,45592,8.477479835351781,0.0535377358490566,0.21180765199161425,12.898938069430981,1.592477271000007
lin318,318,16,20310820,no_local_search,42029,50960,21.24961336220229,0.0,0.028857442348008383,15.999999999743997,0.2967068040002232
lin318,318,17,20310821,full,42029,45500,8.258583359109187,0.00511006289308176,0.05297327044025157,14.091929318262954,1.4671834619998663
lin318,318,17,20310821,uniform_weights,42029,46495,10.625996335863332,0.0,0.06325471698113208,15.999999999743997,1.4071791459996348
lin318,318,17,20310821,no_directional_penalty,42029,45294,7.768445597087725,0.021069182389937102,0.053824423480083865,8.6712026397919,1.4179680490001374
lin318,318,17,20310821,no_persistence,42029,45380,7.973066216184064,0.04984276729559747,0.2840393081761006,12.547092380365257,1.1112362079998093
lin318,318,17,20310821,no_local_search,42029,51360,22.201337171952698,0.0,0.03042610062893082,15.999999999743997,0.3009321409999757
lin318,318,18,20310822,full,42029,44543,5.98158414428133,0.0,0.055468553459119496,15.999999999743997,1.4276883359998465
lin318,318,18,20310822,uniform_weights,42029,45166,7.463893977967594,0.0,0.06264727463312368,15.999999999743997,1.3598717959998794
lin318,318,18,20310822,no_directional_penalty,42029,44897,6.823859715910443,0.0,0.048897798742138364,15.999999999743997,1.4591610889997355
lin318,318,18,20310822,no_persistence,42029,48522,15.448856741773538,0.20110062893081762,0.3240718029350105,10.078274591572159,0.8129806079996342
lin318,318,18,20310822,no_local_search,42029,50117,19.2438554331533,0.0,0.036572851153039834,15.999999999743997,0.30149185699974623
lin318,318,19,20310823,full,42029,44621,6.1671702871826595,0.0,0.05942767295597484,15.999999999743997,1.4149197599999752
lin318,318,19,20310823,uniform_weights,42029,45709,8.755859049703776,0.01352201257861635,0.055997903563941305,15.999999999743997,1.4164818469998863
lin318,318,19,20310823,no_directional_penalty,42029,45851,9.093721002165172,0.004979035639412997,0.042982704402515705,10.475276484164043,1.5175104680001823
lin318,318,19,20310823,no_persistence,42029,47401,12.781650764948012,0.13590146750524107,0.2685146750524109,12.391906298184947,1.0530915620001906
lin318,318,19,20310823,no_local_search,42029,49755,18.382545385329177,0.0,0.0356766247379455,15.999999999743997,0.29483904699964114
lin318,318,20,20310824,full,42029,45080,7.259273358871256,0.0,0.059940775681341714,15.999999999743997,1.599543838000045
lin318,318,20,20310824,uniform_weights,42029,45711,8.760617668752529,0.0,0.05614255765199161,15.999999999743997,1.5857373940002617
lin318,318,20,20310824,no_directional_penalty,42029,45464,8.17292821623165,0.0,0.058733752620545074,15.999999999743997,1.5329998440001873
lin318,318,20,20310824,no_persistence,42029,46615,10.911513478788455,0.19271488469601675,0.28638417190775683,9.162331845284905,1.003493024999898
lin318,318,20,20310824,no_local_search,42029,51125,21.642199433724333,0.0,0.036139412997903554,15.999999999743997,0.2967966780001916
pcb442,442,1,20320805,full,50778,53669,5.693410532120209,0.004751131221719466,0.05347021116138764,14.034734140244533,1.844300609000129
pcb442,442,1,20320805,uniform_weights,50778,54578,7.483555870652645,0.0,0.05200829562594267,15.999999999743997,1.8544420409998565
pcb442,442,1,20320805,no_directional_penalty,50778,54557,7.442199377683249,0.0,0.0584128959276018,15.999999999743997,1.7854902640001455
pcb442,442,1,20320805,no_persistence,50778,56854,11.965811965811966,0.20067873303167422,0.2621904223227753,6.466439424776832,1.202696812999875
pcb442,442,1,20320805,no_local_search,50778,60646,19.433612982000078,0.0,0.03934351432880844,15.999999999743997,0.3927948919999835
pcb442,442,2,20320806,full,50778,54190,6.719445429122849,0.0,0.05440723981900452,15.999999999743997,1.8208566919997793
pcb442,442,2,20320806,uniform_weights,50778,53742,5.837173579109063,0.0,0.0638080693815988,15.999999999743997,1.847983894999743
pcb442,442,2,20320806,no_directional_penalty,50778,53990,6.325574067509551,0.0011312217194570096,0.056989441930618404,15.999999999743997,1.9302741139999853
pcb442,442,2,20320806,no_persistence,50778,53355,5.075032494387333,0.12728129713423833,0.2562149321266968,8.28349621474127,1.2494326400001228
pcb442,442,2,20320806,no_local_search,50778,60105,18.36819094883611,0.0031108597285067763,0.03279072398190045,11.08700796334962,0.3907978339998408
pcb442,442,3,20320807,full,50778,54635,7.595809208712435,0.0,0.0409947209653092,15.999999999743997,2.7220248160001574
pcb442,442,3,20320807,uniform_weights,50778,54413,7.158611997321675,0.001414027149321262,0.05677564102564101,15.999999999743997,2.181163783000102
pcb442,442,3,20320807,no_directional_penalty,50778,54752,7.826223955256213,0.0,0.039899321266968324,15.999999999743997,1.9847580209998341
pcb442,442,3,20320807,no_persistence,50778,55084,8.480050415534286,0.12153092006033184,0.2236957013574661,10.011418076378412,1.2793688730002941
pcb442,442,3,20320807,no_local_search,50778,60121,18.399700657765173,0.0,0.02895286576168929,15.999999999743997,0.3980240999999296
pcb442,442,4,20320808,full,50778,54253,6.843514908031037,0.0010558069381598756,0.0476579939668175,15.999999999743997,1.893024306999905
pcb442,442,4,20320808,uniform_weights,50778,54878,8.07436291307259,0.010633484162895938,0.05724358974358973,15.999999999743997,2.0065654150002956
pcb442,442,4,20320808,no_directional_penalty,50778,54473,7.276773405805664,0.0005656108597285048,0.047920814479638016,15.999999999743997,1.8438791190001211
pcb442,442,4,20320808,no_persistence,50778,54900,8.117688762850053,0.11687405731523379,0.2277138009049774,10.291141117629145,1.3468708699997478
pcb442,442,4,20320808,no_local_search,50778,60125,18.40757808499744,0.0,0.03640196078431372,15.999999999743997,0.3786518070000966
pcb442,442,5,20320809,full,50778,53630,5.616605616605616,0.006315987933634975,0.0512002262443439,3.301798222000198,1.9115847279999798
pcb442,442,5,20320809,uniform_weights,50778,54002,6.349206349206349,0.0,0.056053167420814475,15.999999999743997,1.9191400409999915
pcb442,442,5,20320809,no_directional_penalty,50778,53753,5.858836503997794,0.00774886877828056,0.048538461538461544,12.264481819673456,1.8584550420000596
pcb442,442,5,20320809,no_persistence,50778,57196,12.639331994170703,0.19385369532428356,0.28105052790346907,7.21191536247952,1.1220613619998403
pcb442,442,5,20320809,no_local_search,50778,60449,19.045649690810983,0.0,0.04154298642533936,15.999999999743997,0.38581858399993507
pcb442,442,6,20320810,full,50778,55247,8.801055575249123,0.0005656108597285048,0.04828280542986425,15.999999999743997,1.91097835499977
pcb442,442,6,20320810,uniform_weights,50778,54841,8.00149671117413,0.0031108597285067763,0.04798793363499245,15.999999999743997,1.8963134549999268
pcb442,442,6,20320810,no_directional_penalty,50778,54461,7.253141124108866,0.004110105580693807,0.04976018099547511,2.253944141208888,1.978674157000114
pcb442,442,6,20320810,no_persistence,50778,54970,8.255543739414707,0.16957013574660634,0.24505165912518856,7.71138012652206,1.3680370969996147
pcb442,442,6,20320810,no_local_search,50778,60121,18.399700657765173,0.0,0.030271493212669684,15.999999999743997,0.9530755240002691
pcb442,442,7,20320811,full,50778,54214,6.766709992516444,0.0,0.05437028657616893,15.999999999743997,2.050803954999992
pcb442,442,7,20320811,uniform_weights,50778,54810,7.94044665012407,0.0019796380090497806,0.05787028657616894,15.999999999743997,1.9210933879999175
pcb442,442,7,20320811,no_directional_penalty,50778,54153,6.646579227224389,0.004223227752639528,0.05466553544494721,2.253944141208888,1.9084067569997387
pcb442,442,7,20320811,no_persistence,50778,55925,10.1362794911182,0.17313348416289592,0.28593929110105587,8.494996118577333,1.1088709320001726
pcb442,442,7,20320811,no_local_search,50778,60589,19.32135964394029,0.0,0.029815987933634987,15.999999999743997,0.3874216479998722
pcb442,442,8,20320812,full,50778,53217,4.803261254874158,0.001414027149321262,0.04719909502262443,1.2860777578520806,2.4714913729999353
pcb442,442,8,20320812,uniform_weights,50778,53308,4.9824727244082085,0.0,0.05258974358974358,15.999999999743997,2.153728663000038
pcb442,442,8,20320812,no_directional_penalty,50778,53013,4.401512466028595,0.005674962292609331,0.04736500754147812,9.198093059841865,2.2049057510002967
pcb442,442,8,20320812,no_persistence,50778,53925,6.19756587498523,0.15592006033182504,0.22625000000000003,6.6653718292261495,1.4426368589997765
pcb442,442,8,20320812,no_local_search,50778,59138,16.46382291543582,0.0,0.036470965309200604,15.999999999743997,0.47619656099959684
pcb442,442,9,20320813,full,50778,54340,7.014848950332821,0.00550527903469078,0.046472096530920055,7.630795747913739,2.1264791769999647
pcb442,442,9,20320813,uniform_weights,50778,54200,6.739138997203513,0.0011312217194570096,0.05239253393665158,15.999999999743997,2.026222211000004
pcb442,442,9,20320813,no_directional_penalty,50778,54846,8.011343495214463,0.0034690799396681626,0.04839479638009049,15.999999999743997,1.9417365999997855
pcb442,442,9,20320813,no_persistence,50778,53615,5.587065264484619,0.17236048265460027,0.23996153846153845,12.308052092020151,1.2207010480001372
pcb442,442,9,20320813,no_local_search,50778,59683,17.537122375832052,0.0,0.02826470588235294,15.999999999743997,0.3830118779997065
pcb442,442,10,20320814,full,50778,55014,8.342195438969632,0.002262443438914019,0.05181184012066365,15.999999999743997,2.381845204000001
pcb442,442,10,20320814,uniform_weights,50778,54340,7.014848950332821,0.01187782805429865,0.051839366515837086,15.999999999743997,2.0030119749999358
pcb442,442,10,20320814,no_directional_penalty,50778,54808,7.936507936507937,0.002073906485671184,0.051875942684766224,15.999999999743997,2.609996481000053
pcb442,442,10,20320814,no_persistence,50778,55820,9.92949702627122,0.19800150829562593,0.25762330316742077,9.18975122959084,1.3077025000002322
pcb442,442,10,20320814,no_local_search,50778,60100,18.358344164795778,0.0,0.03285294117647059,15.999999999743997,0.39999815200008015
pcb442,442,11,20320815,full,50778,54228,6.794280987829375,0.0,0.04864781297134239,15.999999999743997,1.9241602040001453
pcb442,442,11,20320815,uniform_weights,50778,53651,5.6579621095750126,0.0,0.0634762443438914,15.999999999743997,1.8822681309998188
pcb442,442,11,20320815,no_directional_penalty,50778,54335,7.005002166292489,0.0,0.04980920060331824,15.999999999743997,2.0029175710001255
pcb442,442,11,20320815,no_persistence,50778,58904,16.00299342234826,0.197737556561086,0.24897662141779786,6.1441577866517605,1.1861824930001603
pcb442,442,11,20320815,no_local_search,50778,60646,19.433612982000078,0.0,0.030088235294117652,15.999999999743997,0.40936793799983207
pcb442,442,12,20320816,full,50778,54953,8.222064673677577,0.0,0.048082579185520356,15.999999999743997,2.579729488999874
pcb442,442,12,20320816,uniform_weights,50778,57070,12.391193036354327,0.008107088989441928,0.05182956259426848,15.999999999743997,2.0531427529999746
pcb442,442,12,20320816,no_directional_penalty,50778,56236,10.748749458426877,0.004128959276018088,0.05095475113122173,9.188190970341093,1.9228148930001225
pcb442,442,12,20320816,no_persistence,50778,56826,11.910669975186105,0.15556184012066365,0.2231885369532428,9.002975626142076,1.179533642000024
pcb442,442,12,20320816,no_local_search,50778,61660,21.430540785379495,0.0,0.0299841628959276,15.999999999743997,0.4117748499998015
pcb442,442,13,20320817,full,50778,53193,4.755996691480562,0.005316742081447945,0.04523717948717948,8.585097363430455,1.9365695779997623
pcb442,442,13,20320817,uniform_weights,50778,53426,5.2148568277600535,0.0,0.048439668174962286,15.999999999743997,1.8607163890001175
pcb442,442,13,20320817,no_directional_penalty,50778,53426,5.2148568277600535,0.0,0.04366365007541478,15.999999999743997,1.943836035000004
pcb442,442,13,20320817,no_persistence,50778,54580,7.487494584268778,0.15384615384615385,0.2487077677224736,11.647820678482587,1.0913258539999333
pcb442,442,13,20320817,no_local_search,50778,58950,16.09358383551932,0.0,0.029513197586726995,15.999999999743997,0.36662519099991187
pcb442,442,14,20320818,full,50778,54077,6.4969081098113355,0.008634992458521847,0.044552036199095015,6.349471507399488,1.9960496799999419
pcb442,442,14,20320818,uniform_weights,50778,53674,5.703257316160542,0.00595776772247361,0.05937179487179486,15.999999999743997,1.9483015630003138
pcb442,442,14,20320818,no_directional_penalty,50778,53573,5.504352278545827,0.0,0.042472850678733035,15.999999999743997,2.0607872109999334
pcb442,442,14,20320818,no_persistence,50778,54268,6.873055260152034,0.10211161387631977,0.20625565610859728,10.23496560154152,1.3700720249998994
pcb442,442,14,20320818,no_local_search,50778,59750,17.669069281972508,0.0,0.03665950226244343,15.999999999743997,0.42626407099987773
pcb442,442,15,20320819,full,50778,54118,6.577651738942062,0.0,0.04746493212669682,15.999999999743997,1.953099948000272
pcb442,442,15,20320819,uniform_weights,50778,55041,8.395368072787427,0.0,0.05605957767722474,15.999999999743997,2.6466852859998653
pcb442,442,15,20320819,no_directional_penalty,50778,54784,7.889243373114341,0.0,0.047933634992458514,15.999999999743997,2.224678995999966
pcb442,442,15,20320819,no_persistence,50778,56201,10.67982197014455,0.12038084464555053,0.24133295625942686,9.226997087094846,1.2129030330002024
pcb442,442,15,20320819,no_local_search,50778,60271,18.695104178975146,0.0,0.03447699849170437,15.999999999743997,0.39494598700002825
pcb442,442,16,20320820,full,50778,54947,8.210248532829178,0.0,0.054001131221719456,15.999999999743997,2.0102977600004124
pcb442,442,16,20320820,uniform_weights,50778,55460,9.220528575367284,0.0005656108597285048,0.057602564102564105,15.999999999743997,2.292197312999633
pcb442,442,16,20320820,no_directional_penalty,50778,55488,9.275670565993147,0.0010558069381598756,0.05234125188536954,15.999999999743997,2.0980447840001943
pcb442,442,16,20320820,no_persistence,50778,57290,12.824451534128954,0.13041101055806942,0.26516365007541476,8.115223202337225,1.7890471850000722
pcb442,442,16,20320820,no_local_search,50778,60412,18.972783488912523,0.0,0.03220399698340875,15.999999999743997,0.41228123200016853
pcb442,442,17,20320821,full,50778,54804,7.928630509275671,0.0005656108597285048,0.04352262443438914,15.999999999743997,2.1187120569998115
pcb442,442,17,20320821,uniform_weights,50778,54877,8.072393556264524,0.0,0.05055241327300151,15.999999999743997,2.1157113469998876
pcb442,442,17,20320821,no_directional_penalty,50778,54578,7.483555870652645,0.0,0.04514291101055806,15.999999999743997,2.0600393220001934
pcb442,442,17,20320821,no_persistence,50778,56701,11.664500374177793,0.14008295625942685,0.23859389140271495,8.726220820466608,1.0992017609996765
pcb442,442,17,20320821,no_local_search,50778,60445,19.037772263578717,0.0,0.03527224736048266,15.999999999743997,0.38575564299981124
pcb442,442,18,20320822,full,50778,54581,7.489463941076845,0.0005656108597285048,0.05372737556561086,15.999999999743997,1.8426670859998922
pcb442,442,18,20320822,uniform_weights,50778,54377,7.087715152231281,0.0,0.05251093514328808,15.999999999743997,1.9913371669999833
pcb442,442,18,20320822,no_directional_penalty,50778,53659,5.673716964039545,0.005637254901960791,0.05869155354449473,14.086524048137669,2.2470824980000543
pcb442,442,18,20320822,no_persistence,50778,55328,8.960573476702509,0.12911010558069383,0.2511674208144796,10.36491074795527,1.194683423999777
pcb442,442,18,20320822,no_local_search,50778,59788,17.743904840679033,0.0,0.034497360482654595,15.999999999743997,0.548475442000381
pcb442,442,19,20320823,full,50778,55731,9.754224270353303,0.0,0.04335444947209654,15.999999999743997,2.251193678999698
pcb442,442,19,20320823,uniform_weights,50778,55055,8.422939068100359,0.018985671191553546,0.052990950226244345,15.999999999743997,1.957466917000147
pcb442,442,19,20320823,no_directional_penalty,50778,55707,9.706959706959706,0.0039592760180995334,0.04464894419306185,6.17536353091183,2.332141820999823
pcb442,442,19,20320823,no_persistence,50778,55923,10.132340777502067,0.13585972850678735,0.2552941176470588,10.0286578225237,1.2583664139997381
pcb442,442,19,20320823,no_local_search,50778,61873,21.850013785497655,0.0,0.029618778280542983,15.999999999743997,0.40437440799996693
pcb442,442,20,20320824,full,50778,55816,9.921619599038953,0.0,0.04468288084464555,15.999999999743997,1.9900732040000548
pcb442,442,20,20320824,uniform_weights,50778,53869,6.087281893733507,0.0010558069381598756,0.056789215686274507,15.999999999743997,1.9229336919997877
pcb442,442,20,20320824,no_directional_penalty,50778,53977,6.299972429004687,0.0008484162895927572,0.05092873303167421,1.2860777578520806,1.9359413859997403
pcb442,442,20,20320824,no_persistence,50778,55949,10.183544054511797,0.16319758672699847,0.23943401206636503,9.120088387689226,1.3661644249996243
pcb442,442,20,20320824,no_local_search,50778,61968,22.037102682263974,0.0,0.03152564102564103,15.999999999743997,0.3930449280001085
pr439,439,1,20330805,full,107217,120966,12.823526119925011,0.0,0.046230827638572516,15.999999999743997,1.9260688619997381
pr439,439,1,20330805,uniform_weights,107217,121730,13.536099685684173,0.0,0.04967843583902809,15.999999999743997,1.9462631070000498
pr439,439,1,20330805,no_directional_penalty,107217,122595,14.342874730686365,0.006264236902050108,0.04457630979498862,14.128588071670977,1.9536910260003424
pr439,439,1,20330805,no_persistence,107217,119941,11.867521008795247,0.060611237661351555,0.19576499620349277,13.128868803204261,1.526278628
pr439,439,1,20330805,no_local_search,107217,131687,22.822873238385704,0.0,0.03216932422171602,15.999999999743997,0.3979067949999262
pr439,439,2,20330806,full,107217,117358,9.45838812874824,0.006909643128321937,0.053954441913439635,12.470071856326701,1.945831922999787
pr439,439,2,20330806,uniform_weights,107217,116314,8.484661947265826,0.0,0.055136674259681086,15.999999999743997,1.9593749690002369
pr439,439,2,20330806,no_directional_penalty,107217,117902,9.965770353581988,0.0,0.05296697038724373,15.999999999743997,2.2646864210000786
pr439,439,2,20330806,no_persistence,107217,116820,8.956602031394276,0.09164768413059983,0.24383143507972665,10.589879492351066,1.2240042319999702
pr439,439,2,20330806,no_local_search,107217,129058,20.37083671432702,0.0,0.03541685649202733,15.999999999743997,0.3851284150000538
pr439,439,3,20330807,full,107217,123937,15.594541910331383,0.0,0.040525056947608204,15.999999999743997,2.5480987149999237
pr439,439,3,20330807,uniform_weights,107217,124935,16.525364447802122,0.0,0.04615451784358391,15.999999999743997,2.031573230000049
pr439,439,3,20330807,no_directional_penalty,107217,115900,8.09852915116073,0.0,0.05244457099468489,15.999999999743997,2.7188062889999856
pr439,439,3,20330807,no_persistence,107217,121861,13.658281802326124,0.11119969627942293,0.22732953682612,12.929237768867528,2.055326390999653
pr439,439,3,20330807,no_local_search,107217,131459,22.610220394153913,0.0,0.029711845102505696,15.999999999743997,0.3854390669998793
pr439,439,4,20330808,full,107217,121823,13.622839661620825,0.0,0.046694760820045554,15.999999999743997,2.5492447710003034
pr439,439,4,20330808,uniform_weights,107217,124059,15.70832983575366,0.0,0.04720235383447229,15.999999999743997,2.513306396999724
pr439,439,4,20330808,no_directional_penalty,107217,124139,15.782944868817445,0.0,0.04433523158694001,15.999999999743997,1.9195152329998564
pr439,439,4,20330808,no_persistence,107217,123200,14.90715091823125,0.1012338648443432,0.20386712224753223,13.41456174945903,1.5127396360003331
pr439,439,4,20330808,no_local_search,107217,133748,24.745143027691505,0.0,0.03786940015186029,15.999999999743997,0.5850007640001422
pr439,439,5,20330809,full,107217,118208,10.25117285505097,0.0,0.048283978739559606,15.999999999743997,2.0413582269998187
pr439,439,5,20330809,uniform_weights,107217,117594,9.67850247628641,0.0,0.05615755504935459,15.999999999743997,2.080704415999662
pr439,439,5,20330809,no_directional_penalty,107217,117886,9.95084734696923,0.0,0.05569096431283218,15.999999999743997,2.0815068990000327
pr439,439,5,20330809,no_persistence,107217,126731,18.200471940084128,0.17625284738041003,0.2717399392558846,8.5673141335671,1.1368254450003406
pr439,439,5,20330809,no_local_search,107217,129869,21.127246612011156,0.0,0.037485193621867884,15.999999999743997,0.38951106700005766
pr439,439,6,20330810,full,107217,120267,12.171577268530177,0.0015945330296127547,0.04478891419893698,14.034734140244533,1.914614311999685
pr439,439,6,20330810,uniform_weights,107217,119855,11.787309848251677,0.0,0.050327258921791955,15.999999999743997,1.882026918000065
pr439,439,6,20330810,no_directional_penalty,107217,119209,11.1847934562616,0.0,0.04620045558086559,15.999999999743997,1.9049966550001045
pr439,439,6,20330810,no_persistence,107217,118175,10.22039415391216,0.14508352315869402,0.2211070615034169,8.168098027147632,1.255147672000021
pr439,439,6,20330810,no_local_search,107217,131333,22.492701717078447,0.0,0.028014806378132123,15.999999999743997,0.5035532619999685
pr439,439,7,20330811,full,107217,117458,9.551656920077972,0.0,0.06248936977980257,15.999999999743997,1.8756194870002219
pr439,439,7,20330811,uniform_weights,107217,120573,12.45697976999916,0.0069665907365223925,0.05050341685649202,15.999999999743997,1.9797721519998959
pr439,439,7,20330811,no_directional_penalty,107217,121758,13.562214947256498,0.0011389521640091105,0.04283447228549733,1.2860777578520806,2.024249203999716
pr439,439,7,20330811,no_persistence,107217,118385,10.4162586157046,0.12923310554290054,0.23157213363705392,9.609373669625013,1.6101428679999117
pr439,439,7,20330811,no_local_search,107217,131640,22.77903690646073,0.0,0.031429005315110094,15.999999999743997,0.38055995900003836
pr439,439,8,20330812,full,107217,121859,13.65641642649953,0.00649202733485193,0.04528321943811693,3.2654543136097423,1.9003516630000377
pr439,439,8,20330812,uniform_weights,107217,121847,13.645224171539962,0.007744874715261951,0.04503378891419893,15.999999999743997,2.5453062299998237
pr439,439,8,20330812,no_directional_penalty,107217,121785,13.587397520915527,0.0,0.04545140470766894,15.999999999743997,1.8838822529996833
pr439,439,8,20330812,no_persistence,107217,123905,15.564695897105869,0.16888762338648444,0.2510060744115413,11.161217967842179,1.2326931089996833
pr439,439,8,20330812,no_local_search,107217,131490,22.63913371946613,0.0018223234624145767,0.030592634776006076,12.069552643689825,0.37250877700034835
pr439,439,9,20330813,full,107217,121814,13.614445470401149,0.0,0.03910592255125284,15.999999999743997,1.9463383439997415
pr439,439,9,20330813,uniform_weights,107217,115616,7.833645783784288,0.00814350797266514,0.06636902050113895,15.999999999743997,1.8563350409999657
pr439,439,9,20330813,no_directional_penalty,107217,121772,13.57527257804266,0.0,0.03775664388762338,15.999999999743997,2.013149826999779
pr439,439,9,20330813,no_persistence,107217,122338,14.10317393696895,0.06795747911921032,0.1936662870159453,12.33494809510383,1.5366431830002512
pr439,439,9,20330813,no_local_search,107217,130863,22.0543383978287,0.0,0.03259415337889142,15.999999999743997,0.3760303469998689
pr439,439,10,20330814,full,107217,122020,13.8065791805404,0.0,0.04169058466211086,15.999999999743997,2.2305043910000677
pr439,439,10,20330814,uniform_weights,107217,121156,13.000736823451504,0.0,0.04656947608200454,15.999999999743997,1.8728433530000075
pr439,439,10,20330814,no_directional_penalty,107217,122020,13.8065791805404,0.0,0.041957099468488995,15.999999999743997,1.8900243159996535
pr439,439,10,20330814,no_persistence,107217,122198,13.972597629107325,0.15191723614274869,0.2735763097949886,10.61506048053595,1.2023021359996164
pr439,439,10,20330814,no_local_search,107217,130804,21.99930981094416,0.0017084282460136657,0.028752088078967352,14.0792452551144,0.37596396899971296
pr439,439,11,20330815,full,107217,121673,13.482936474626225,0.0,0.0714354593773728,15.999999999743997,1.859097002999988
pr439,439,11,20330815,uniform_weights,107217,118349,10.382681850825895,0.007023538344722848,0.06829612756264235,15.999999999743997,1.97893875400041
pr439,439,11,20330815,no_directional_penalty,107217,121891,13.686262439725043,0.007346241457858763,0.05539445709946848,2.315257567929997,2.88757297400025
pr439,439,11,20330815,no_persistence,107217,122638,14.38298031095815,0.11558466211085801,0.22972968868640853,11.64191486230653,1.905791994000083
pr439,439,11,20330815,no_local_search,107217,131475,22.62514340076667,0.0,0.03565072133637054,15.999999999743997,0.7900797739998779
pr439,439,12,20330816,full,107217,114670,6.951323017805012,0.007972665148063773,0.04870501138952164,10.1045063283599,2.2399545499997657
pr439,439,12,20330816,uniform_weights,107217,114690,6.969976776070959,0.009719058466211076,0.05329498861047835,15.999999999743997,2.0148303510000005
pr439,439,12,20330816,no_directional_penalty,107217,114679,6.959717209024689,0.0038154897494305203,0.04555466970387243,9.261375106410036,2.0934075410000332
pr439,439,12,20330816,no_persistence,107217,116748,8.889448501636867,0.09582384206529992,0.21267957479119215,12.822521816145422,1.739989198999865
pr439,439,12,20330816,no_local_search,107217,127907,19.29731292612179,0.0,0.039198557327258916,15.999999999743997,0.4197541789999377
pr439,439,13,20330817,full,107217,115812,8.016452614790564,0.004669703872437353,0.05266970387243736,2.5425066888511294,1.9911150809998617
pr439,439,13,20330817,uniform_weights,107217,119083,11.067274779186137,0.0,0.0775,15.999999999743997,2.0855911950002337
pr439,439,13,20330817,no_directional_penalty,107217,118054,10.107538916403183,0.0,0.049341685649202736,15.999999999743997,2.080281522000405
pr439,439,13,20330817,no_persistence,107217,115407,7.638714009905145,0.054878511769172356,0.19252961275626426,11.86573209454165,1.6672892820001834
pr439,439,13,20330817,no_local_search,107217,133983,24.964324687316378,0.0,0.030576309794988613,15.999999999743997,0.4149550199999794
pr439,439,14,20330818,full,107217,112803,5.209994683678894,0.0,0.04160402429764616,15.999999999743997,2.0609307190002255
pr439,439,14,20330818,uniform_weights,107217,113301,5.674473264500965,0.0,0.05076347760060743,15.999999999743997,2.0482262569998966
pr439,439,14,20330818,no_directional_penalty,107217,113031,5.422647527910685,0.0,0.04887965072133637,15.999999999743997,2.0975680900000953
pr439,439,14,20330818,no_persistence,107217,122986,14.707555704785621,0.08422551252847381,0.21704669703872437,13.9379218015702,1.6297780889999558
pr439,439,14,20330818,no_local_search,107217,132536,23.61472527677514,0.0,0.03208883826879271,15.999999999743997,0.39842464999992444
pr439,439,15,20330819,full,107217,121982,13.7711370398351,0.0,0.0419886104783599,15.999999999743997,2.5997480779997204
pr439,439,15,20330819,uniform_weights,107217,120394,12.290028633518938,0.0,0.04666552771450265,15.999999999743997,2.722849756999949
pr439,439,15,20330819,no_directional_penalty,107217,121434,13.260024063348164,0.0022209567198177653,0.04315489749430524,3.23186359681049,1.9797825929999817
pr439,439,15,20330819,no_persistence,107217,120474,12.364643666582724,0.11875474563401671,0.2330713743356112,11.716267056106828,1.3523191680001219
pr439,439,15,20330819,no_local_search,107217,130821,22.015165505470215,0.0,0.03721981776765376,15.999999999743997,0.42863349000026574
pr439,439,16,20330820,full,107217,116820,8.956602031394276,0.0,0.05382839787395596,15.999999999743997,2.495606446000238
pr439,439,16,20330820,uniform_weights,107217,120978,12.834718374884579,0.003587699316628698,0.05360592255125284,15.999999999743997,2.3821777250000196
pr439,439,16,20330820,no_directional_penalty,107217,118783,10.787468405196938,0.014293849658314336,0.04645406226271829,2.0098008114442982,2.824366342999838
pr439,439,16,20330820,no_persistence,107217,124791,16.391057388287305,0.040546697038724364,0.21264350797266515,12.59223982593236,1.2170726809999906
pr439,439,16,20330820,no_local_search,107217,131842,22.96743986494679,0.0,0.03629460895975702,15.999999999743997,0.37295743499998935
pr439,439,17,20330821,full,107217,117815,9.88462650512512,0.0,0.04347949886104784,15.999999999743997,2.0072096480002983
pr439,439,17,20330821,uniform_weights,107217,117732,9.807213408321442,0.0,0.05358731966590736,15.999999999743997,1.9139880450002238
pr439,439,17,20330821,no_directional_penalty,107217,117821,9.890222632604903,0.005239179954441908,0.045621488230827636,2.427885871590977,1.8879135560000577
pr439,439,17,20330821,no_persistence,107217,119232,11.206245278267438,0.06960895975702354,0.21396203492786636,13.62339634018456,1.3585564609998073
pr439,439,17,20330821,no_local_search,107217,129268,20.56670117611946,0.0,0.03284092634776006,15.999999999743997,0.43191554600025484
pr439,439,18,20330822,full,107217,123430,15.121669138289636,0.0,0.02922703113135915,15.999999999743997,1.9340950619998694
pr439,439,18,20330822,uniform_weights,107217,123430,15.121669138289636,0.0,0.04891837509491268,15.999999999743997,1.9082789140002205
pr439,439,18,20330822,no_directional_penalty,107217,123430,15.121669138289636,0.0,0.02922703113135915,15.999999999743997,2.9924322930000926
pr439,439,18,20330822,no_persistence,107217,121270,13.107063245567401,0.03735763097949885,0.19681890660592255,13.080010346320407,1.8096793279996746
pr439,439,18,20330822,no_local_search,107217,130821,22.015165505470215,0.0,0.032294229309035694,15.999999999743997,0.7116224960000181
pr439,439,19,20330823,full,107217,120533,12.419672253467267,0.0,0.04733257403189065,15.999999999743997,2.296736436000174
pr439,439,19,20330823,uniform_weights,107217,121989,13.777665855228182,0.0,0.05400721336370539,15.999999999743997,2.3287452449999364
pr439,439,19,20330823,no_directional_penalty,107217,122410,14.17032746672636,0.0,0.04384586180713743,15.999999999743997,2.0126155120001386
pr439,439,19,20330823,no_persistence,107217,121326,13.159293768712052,0.06507213363705393,0.20449316628701594,14.490421421869202,1.6046312140001646
pr439,439,19,20330823,no_local_search,107217,131534,22.680171987651214,0.0,0.032146924829157174,15.999999999743997,0.3776381349998701
pr439,439,20,20330824,full,107217,117970,10.029193131686206,0.004555808656036442,0.05393204252088079,12.069552643689825,1.94442970099999
pr439,439,20,20330824,uniform_weights,107217,117691,9.768973203876252,0.006833712984054663,0.06445254365983295,15.999999999743997,1.8419948949999707
pr439,439,20,20330824,no_directional_penalty,107217,116678,8.824160347706053,0.0,0.05322930903568717,15.999999999743997,1.9080229080000208
pr439,439,20,20330824,no_persistence,107217,123290,14.99109283042801,0.13912300683371298,0.2715493545937737,11.188936217145264,1.1177040149996174
pr439,439,20,20330824,no_local_search,107217,131644,22.78276765811392,0.0,0.030874335611237664,15.999999999743997,0.37374567300003037
pr76,76,1,20340805,full,108159,110178,1.8666962527390232,0.024232456140350894,0.06238157894736842,3.0512699289769465,0.4492596719996982
pr76,76,1,20340805,uniform_weights,108159,113258,4.7143557170462005,0.0,0.07902412280701754,15.999999999743997,0.4336800179999045
pr76,76,1,20340805,no_directional_penalty,108159,111534,3.120406068843092,0.012061403508771917,0.08188815789473684,5.193554931442373,0.4531694279999101
pr76,76,1,20340805,no_persistence,108159,109872,1.5837794358305828,0.029276315789473695,0.23285745614035094,9.637758604451038,0.41406875899974693
pr76,76,1,20340805,no_local_search,108159,132174,22.203422738745736,0.0,0.037410087719298254,15.999999999743997,0.11309644599987223
pr76,76,2,20340806,full,108159,109807,1.5236827263565675,0.0,0.08433552631578949,15.999999999743997,0.4298476919998393
pr76,76,2,20340806,uniform_weights,108159,111215,2.825469910039849,0.0,0.08897149122807019,15.999999999743997,0.4286187779998727
pr76,76,2,20340806,no_directional_penalty,108159,109844,1.5578916225186994,0.0,0.09341447368421052,15.999999999743997,0.44659511800000473
pr76,76,2,20340806,no_persistence,108159,112002,3.553102377056001,0.10416666666666667,0.2766315789473684,13.14858096918604,0.4327816889999667
pr76,76,2,20340806,no_local_search,108159,135900,25.64835103874851,0.0,0.042355263157894736,15.999999999743997,0.10778721700035021
pr76,76,3,20340807,full,108159,110979,2.607272626411117,0.0,0.07410745614035089,15.999999999743997,0.41913628199972663
pr76,76,3,20340807,uniform_weights,108159,110227,1.911999926034819,0.02072368421052632,0.08265570175438597,15.999999999743997,0.4336789740000313
pr76,76,3,20340807,no_directional_penalty,108159,110979,2.607272626411117,0.0,0.07270394736842105,15.999999999743997,0.43501184000024296
pr76,76,3,20340807,no_persistence,108159,110543,2.2041623905546466,0.22521929824561404,0.33110964912280705,8.221656783925605,0.43591501399987465
pr76,76,3,20340807,no_local_search,108159,136998,26.663523146478795,0.0032894736842105227,0.0371140350877193,1.2860777578520806,0.12179002000038963
pr76,76,4,20340808,full,108159,110021,1.7215395852402482,0.0,0.07737280701754386,15.999999999743997,0.42772752500013667
pr76,76,4,20340808,uniform_weights,108159,109531,1.268502852282288,0.004934210526315791,0.09661403508771929,15.999999999743997,0.4420410960001391
pr76,76,4,20340808,no_directional_penalty,108159,110895,2.529609186475467,0.024122807017543883,0.07957236842105264,5.193554931442373,0.4058288689998335
pr76,76,4,20340808,no_persistence,108159,109070,0.8422784973973502,0.1281798245614035,0.30231140350877195,12.154165400017309,0.3684443789998113
pr76,76,4,20340808,no_local_search,108159,134686,24.525929418726136,0.0,0.0422609649122807,15.999999999743997,0.12622638500033645
pr76,76,5,20340809,full,108159,115443,6.734529720134247,0.014802631578947373,0.06102850877192982,1.2860777578520806,0.4009958009996808
pr76,76,5,20340809,uniform_weights,108159,110375,2.048835510683346,0.0,0.0768311403508772,15.999999999743997,0.4065193010001167
pr76,76,5,20340809,no_directional_penalty,108159,112376,3.8988895977218725,0.0,0.06386184210526316,15.999999999743997,0.41812538499971197
pr76,76,5,20340809,no_persistence,108159,109085,0.8561469688144306,0.08760964912280703,0.29476754385964915,11.133272334954523,0.3769967749999523
pr76,76,5,20340809,no_local_search,108159,132062,22.099871485498202,0.0180921052631579,0.03819078947368422,5.193554931442373,0.1058129729999564
pr76,76,6,20340810,full,108159,109686,1.4118103902587857,0.0,0.06571052631578947,15.999999999743997,0.4070773870002995
pr76,76,6,20340810,uniform_weights,108159,110158,1.8482049575162491,0.0,0.10742105263157896,15.999999999743997,0.39740382900026816
pr76,76,6,20340810,no_directional_penalty,108159,110667,2.3188084209358446,0.0,0.06511622807017543,15.999999999743997,0.416216496999823
pr76,76,6,20340810,no_persistence,108159,110527,2.1893693543764274,0.162609649122807,0.26278070175438595,12.485090812935805,0.42018858099982026
pr76,76,6,20340810,no_local_search,108159,133751,23.661461367061456,0.0,0.037326754385964916,15.999999999743997,0.10394992999999886
pr76,76,7,20340811,full,108159,113234,4.6921661627788716,0.004934210526315791,0.08946271929824562,1.2860777578520806,0.387727631999951
pr76,76,7,20340811,uniform_weights,108159,113669,5.094351833874204,0.0,0.08507236842105265,15.999999999743997,0.391624247999971
pr76,76,7,20340811,no_directional_penalty,108159,112391,3.912758069138953,0.0722587719298246,0.08714473684210527,10.497352941575706,0.38312988799998493
pr76,76,7,20340811,no_persistence,108159,111108,2.7265414805980086,0.2512061403508772,0.32479385964912283,8.432164576378094,0.3861773369999355
pr76,76,7,20340811,no_local_search,108159,135240,25.038138296396973,0.0,0.03799122807017544,15.999999999743997,0.10546302900002047
pr76,76,8,20340812,full,108159,113685,5.109144870052423,0.004934210526315791,0.0556030701754386,15.017358639269617,0.3877747320002527
pr76,76,8,20340812,uniform_weights,108159,111468,3.059384794607938,0.0,0.11483333333333333,15.999999999743997,0.40440419300011854
pr76,76,8,20340812,no_directional_penalty,108159,113428,4.871531726439779,0.16217105263157894,0.08233552631578947,4.662742440548668,0.41040241700011393
pr76,76,8,20340812,no_persistence,108159,108979,0.7581431041337291,0.262061403508772,0.3144934210526316,6.230085021721474,0.38010822099977304
pr76,76,8,20340812,no_local_search,108159,137933,27.527991198143475,0.0,0.04739912280701754,15.999999999743997,0.11057330899984663
pr76,76,9,20340813,full,108159,110700,2.3493190580534216,0.0,0.09088157894736842,15.999999999743997,0.4159722919998785
pr76,76,9,20340813,uniform_weights,108159,111730,3.301620762026276,0.0,0.09160087719298246,15.999999999743997,0.38750098299988167
pr76,76,9,20340813,no_directional_penalty,108159,114213,5.597315063933653,0.0,0.08437280701754385,15.999999999743997,0.4016540900001928
pr76,76,9,20340813,no_persistence,108159,113930,5.335663236531403,0.26973684210526316,0.377,9.6005798816696,0.38201687800028594
pr76,76,9,20340813,no_local_search,108159,133895,23.794598692665428,0.0,0.04568859649122807,15.999999999743997,0.10557778900010817
pr76,76,10,20340814,full,108159,111649,3.226731016374042,0.0,0.07099780701754387,15.999999999743997,0.3948349600000256
pr76,76,10,20340814,uniform_weights,108159,110373,2.0469863811610685,0.0,0.062199561403508775,15.999999999743997,0.4099624529999346
pr76,76,10,20340814,no_directional_penalty,108159,111899,3.4578722066587155,0.0,0.06813377192982456,15.999999999743997,0.39361104399995384
pr76,76,10,20340814,no_persistence,108159,112393,3.9146071986612303,0.25032894736842104,0.3153991228070176,9.159862916453806,0.3852205700000013
pr76,76,10,20340814,no_local_search,108159,135857,25.608594754019546,0.0,0.03772368421052632,15.999999999743997,0.10962490300016725
pr76,76,11,20340815,full,108159,111399,2.9955898260893683,0.004934210526315791,0.06735307017543861,1.2860777578520806,0.41042417700009537
pr76,76,11,20340815,uniform_weights,108159,113562,4.995423404432364,0.0,0.10746052631578948,15.999999999743997,0.4218892590001815
pr76,76,11,20340815,no_directional_penalty,108159,111063,2.684936066346767,0.0,0.09853947368421054,15.999999999743997,0.40310151499988933
pr76,76,11,20340815,no_persistence,108159,110761,2.4057175084828817,0.055153508771929816,0.2638486842105263,12.938728150753018,0.38197292299992114
pr76,76,11,20340815,no_local_search,108159,142130,31.408389500642574,0.0,0.03441885964912281,15.999999999743997,0.10338965599976291
pr76,76,12,20340816,full,108159,110331,2.0081546611932435,0.0,0.051072368421052644,15.999999999743997,0.40963586199995916
pr76,76,12,20340816,uniform_weights,108159,110132,1.824166273726643,0.0,0.11999342105263157,15.999999999743997,0.39773186299998997
pr76,76,12,20340816,no_directional_penalty,108159,109519,1.2574080751486238,0.0,0.055515350877192976,15.999999999743997,0.419500859999971
pr76,76,12,20340816,no_persistence,108159,111687,3.2618644772973124,0.17785087719298248,0.3024232456140351,11.786787725981887,0.38307606899979874
pr76,76,12,20340816,no_local_search,108159,134327,24.194010669477343,0.0,0.04163815789473684,15.999999999743997,0.1115531599998576
pr76,76,13,20340817,full,108159,110738,2.384452518976692,0.0,0.07662061403508773,15.999999999743997,0.38822271499975614
pr76,76,13,20340817,uniform_weights,108159,114142,5.531670965892806,0.0,0.10834868421052633,15.999999999743997,0.42168370699982916
pr76,76,13,20340817,no_directional_penalty,108159,111354,2.9539844118381273,0.035087719298245605,0.10983771929824564,4.212226238805718,0.3943448149998403
pr76,76,13,20340817,no_persistence,108159,110501,2.165330670586821,0.23815789473684212,0.3329978070175439,9.93397006600415,0.3847092759997395
pr76,76,13,20340817,no_local_search,108159,133895,23.794598692665428,0.0,0.04123464912280702,15.999999999743997,0.10774185399986891
pr76,76,14,20340818,full,108159,110292,1.9720966355088343,0.0032894736842105227,0.06896929824561404,15.017358639269617,0.4142293459999564
pr76,76,14,20340818,uniform_weights,108159,110785,2.42790706275021,0.0,0.07061184210526315,15.999999999743997,0.4114455150001959
pr76,76,14,20340818,no_directional_penalty,108159,109783,1.501493172089239,0.0,0.08850219298245614,15.999999999743997,0.42280615199979366
pr76,76,14,20340818,no_persistence,108159,109299,1.0540038276981112,0.19901315789473684,0.32464035087719295,11.8249993541523,0.38377525799978685
pr76,76,14,20340818,no_local_search,108159,139139,28.643016300076738,0.0,0.043763157894736844,15.999999999743997,0.10397609500023464
pr76,76,15,20340819,full,108159,114919,6.250057785297571,0.0,0.08882675438596492,15.999999999743997,0.40948874400010027
pr76,76,15,20340819,uniform_weights,108159,111121,2.7385608224928113,0.0,0.10208552631578946,15.999999999743997,0.4014122309999948
pr76,76,15,20340819,no_directional_penalty,108159,109897,1.6068935548590502,0.021052631578947375,0.09910526315789474,8.139697081453662,0.419837015000212
pr76,76,15,20340819,no_persistence,108159,109928,1.6355550624543496,0.16052631578947368,0.3127083333333333,11.402763202958726,0.37115261500002816
pr76,76,15,20340819,no_local_search,108159,133047,23.010567775219815,0.0,0.04249122807017544,15.999999999743997,0.10003751500016733
pr76,76,16,20340820,full,108159,109890,1.6004216015310793,0.0,0.09851754385964913,15.999999999743997,0.3783573069999875
pr76,76,16,20340820,uniform_weights,108159,109814,1.5301546796845384,0.0,0.09057675438596491,15.999999999743997,0.41877818300008585
pr76,76,16,20340820,no_directional_penalty,108159,113216,4.6755239970783755,0.0,0.06322587719298246,15.999999999743997,0.40290004199960094
pr76,76,16,20340820,no_persistence,108159,108929,0.7119148660767943,0.1211622807017544,0.27129824561403504,13.068200584508903,0.39321261100030824
pr76,76,16,20340820,no_local_search,108159,137933,27.527991198143475,0.0,0.03541447368421052,15.999999999743997,0.1009106139999858
pr76,76,17,20340821,full,108159,114244,5.625976571528953,0.0180921052631579,0.06880482456140351,5.193554931442373,0.4140421629999764
pr76,76,17,20340821,uniform_weights,108159,110640,2.2938451723850997,0.0,0.1238486842105263,15.999999999743997,0.4042383700002574
pr76,76,17,20340821,no_directional_penalty,108159,111343,2.9438141994656015,0.023684210526315797,0.08938157894736841,11.561408007745504,0.3898895069996797
pr76,76,17,20340821,no_persistence,108159,110878,2.513891585536109,0.2037280701754386,0.3248114035087719,11.812716556278353,0.35835354600021674
pr76,76,17,20340821,no_local_search,108159,139178,28.67907432576115,0.0,0.04625,15.999999999743997,0.10039501500023107
pr76,76,18,20340822,full,108159,111243,2.851357723351732,0.0,0.07434429824561403,15.999999999743997,0.40152251900008196
pr76,76,18,20340822,uniform_weights,108159,109774,1.4931720892389908,0.0,0.07738815789473684,15.999999999743997,0.3943289700000605
pr76,76,18,20340822,no_directional_penalty,108159,115028,6.3508353442616885,0.0,0.06863815789473683,15.999999999743997,0.3943600080001488
pr76,76,18,20340822,no_persistence,108159,108383,0.20710250649506745,0.10515350877192982,0.2573245614035088,11.546067374693111,0.3897013320001861
pr76,76,18,20340822,no_local_search,108159,130921,21.044943093038952,0.0,0.03161842105263158,15.999999999743997,0.10319414400009919
pr76,76,19,20340823,full,108159,113964,5.367098438410118,0.0,0.06473684210526316,15.999999999743997,0.3920415640000101
pr76,76,19,20340823,uniform_weights,108159,111764,3.3330559639049917,0.0,0.07937719298245614,15.999999999743997,0.39667828300025576
pr76,76,19,20340823,no_directional_penalty,108159,111635,3.2137871097181003,0.018092105263157885,0.0613201754385965,10.238961330424802,0.3978520440000466
pr76,76,19,20340823,no_persistence,108159,109186,0.9495280096894387,0.16239035087719297,0.29436622807017543,11.953253329404228,0.4003068759998314
pr76,76,19,20340823,no_local_search,108159,147515,36.38717073937444,0.0,0.038732456140350875,15.999999999743997,0.107127082000261
pr76,76,20,20340824,full,108159,111338,2.939191375659908,0.02072368421052632,0.08309868421052631,9.122062150182497,0.4168750229996476
pr76,76,20,20340824,uniform_weights,108159,112090,3.634464076036206,0.0,0.09767982456140352,15.999999999743997,0.42651898099984464
pr76,76,20,20340824,no_directional_penalty,108159,109452,1.1954622361523313,0.008223684210526314,0.07056798245614034,1.2860777578520806,0.4077684099997896
pr76,76,20,20340824,no_persistence,108159,110932,2.5638180826375985,0.13201754385964912,0.2988026315789473,12.06881579342341,0.39598146800017275
pr76,76,20,20340824,no_local_search,108159,132091,22.126683863571223,0.01578947368421053,0.04344078947368422,4.212226238805718,0.1110860569997385
rat99,99,1,20350805,full,1211,1285,6.11065235342692,0.01321548821548822,0.0523030303030303,15.999999999743997,0.5370540839999194
rat99,99,1,20350805,uniform_weights,1211,1276,5.367464905037159,0.014898989898989886,0.050244107744107744,15.999999999743997,0.592635343999973
rat99,99,1,20350805,no_directional_penalty,1211,1274,5.202312138728324,0.0,0.058510101010101005,15.999999999743997,0.5502019360001213
rat99,99,1,20350805,no_persistence,1211,1292,6.6886870355078445,0.19772727272727275,0.27002188552188555,12.188011432548679,0.5006658209999841
rat99,99,1,20350805,no_local_search,1211,1463,20.809248554913296,0.0,0.03467340067340067,15.999999999743997,0.12728395500016632
rat99,99,2,20350806,full,1211,1264,4.376548307184145,0.0,0.04824074074074072,15.999999999743997,0.508990220999749
rat99,99,2,20350806,uniform_weights,1211,1264,4.376548307184145,0.0037878787878787845,0.0667037037037037,15.999999999743997,0.511355821000052
rat99,99,2,20350806,no_directional_penalty,1211,1261,4.1288191577208915,0.0,0.055962962962962964,15.999999999743997,0.5267962749999242
rat99,99,2,20350806,no_persistence,1211,1268,4.706853839801816,0.19722222222222224,0.3110387205387206,8.884163656575662,0.46006658800024525
rat99,99,2,20350806,no_local_search,1211,1453,19.983484723369116,0.0,0.04331649831649832,15.999999999743997,0.11850910299972384
rat99,99,3,20350807,full,1211,1246,2.8901734104046244,0.0,0.07040067340067341,15.999999999743997,0.4732177170003524
rat99,99,3,20350807,uniform_weights,1211,1293,6.7712634186622624,0.0,0.0702053872053872,15.999999999743997,0.5076235329997871
rat99,99,3,20350807,no_directional_penalty,1211,1290,6.5235342691990095,0.0,0.05619191919191919,15.999999999743997,0.4931896160001088
rat99,99,3,20350807,no_persistence,1211,1316,8.670520231213873,0.2833333333333333,0.3158989898989899,10.687994442461866,0.4527302139999847
rat99,99,3,20350807,no_local_search,1211,1453,19.983484723369116,0.0,0.03769528619528619,15.999999999743997,0.1299005999999281
rat99,99,4,20350808,full,1211,1256,3.7159372419488026,0.0,0.06770875420875422,15.999999999743997,0.48038472200005344
rat99,99,4,20350808,uniform_weights,1211,1260,4.046242774566474,0.053367003367003354,0.06745622895622894,15.999999999743997,0.5033601580003051
rat99,99,4,20350808,no_directional_penalty,1211,1253,3.468208092485549,0.0,0.06561784511784512,15.999999999743997,0.48542455300002985
rat99,99,4,20350808,no_persistence,1211,1277,5.450041288191577,0.12643097643097645,0.26321212121212123,7.6508229125230365,0.4581248620002043
rat99,99,4,20350808,no_local_search,1211,1492,23.203963666391413,0.0037878787878787845,0.0410976430976431,1.2860777578520806,0.13184702399985326
rat99,99,5,20350809,full,1211,1261,4.1288191577208915,0.0,0.057867003367003365,15.999999999743997,0.49070064399984403
rat99,99,5,20350809,uniform_weights,1211,1263,4.293971924029727,0.0,0.05894107744107744,15.999999999743997,0.5116526730002988
rat99,99,5,20350809,no_directional_penalty,1211,1274,5.202312138728324,0.0,0.0495875420875421,15.999999999743997,0.5060859049999635
rat99,99,5,20350809,no_persistence,1211,1283,5.945499587118084,0.16144781144781142,0.34435185185185185,11.292159754382824,0.5201438080002845
rat99,99,5,20350809,no_local_search,1211,1453,19.983484723369116,0.0,0.0371986531986532,15.999999999743997,0.1245428689999244
rat99,99,6,20350810,full,1211,1322,9.16597853014038,0.0,0.060612794612794604,15.999999999743997,0.5083436519998941
rat99,99,6,20350810,uniform_weights,1211,1278,5.532617671345995,0.0,0.07164478114478115,15.999999999743997,0.499231774999771
rat99,99,6,20350810,no_directional_penalty,1211,1322,9.16597853014038,0.016835016835016852,0.061213804713804706,2.6642110947206885,0.49380614300025627
rat99,99,6,20350810,no_persistence,1211,1261,4.1288191577208915,0.1835016835016835,0.3140521885521885,9.23209466263881,0.47188529499999277
rat99,99,6,20350810,no_local_search,1211,1484,22.54335260115607,0.0,0.05328451178451179,15.999999999743997,0.11551812100015013
rat99,99,7,20350811,full,1211,1265,4.459124690338563,0.0,0.057060606060606055,15.999999999743997,0.5218588299999283
rat99,99,7,20350811,uniform_weights,1211,1277,5.450041288191577,0.0,0.0577104377104377,15.999999999743997,0.56421624099994
rat99,99,7,20350811,no_directional_penalty,1211,1265,4.459124690338563,0.0,0.05618518518518518,15.999999999743997,0.5572667569999794
rat99,99,7,20350811,no_persistence,1211,1276,5.367464905037159,0.2223905723905724,0.32568350168350163,7.0261329553366245,0.4735550539999167
rat99,99,7,20350811,no_local_search,1211,1453,19.983484723369116,0.0,0.04257575757575757,15.999999999743997,0.12606149700013702
rat99,99,8,20350812,full,1211,1325,9.413707679603633,0.0,0.07806565656565656,15.999999999743997,0.520111659000122
rat99,99,8,20350812,uniform_weights,1211,1277,5.450041288191577,0.02323232323232325,0.08053535353535352,15.999999999743997,0.5682379400000173
rat99,99,8,20350812,no_directional_penalty,1211,1253,3.468208092485549,0.0025252525252525276,0.08165319865319866,1.2860777578520806,0.9398193289998744
rat99,99,8,20350812,no_persistence,1211,1229,1.486374896779521,0.11170033670033669,0.2646447811447811,11.76029717765223,0.5866670730001715
rat99,99,8,20350812,no_local_search,1211,1509,24.607762180016515,0.0,0.033367003367003364,15.999999999743997,0.1250230969999393
rat99,99,9,20350813,full,1211,1254,3.550784475639967,0.0,0.06592929292929292,15.999999999743997,0.5446179069999744
rat99,99,9,20350813,uniform_weights,1211,1275,5.284888521882742,0.0,0.07641582491582492,15.999999999743997,0.5442301119996955
rat99,99,9,20350813,no_directional_penalty,1211,1253,3.468208092485549,0.017929292929292913,0.06946632996632998,8.215009066754995,0.541535278000083
rat99,99,9,20350813,no_persistence,1211,1270,4.872006606110652,0.18728956228956228,0.29907070707070704,13.147453017833751,0.4700173429996539
rat99,99,9,20350813,no_local_search,1211,1480,22.213047068538398,0.0,0.046119528619528616,15.999999999743997,0.12453591499979666
rat99,99,10,20350814,full,1211,1272,5.037159372419488,0.0,0.05834343434343433,15.999999999743997,0.5248650399998951
rat99,99,10,20350814,uniform_weights,1211,1304,7.679603633360859,0.0,0.0722996632996633,15.999999999743997,0.4849168419996204
rat99,99,10,20350814,no_directional_penalty,1211,1257,3.7985136251032205,0.0,0.0664107744107744,15.999999999743997,0.49545466300014596
rat99,99,10,20350814,no_persistence,1211,1278,5.532617671345995,0.2558922558922559,0.35299158249158247,10.397751120686685,0.4233094979999805
rat99,99,10,20350814,no_local_search,1211,1474,21.71758876961189,0.0,0.035377104377104375,15.999999999743997,0.12175113399962356
rat99,99,11,20350815,full,1211,1264,4.376548307184145,0.07432659932659934,0.06756228956228955,2.3708010129080717,0.5070602549999421
rat99,99,11,20350815,uniform_weights,1211,1273,5.119735755573906,0.005050505050505055,0.07808585858585859,15.999999999743997,0.4782240740000816
rat99,99,11,20350815,no_directional_penalty,1211,1265,4.459124690338563,0.02121212121212123,0.04570033670033669,7.1574452171840655,0.5116938020000816
rat99,99,11,20350815,no_persistence,1211,1259,3.963666391412056,0.1819023569023569,0.3288956228956229,9.068580549310566,0.44411439799978325
rat99,99,11,20350815,no_local_search,1211,1477,21.965317919075144,0.007575757575757569,0.04025925925925925,14.059096114546598,0.12602221099996314
rat99,99,12,20350816,full,1211,1285,6.11065235342692,0.0,0.0756885521885522,15.999999999743997,0.4976306180001302
rat99,99,12,20350816,uniform_weights,1211,1275,5.284888521882742,0.02121212121212123,0.08665993265993267,15.999999999743997,0.45668744800013883
rat99,99,12,20350816,no_directional_penalty,1211,1258,3.8810900082576385,0.0,0.08930471380471379,15.999999999743997,0.5083406920002744
rat99,99,12,20350816,no_persistence,1211,1284,6.028075970272502,0.3106902356902356,0.3751464646464646,8.84425602352163,0.43724843599966334
rat99,99,12,20350816,no_local_search,1211,1465,20.974401321222132,0.0,0.04088383838383838,15.999999999743997,0.11650077099966438
rat99,99,13,20350817,full,1211,1277,5.450041288191577,0.0,0.055018518518518515,15.999999999743997,0.5069619760001842
rat99,99,13,20350817,uniform_weights,1211,1279,5.615194054500413,0.0,0.05834343434343434,15.999999999743997,0.4927277939996202
rat99,99,13,20350817,no_directional_penalty,1211,1277,5.450041288191577,0.0,0.047764309764309766,15.999999999743997,0.5087161010001182
rat99,99,13,20350817,no_persistence,1211,1258,3.8810900082576385,0.10858585858585859,0.27595622895622895,13.09845508758454,0.4607400280001457
rat99,99,13,20350817,no_local_search,1211,1452,19.9009083402147,0.0,0.04131986531986532,15.999999999743997,0.1170685649999541
rat99,99,14,20350818,full,1211,1306,7.844756399669694,0.03804713804713803,0.052148148148148145,9.181501054955197,0.5347604220000903
rat99,99,14,20350818,uniform_weights,1211,1267,4.624277456647399,0.0,0.06219360269360269,15.999999999743997,0.4950796100001753
rat99,99,14,20350818,no_directional_penalty,1211,1291,6.6061106523534265,0.03720538720538719,0.058395622895622896,11.148214620837672,0.5236405759997069
rat99,99,14,20350818,no_persistence,1211,1275,5.284888521882742,0.21590909090909088,0.319526936026936,7.343805778599233,0.4565306810000038
rat99,99,14,20350818,no_local_search,1211,1468,21.222130470685386,0.0,0.03775420875420875,15.999999999743997,0.12293889500006117
rat99,99,15,20350819,full,1211,1277,5.450041288191577,0.007575757575757569,0.06666329966329966,15.999999999743997,0.5070482090000041
rat99,99,15,20350819,uniform_weights,1211,1290,6.5235342691990095,0.023232323232323212,0.07766329966329967,15.999999999743997,0.48225572300043495
rat99,99,15,20350819,no_directional_penalty,1211,1291,6.6061106523534265,0.0,0.06453535353535353,15.999999999743997,0.5481036770001992
rat99,99,15,20350819,no_persistence,1211,1291,6.6061106523534265,0.11397306397306399,0.25341919191919193,10.899234328984926,0.48429336699973646
rat99,99,15,20350819,no_local_search,1211,1482,22.378199834847234,0.007575757575757569,0.03546801346801347,14.03663841304634,0.1525592529997084
rat99,99,16,20350820,full,1211,1287,6.275805119735756,0.0,0.05983501683501684,15.999999999743997,0.541263235000315
rat99,99,16,20350820,uniform_weights,1211,1277,5.450041288191577,0.0,0.05946296296296296,15.999999999743997,0.5568066969999563
rat99,99,16,20350820,no_directional_penalty,1211,1284,6.028075970272502,0.016414141414141412,0.06367003367003367,15.999999999743997,0.509508248000202
rat99,99,16,20350820,no_persistence,1211,1311,8.257638315441783,0.07651515151515151,0.2955707070707071,13.975868275071784,0.48388971400027003
rat99,99,16,20350820,no_local_search,1211,1466,21.05697770437655,0.0,0.040946127946127946,15.999999999743997,0.127964848999909
rat99,99,17,20350821,full,1211,1231,1.6515276630883566,0.0,0.06431986531986532,15.999999999743997,0.5313068909999856
rat99,99,17,20350821,uniform_weights,1211,1281,5.780346820809249,0.0,0.06632659932659932,15.999999999743997,0.5239970520001407
rat99,99,17,20350821,no_directional_penalty,1211,1245,2.8075970272502064,0.0,0.0715959595959596,15.999999999743997,0.5280615169999692
rat99,99,17,20350821,no_persistence,1211,1243,2.642444260941371,0.15521885521885523,0.3066178451178451,9.862082408565385,0.5200472999999874
rat99,99,17,20350821,no_local_search,1211,1474,21.71758876961189,0.0,0.03918181818181818,15.999999999743997,0.1244354350001231
rat99,99,18,20350822,full,1211,1260,4.046242774566474,0.0,0.037715488215488216,15.999999999743997,0.5349021560000438
rat99,99,18,20350822,uniform_weights,1211,1259,3.963666391412056,0.021464646464646468,0.059447811447811444,15.999999999743997,0.5335542929997246
rat99,99,18,20350822,no_directional_penalty,1211,1274,5.202312138728324,0.0,0.04047306397306397,15.999999999743997,0.5256557860002431
rat99,99,18,20350822,no_persistence,1211,1257,3.7985136251032205,0.09974747474747472,0.22720538720538716,7.388765849132375,0.48652407600002334
rat99,99,18,20350822,no_local_search,1211,1453,19.983484723369116,0.0,0.03766666666666667,15.999999999743997,0.12085550299980241
rat99,99,19,20350823,full,1211,1269,4.789430222956234,0.030134680134680136,0.07062289562289562,14.042402308841892,0.5139659980000033
rat99,99,19,20350823,uniform_weights,1211,1272,5.037159372419488,0.0,0.07881649831649831,15.999999999743997,0.45817612199971336
rat99,99,19,20350823,no_directional_penalty,1211,1264,4.376548307184145,0.0,0.05654882154882154,15.999999999743997,0.49941238300016266
rat99,99,19,20350823,no_persistence,1211,1260,4.046242774566474,0.05075757575757575,0.22545959595959594,3.6808829146275985,0.4806523079996623
rat99,99,19,20350823,no_local_search,1211,1510,24.690338563170933,0.0,0.03848484848484848,15.999999999743997,0.138684228999864
rat99,99,20,20350824,full,1211,1268,4.706853839801816,0.0,0.0451986531986532,15.999999999743997,0.5256231509997633
rat99,99,20,20350824,uniform_weights,1211,1268,4.706853839801816,0.01818181818181817,0.05808585858585858,15.999999999743997,0.48928654099972846
rat99,99,20,20350824,no_directional_penalty,1211,1268,4.706853839801816,0.0,0.04536363636363636,15.999999999743997,0.5198628160001135
rat99,99,20,20350824,no_persistence,1211,1273,5.119735755573906,0.22946127946127942,0.3287390572390572,5.529575809385559,0.4578722999999627
rat99,99,20,20350824,no_local_search,1211,1453,19.983484723369116,0.0,0.04128787878787879,15.999999999743997,0.1264236320002965
tsp225,225,1,20360805,full,3919,4055,3.470273028833886,0.0,0.05146148148148147,15.999999999743997,0.9420247250000102
tsp225,225,1,20360805,uniform_weights,3919,4055,3.470273028833886,0.0,0.06262148148148147,15.999999999743997,0.9403022639999108
tsp225,225,1,20360805,no_directional_penalty,3919,4055,3.470273028833886,0.0,0.05356814814814815,15.999999999743997,1.1663125489999402
tsp225,225,1,20360805,no_persistence,3919,4048,3.29165603470273,0.1134074074074074,0.2604562962962963,13.588561368440814,0.7238497529997403
tsp225,225,1,20360805,no_local_search,3919,4655,18.78030109721868,0.0,0.0408274074074074,15.999999999743997,0.2011041830000977
tsp225,225,2,20360806,full,3919,4090,4.363357999489666,0.0,0.05341555555555555,15.999999999743997,0.9635935390001578
tsp225,225,2,20360806,uniform_weights,3919,4118,5.07782597601429,0.0,0.06459333333333332,15.999999999743997,0.9467793899998469
tsp225,225,2,20360806,no_directional_penalty,3919,4086,4.261291145700434,0.020925925925925914,0.057382222222222216,8.37342661607492,0.965370231000179
tsp225,225,2,20360806,no_persistence,3919,4226,7.833631028323552,0.16614814814814813,0.27390444444444445,11.823594397729051,0.7439320620001126
tsp225,225,2,20360806,no_local_search,3919,4714,20.28578719060985,0.0,0.036037037037037034,15.999999999743997,0.18429401799994594
tsp225,225,3,20360807,full,3919,4299,9.696351109977035,0.006666666666666654,0.04227111111111111,10.1045063283599,0.9423056079999697
tsp225,225,3,20360807,uniform_weights,3919,4306,9.874968104108191,0.006666666666666654,0.05602592592592593,15.999999999743997,0.9510826079999788
tsp225,225,3,20360807,no_directional_penalty,3919,4295,9.594284256187803,0.005333333333333324,0.048214814814814815,12.069552643689825,0.9893498240003282
tsp225,225,3,20360807,no_persistence,3919,4300,9.721867823424343,0.06962962962962961,0.2600888888888889,13.100524537416607,0.7232335949997832
tsp225,225,3,20360807,no_local_search,3919,4881,24.547078336310282,0.0,0.030136296296296296,15.999999999743997,0.19251559400026963
tsp225,225,4,20360808,full,3919,4151,5.9198775197754525,0.01696296296296295,0.05881111111111111,4.562163636880976,0.9208458770003745
tsp225,225,4,20360808,uniform_weights,3919,4065,3.725440163306966,0.026851851851851842,0.055972592592592595,15.999999999743997,0.9415652059997228
tsp225,225,4,20360808,no_directional_penalty,3919,4035,2.9599387598877263,0.010333333333333325,0.05678074074074074,13.814592990587158,0.9600485079999999
tsp225,225,4,20360808,no_persistence,3919,4061,3.623373309517734,0.0887037037037037,0.23966814814814813,11.149750799831773,0.7737532280002597
tsp225,225,4,20360808,no_local_search,3919,4728,20.64302117887216,0.0,0.03601259259259259,15.999999999743997,0.2061410349997459
tsp225,225,5,20360809,full,3919,4202,7.22122990558816,0.0,0.0605911111111111,15.999999999743997,0.9480883910000557
tsp225,225,5,20360809,uniform_weights,3919,4200,7.170196478693544,0.0016666666666666635,0.06683481481481479,15.999999999743997,0.9545547259999694
tsp225,225,5,20360809,no_directional_penalty,3919,4169,6.379178361826996,0.0,0.06647629629629628,15.999999999743997,0.9353346380003131
tsp225,225,5,20360809,no_persistence,3919,4242,8.24189844348048,0.2243703703703704,0.3184562962962963,10.31572593975142,0.7634973300000638
tsp225,225,5,20360809,no_local_search,3919,4868,24.21536106149528,0.0,0.03534962962962963,15.999999999743997,0.19015406900007292
tsp225,225,6,20360810,full,3919,4144,5.7412605256442975,0.011074074074074066,0.05041703703703703,6.013129414298168,0.9723267780000242
tsp225,225,6,20360810,uniform_weights,3919,4175,6.532278642510844,0.0016666666666666635,0.05633925925925925,15.999999999743997,0.9444607380000889
tsp225,225,6,20360810,no_directional_penalty,3919,4170,6.404695075274304,0.0,0.048977037037037034,15.999999999743997,0.9517440730000999
tsp225,225,6,20360810,no_persistence,3919,4171,6.430211788721612,0.11829629629629629,0.2350140740740741,8.318005446395802,0.8452427039997019
tsp225,225,6,20360810,no_local_search,3919,4934,25.899464149017607,0.0,0.033433333333333336,15.999999999743997,0.19804869200015673
tsp225,225,7,20360811,full,3919,4215,7.552947180403164,0.0,0.04310222222222222,15.999999999743997,1.0292863800000305
tsp225,225,7,20360811,uniform_weights,3919,4220,7.680530747639704,0.0,0.05078592592592592,15.999999999743997,0.9697126449996176
tsp225,225,7,20360811,no_directional_penalty,3919,4220,7.680530747639704,0.0,0.046991851851851854,15.999999999743997,1.0061929110001984
tsp225,225,7,20360811,no_persistence,3919,4232,7.9867313090074,0.050518518518518525,0.22379111111111116,13.483950235484262,0.7902343499999915
tsp225,225,7,20360811,no_local_search,3919,4647,18.576167389640215,0.0,0.035536296296296295,15.999999999743997,0.195625894999921
tsp225,225,8,20360812,full,3919,4190,6.915029344220464,0.009999999999999993,0.062174074074074076,5.600068721291135,0.9184543940000367
tsp225,225,8,20360812,uniform_weights,3919,4281,9.237050267925492,0.011888888888888888,0.07026,15.999999999743997,0.9247272050001811
tsp225,225,8,20360812,no_directional_penalty,3919,4102,4.669558560857362,0.02162962962962962,0.06351037037037037,7.729780447855128,0.9308175940000183
tsp225,225,8,20360812,no_persistence,3919,4306,9.874968104108191,0.15585185185185182,0.30982,13.147128729141,0.7837324369997987
tsp225,225,8,20360812,no_local_search,3919,4885,24.649145190099514,0.0,0.03188444444444444,15.999999999743997,0.21130032700011725
tsp225,225,9,20360813,full,3919,4064,3.699923449859658,0.008333333333333331,0.04628222222222222,14.905775881667553,0.9880635909999
tsp225,225,9,20360813,uniform_weights,3919,4043,3.16407246746619,0.0,0.05862518518518518,15.999999999743997,0.9788323009997839
tsp225,225,9,20360813,no_directional_penalty,3919,4064,3.699923449859658,0.0,0.05081555555555555,15.999999999743997,0.9664394659998834
tsp225,225,9,20360813,no_persistence,3919,4042,3.138555754018882,0.10181481481481482,0.2914392592592593,11.98734106288936,0.6765937640002448
tsp225,225,9,20360813,no_local_search,3919,4663,18.984434804797143,0.0,0.03305925925925926,15.999999999743997,0.21136777100036852
tsp225,225,10,20360814,full,3919,4261,8.726715998979332,0.0,0.06505185185185185,15.999999999743997,0.9019734580001568
tsp225,225,10,20360814,uniform_weights,3919,4239,8.165348303138556,0.009592592592592581,0.0664274074074074,15.999999999743997,0.9704945759999646
tsp225,225,10,20360814,no_directional_penalty,3919,4288,9.415667262056648,0.0,0.05740148148148148,15.999999999743997,0.9756643219998296
tsp225,225,10,20360814,no_persistence,3919,4161,6.175044654248532,0.24596296296296297,0.35206888888888893,11.593387802487271,0.6854826260000664
tsp225,225,10,20360814,no_local_search,3919,4888,24.72569533044144,0.0,0.029342962962962956,15.999999999743997,0.19212517500000104
tsp225,225,11,20360815,full,3919,4043,3.16407246746619,0.0,0.04966888888888889,15.999999999743997,0.9666514479999933
tsp225,225,11,20360815,uniform_weights,3919,4027,2.7558050523092628,0.007777777777777763,0.05996888888888888,15.999999999743997,0.9623863619999611
tsp225,225,11,20360815,no_directional_penalty,3919,4043,3.16407246746619,0.0,0.05009111111111109,15.999999999743997,0.9465376119997018
tsp225,225,11,20360815,no_persistence,3919,4110,4.873692268435826,0.18033333333333335,0.3003162962962963,10.677201711734266,0.6794067000000723
tsp225,225,11,20360815,no_local_search,3919,4663,18.984434804797143,0.0,0.033188888888888886,15.999999999743997,0.19737364799993884
tsp225,225,12,20360816,full,3919,4176,6.557795355958152,0.0028888888888888714,0.052401481481481466,15.999999999743997,0.9562064159999863
tsp225,225,12,20360816,uniform_weights,3919,4193,6.991579484562388,0.0,0.07912444444444444,15.999999999743997,0.9445251410002129
tsp225,225,12,20360816,no_directional_penalty,3919,4190,6.915029344220464,0.0,0.05255481481481481,15.999999999743997,0.9386314560001665
tsp225,225,12,20360816,no_persistence,3919,4293,9.543250829293187,0.15896296296296294,0.2704459259259259,6.899298238365131,0.7768912479996288
tsp225,225,12,20360816,no_local_search,3919,5082,29.67593773921919,0.0,0.03681925925925926,15.999999999743997,0.19366786399996272
tsp225,225,13,20360817,full,3919,4066,3.750956876754274,0.0,0.05665777777777778,15.999999999743997,1.0159215969997604
tsp225,225,13,20360817,uniform_weights,3919,4117,5.052309262566982,0.008629629629629628,0.07094296296296296,15.999999999743997,0.9622720970000955
tsp225,225,13,20360817,no_directional_penalty,3919,4070,3.853023730543506,0.0,0.07745185185185186,15.999999999743997,1.0161853889999293
tsp225,225,13,20360817,no_persistence,3919,4215,7.552947180403164,0.16981481481481484,0.274662962962963,9.261427487155965,0.6884149870002148
tsp225,225,13,20360817,no_local_search,3919,4714,20.28578719060985,0.0,0.03368148148148148,15.999999999743997,0.2035244120002062
tsp225,225,14,20360818,full,3919,4017,2.500637917836183,0.0,0.05101185185185186,15.999999999743997,1.0217576420000114
tsp225,225,14,20360818,uniform_weights,3919,4032,2.8833886195458027,0.0,0.0580762962962963,15.999999999743997,0.9574776800000109
tsp225,225,14,20360818,no_directional_penalty,3919,4034,2.9344220464404183,0.01274074074074074,0.045889629629629634,14.173687038854519,0.964507512000182
tsp225,225,14,20360818,no_persistence,3919,4266,8.854299566215872,0.13744444444444442,0.2379955555555556,13.701248793360886,0.8258498820000568
tsp225,225,14,20360818,no_local_search,3919,4663,18.984434804797143,0.0,0.03916074074074074,15.999999999743997,0.1917198730002383
tsp225,225,15,20360819,full,3919,4219,7.655014034192396,0.0,0.044693333333333335,15.999999999743997,1.0130508719998943
tsp225,225,15,20360819,uniform_weights,3919,4203,7.246746619035468,0.0,0.05521185185185185,15.999999999743997,1.1218983670000853
tsp225,225,15,20360819,no_directional_penalty,3919,4068,3.80199030364889,0.019296296296296294,0.05752222222222222,10.177301256532553,1.0282610630001727
tsp225,225,15,20360819,no_persistence,3919,4131,5.4095432508292935,0.1231111111111111,0.24923111111111107,8.654705300844942,0.8138973070003885
tsp225,225,15,20360819,no_local_search,3919,4650,18.652717529982137,0.0,0.03485555555555555,15.999999999743997,0.22170590600035212
tsp225,225,16,20360820,full,3919,4139,5.6136769584077575,0.012962962962962959,0.05556962962962964,11.669856537529828,1.0842903570001
tsp225,225,16,20360820,uniform_weights,3919,4201,7.195713192140852,0.005333333333333324,0.0748474074074074,15.999999999743997,0.9794060849999369
tsp225,225,16,20360820,no_directional_penalty,3919,4170,6.404695075274304,0.0,0.049659999999999996,15.999999999743997,1.0411934779999683
tsp225,225,16,20360820,no_persistence,3919,4188,6.863995917325848,0.13822222222222222,0.28266592592592593,9.365637023890804,0.8014774650000618
tsp225,225,16,20360820,no_local_search,3919,4978,27.02219954069916,0.0,0.03694962962962963,15.999999999743997,0.2237680379998892
tsp225,225,17,20360821,full,3919,4172,6.45572850216892,0.0,0.07078222222222222,15.999999999743997,1.005494636000094
tsp225,225,17,20360821,uniform_weights,3919,4147,5.8178106659862205,0.018666666666666658,0.06662148148148149,15.999999999743997,1.154031102999852
tsp225,225,17,20360821,no_directional_penalty,3919,4091,4.388874712936974,0.008111111111111098,0.059612592592592585,8.267997032538766,1.205944190000082
tsp225,225,17,20360821,no_persistence,3919,4180,6.659862209747384,0.11985185185185186,0.2627074074074074,11.696802655978297,0.8208398780002426
tsp225,225,17,20360821,no_local_search,3919,4909,25.261546312834906,0.0,0.03853259259259259,15.999999999743997,0.23926614500032883
tsp225,225,18,20360822,full,3919,4193,6.991579484562388,0.0,0.048234814814814814,15.999999999743997,1.2092682699999386
tsp225,225,18,20360822,uniform_weights,3919,4082,4.159224291911202,0.0,0.058869629629629626,15.999999999743997,1.2159045839998726
tsp225,225,18,20360822,no_directional_penalty,3919,4163,6.226078081143148,0.0,0.042511851851851856,15.999999999743997,1.0361743509997723
tsp225,225,18,20360822,no_persistence,3919,4198,7.119163051798928,0.06544444444444444,0.1978962962962963,11.69165944365156,0.8700405670001601
tsp225,225,18,20360822,no_local_search,3919,4572,16.662413881092114,0.0,0.02977259259259259,15.999999999743997,0.21038081999995484
tsp225,225,19,20360823,full,3919,4403,12.350089308497065,0.0,0.059374814814814825,15.999999999743997,0.9336363550000897
tsp225,225,19,20360823,uniform_weights,3919,4379,11.737688185761673,0.01688888888888888,0.07243629629629629,15.999999999743997,0.9352186709998023
tsp225,225,19,20360823,no_directional_penalty,3919,4364,11.354937484052055,0.012000000000000002,0.06645111111111111,12.095462170836521,0.9796720399999685
tsp225,225,19,20360823,no_persistence,3919,4356,11.150803776473591,0.11099999999999999,0.2424851851851852,12.846751945258482,0.8583934309999677
tsp225,225,19,20360823,no_local_search,3919,5160,31.66624138810921,0.0,0.03061037037037037,15.999999999743997,0.20246739200001684
tsp225,225,20,20360824,full,3919,4244,8.292931870375096,0.006111111111111099,0.03953111111111111,5.193554931442373,1.2351317259999632
tsp225,225,20,20360824,uniform_weights,3919,4188,6.863995917325848,0.0,0.05634666666666667,15.999999999743997,1.0312142749999111
tsp225,225,20,20360824,no_directional_penalty,3919,4237,8.11431487624394,0.0,0.04134148148148148,15.999999999743997,1.007892145000369
tsp225,225,20,20360824,no_persistence,3919,4310,9.977034957897423,0.27351851851851855,0.32416222222222224,5.99481545013777,0.671639106999919
tsp225,225,20,20360824,no_local_search,3919,4885,24.649145190099514,0.0,0.03363703703703704,15.999999999743997,0.20930018000035489
