instance,algorithm,run,iteration_index,best_length,gap_percent
berlin52,MWI-H,1,0,14090,86.82047202333598
berlin52,MWI-H,1,1,14090,86.82047202333598
berlin52,MWI-H,1,2,14090,86.82047202333598
berlin52,MWI-H,1,3,14090,86.82047202333598
berlin52,MWI-H,1,4,13852,83.66481039512065
berlin52,MWI-H,1,5,13852,83.66481039512065
berlin52,MWI-H,1,6,13725,81.98090692124104
berlin52,MWI-H,1,7,13725,81.98090692124104
berlin52,MWI-H,1,8,13725,81.98090692124104
berlin52,MWI-H,1,9,13725,81.98090692124104
berlin52,MWI-H,1,10,13725,81.98090692124104
berlin52,MWI-H,1,11,13725,81.98090692124104
berlin52,MWI-H,1,12,13725,81.98090692124104
berlin52,MWI-H,1,13,13725,81.98090692124104
berlin52,MWI-H,1,14,13725,81.98090692124104
berlin52,MWI-H,1,15,13725,81.98090692124104
berlin52,MWI-H,1,16,13725,81.98090692124104
berlin52,MWI-H,1,17,12691,68.27101564571731
berlin52,MWI-H,1,18,12691,68.27101564571731
berlin52,MWI-H,1,19,12691,68.27101564571731
berlin52,MWI-H,1,20,12660,67.85998408910103
berlin52,MWI-H,1,21,12660,67.85998408910103
berlin52,MWI-H,1,22,12660,67.85998408910103
berlin52,MWI-H,1,23,12660,67.85998408910103
berlin52,MWI-H,1,24,12660,67.85998408910103
berlin52,MWI-H,1,25,12660,67.85998408910103
berlin52,MWI-H,1,26,12660,67.85998408910103
berlin52,MWI-H,1,27,12660,67.85998408910103
berlin52,MWI-H,1,28,12660,67.85998408910103
berlin52,MWI-H,1,29,12660,67.85998408910103
berlin52,MWI-H,2,0,13970,85.22938212675683
berlin52,MWI-H,2,1,13970,85.22938212675683
berlin52,MWI-H,2,2,13970,85.22938212675683
berlin52,MWI-H,2,3,13970,85.22938212675683
berlin52,MWI-H,2,4,13970,85.22938212675683
berlin52,MWI-H,2,5,13970,85.22938212675683
berlin52,MWI-H,2,6,13970,85.22938212675683
berlin52,MWI-H,2,7,13970,85.22938212675683
berlin52,MWI-H,2,8,13970,85.22938212675683
berlin52,MWI-H,2,9,13970,85.22938212675683
berlin52,MWI-H,2,10,13970,85.22938212675683
berlin52,MWI-H,2,11,13970,85.22938212675683
berlin52,MWI-H,2,12,13970,85.22938212675683
berlin52,MWI-H,2,13,13970,85.22938212675683
berlin52,MWI-H,2,14,13970,85.22938212675683
berlin52,MWI-H,2,15,13970,85.22938212675683
berlin52,MWI-H,2,16,13970,85.22938212675683
berlin52,MWI-H,2,17,13970,85.22938212675683
berlin52,MWI-H,2,18,13970,85.22938212675683
berlin52,MWI-H,2,19,13970,85.22938212675683
berlin52,MWI-H,2,20,13970,85.22938212675683
berlin52,MWI-H,2,21,13686,81.46380270485282
berlin52,MWI-H,2,22,13686,81.46380270485282
berlin52,MWI-H,2,23,13655,81.05277114823654
berlin52,MWI-H,2,24,13655,81.05277114823654
berlin52,MWI-H,2,25,13655,81.05277114823654
berlin52,MWI-H,2,26,13655,81.05277114823654
berlin52,MWI-H,2,27,13655,81.05277114823654
berlin52,MWI-H,2,28,13465,78.53354547865288
berlin52,MWI-H,2,29,13465,78.53354547865288
berlin52,SA,1,0,17549,132.68363829223017
berlin52,SA,1,1,17549,132.68363829223017
berlin52,SA,1,2,17549,132.68363829223017
berlin52,SA,1,3,17549,132.68363829223017
berlin52,SA,1,4,17549,132.68363829223017
berlin52,SA,1,5,17549,132.68363829223017
berlin52,SA,1,6,17549,132.68363829223017
berlin52,SA,1,7,17549,132.68363829223017
berlin52,SA,1,8,17549,132.68363829223017
berlin52,SA,1,9,17549,132.68363829223017
berlin52,SA,1,10,17549,132.68363829223017
berlin52,SA,1,11,17549,132.68363829223017
berlin52,SA,1,12,17549,132.68363829223017
berlin52,SA,1,13,17549,132.68363829223017
berlin52,SA,1,14,17549,132.68363829223017
berlin52,SA,1,15,17549,132.68363829223017
berlin52,SA,1,16,17549,132.68363829223017
berlin52,SA,1,17,17549,132.68363829223017
berlin52,SA,1,18,17549,132.68363829223017
berlin52,SA,1,19,17549,132.68363829223017
berlin52,SA,1,20,17549,132.68363829223017
berlin52,SA,1,21,17549,132.68363829223017
berlin52,SA,1,22,17549,132.68363829223017
berlin52,SA,1,23,17549,132.68363829223017
berlin52,SA,1,24,17549,132.68363829223017
berlin52,SA,1,25,17549,132.68363829223017
berlin52,SA,1,26,17549,132.68363829223017
berlin52,SA,1,27,17549,132.68363829223017
berlin52,SA,1,28,17549,132.68363829223017
berlin52,SA,1,29,17549,132.68363829223017
berlin52,SA,1,30,17549,132.68363829223017
berlin52,SA,1,31,17549,132.68363829223017
berlin52,SA,1,32,17549,132.68363829223017
berlin52,SA,1,33,17549,132.68363829223017
berlin52,SA,1,34,17549,132.68363829223017
berlin52,SA,1,35,17549,132.68363829223017
berlin52,SA,1,36,17549,132.68363829223017
berlin52,SA,1,37,17549,132.68363829223017
berlin52,SA,1,38,17549,132.68363829223017
berlin52,SA,1,39,17549,132.68363829223017
berlin52,SA,1,40,17549,132.68363829223017
berlin52,SA,1,41,17549,132.68363829223017
berlin52,SA,1,42,17549,132.68363829223017
berlin52,SA,1,43,17549,132.68363829223017
berlin52,SA,1,44,17549,132.68363829223017
berlin52,SA,1,45,17549,132.68363829223017
berlin52,SA,1,46,17549,132.68363829223017
berlin52,SA,1,47,17549,132.68363829223017
berlin52,SA,1,48,17549,132.68363829223017
berlin52,SA,1,49,17549,132.68363829223017
berlin52,SA,1,50,17549,132.68363829223017
berlin52,SA,1,51,17549,132.68363829223017
berlin52,SA,1,52,17549,132.68363829223017
berlin52,SA,1,53,17549,132.68363829223017
berlin52,SA,1,54,17549,132.68363829223017
berlin52,SA,1,55,17549,132.68363829223017
berlin52,SA,1,56,17549,132.68363829223017
berlin52,SA,1,57,17549,132.68363829223017
berlin52,SA,1,58,17549,132.68363829223017
berlin52,SA,1,59,17549,132.68363829223017
berlin52,SA,1,60,17549,132.68363829223017
berlin52,SA,1,61,17549,132.68363829223017
berlin52,SA,1,62,17549,132.68363829223017
berlin52,SA,1,63,17549,132.68363829223017
berlin52,SA,1,64,17549,132.68363829223017
berlin52,SA,1,65,17549,132.68363829223017
berlin52,SA,1,66,17549,132.68363829223017
berlin52,SA,1,67,17549,132.68363829223017
berlin52,SA,1,68,17549,132.68363829223017
berlin52,SA,1,69,17549,132.68363829223017
berlin52,SA,1,70,17549,132.68363829223017
berlin52,SA,1,71,17549,132.68363829223017
berlin52,SA,1,72,17549,132.68363829223017
berlin52,SA,1,73,17549,132.68363829223017
berlin52,SA,1,74,17549,132.68363829223017
berlin52,SA,1,75,17549,132.68363829223017
berlin52,SA,1,76,17549,132.68363829223017
berlin52,SA,1,77,17549,132.68363829223017
berlin52,SA,1,78,17549,132.68363829223017
berlin52,SA,1,79,17549,132.68363829223017
berlin52,SA,1,80,17549,132.68363829223017
berlin52,SA,1,81,17549,132.68363829223017
berlin52,SA,1,82,17549,132.68363829223017
berlin52,SA,1,83,17549,132.68363829223017
berlin52,SA,1,84,17549,132.68363829223017
berlin52,SA,1,85,17549,132.68363829223017
berlin52,SA,1,86,17549,132.68363829223017
berlin52,SA,1,87,17549,132.68363829223017
berlin52,SA,1,88,17549,132.68363829223017
berlin52,SA,1,89,17549,132.68363829223017
berlin52,SA,1,90,17549,132.68363829223017
berlin52,SA,1,91,17549,132.68363829223017
berlin52,SA,1,92,17549,132.68363829223017
berlin52,SA,1,93,17549,132.68363829223017
berlin52,SA,1,94,17549,132.68363829223017
berlin52,SA,1,95,17549,132.68363829223017
berlin52,SA,1,96,17549,132.68363829223017
berlin52,SA,1,97,17549,132.68363829223017
berlin52,SA,1,98,17549,132.68363829223017
berlin52,SA,1,99,17549,132.68363829223017
berlin52,SA,1,100,17549,132.68363829223017
berlin52,SA,1,101,17549,132.68363829223017
berlin52,SA,1,102,17549,132.68363829223017
berlin52,SA,1,103,17549,132.68363829223017
berlin52,SA,1,104,17549,132.68363829223017
berlin52,SA,1,105,17549,132.68363829223017
berlin52,SA,1,106,17549,132.68363829223017
berlin52,SA,1,107,17549,132.68363829223017
berlin52,SA,1,108,17549,132.68363829223017
berlin52,SA,1,109,17549,132.68363829223017
berlin52,SA,1,110,17549,132.68363829223017
berlin52,SA,1,111,17549,132.68363829223017
berlin52,SA,1,112,17549,132.68363829223017
berlin52,SA,1,113,17549,132.68363829223017
berlin52,SA,1,114,17549,132.68363829223017
berlin52,SA,1,115,17549,132.68363829223017
berlin52,SA,1,116,17549,132.68363829223017
berlin52,SA,1,117,17549,132.68363829223017
berlin52,SA,1,118,17549,132.68363829223017
berlin52,SA,1,119,17549,132.68363829223017
berlin52,SA,1,120,17549,132.68363829223017
berlin52,SA,1,121,17549,132.68363829223017
berlin52,SA,1,122,17549,132.68363829223017
berlin52,SA,1,123,17549,132.68363829223017
berlin52,SA,1,124,17549,132.68363829223017
berlin52,SA,1,125,17549,132.68363829223017
berlin52,SA,1,126,17549,132.68363829223017
berlin52,SA,1,127,17549,132.68363829223017
berlin52,SA,1,128,17549,132.68363829223017
berlin52,SA,1,129,17549,132.68363829223017
berlin52,SA,1,130,17549,132.68363829223017
berlin52,SA,1,131,17549,132.68363829223017
berlin52,SA,1,132,17549,132.68363829223017
berlin52,SA,1,133,17549,132.68363829223017
berlin52,SA,1,134,17549,132.68363829223017
berlin52,SA,1,135,17549,132.68363829223017
berlin52,SA,1,136,17549,132.68363829223017
berlin52,SA,1,137,17549,132.68363829223017
berlin52,SA,1,138,17549,132.68363829223017
berlin52,SA,1,139,17549,132.68363829223017
berlin52,SA,1,140,17549,132.68363829223017
berlin52,SA,1,141,17549,132.68363829223017
berlin52,SA,1,142,17549,132.68363829223017
berlin52,SA,1,143,17549,132.68363829223017
berlin52,SA,1,144,17549,132.68363829223017
berlin52,SA,1,145,17549,132.68363829223017
berlin52,SA,1,146,17549,132.68363829223017
berlin52,SA,1,147,17549,132.68363829223017
berlin52,SA,1,148,17549,132.68363829223017
berlin52,SA,1,149,17549,132.68363829223017
berlin52,SA,1,150,17549,132.68363829223017
berlin52,SA,1,151,17549,132.68363829223017
berlin52,SA,1,152,17549,132.68363829223017
berlin52,SA,1,153,17549,132.68363829223017
berlin52,SA,1,154,17549,132.68363829223017
berlin52,SA,1,155,17549,132.68363829223017
berlin52,SA,1,156,17549,132.68363829223017
berlin52,SA,1,157,17549,132.68363829223017
berlin52,SA,1,158,17549,132.68363829223017
berlin52,SA,1,159,17549,132.68363829223017
berlin52,SA,1,160,17549,132.68363829223017
berlin52,SA,1,161,17549,132.68363829223017
berlin52,SA,1,162,17549,132.68363829223017
berlin52,SA,1,163,17549,132.68363829223017
berlin52,SA,1,164,17549,132.68363829223017
berlin52,SA,1,165,17549,132.68363829223017
berlin52,SA,1,166,17549,132.68363829223017
berlin52,SA,1,167,17549,132.68363829223017
berlin52,SA,1,168,17549,132.68363829223017
berlin52,SA,1,169,17549,132.68363829223017
berlin52,SA,1,170,17549,132.68363829223017
berlin52,SA,1,171,17549,132.68363829223017
berlin52,SA,1,172,17549,132.68363829223017
berlin52,SA,1,173,17549,132.68363829223017
berlin52,SA,1,174,17549,132.68363829223017
berlin52,SA,1,175,17549,132.68363829223017
berlin52,SA,1,176,17549,132.68363829223017
berlin52,SA,1,177,17549,132.68363829223017
berlin52,SA,1,178,17549,132.68363829223017
berlin52,SA,1,179,17549,132.68363829223017
berlin52,SA,1,180,17549,132.68363829223017
berlin52,SA,1,181,17549,132.68363829223017
berlin52,SA,1,182,17549,132.68363829223017
berlin52,SA,1,183,17549,132.68363829223017
berlin52,SA,1,184,17549,132.68363829223017
berlin52,SA,1,185,17549,132.68363829223017
berlin52,SA,1,186,17549,132.68363829223017
berlin52,SA,1,187,17549,132.68363829223017
berlin52,SA,1,188,17549,132.68363829223017
berlin52,SA,1,189,17549,132.68363829223017
berlin52,SA,1,190,17549,132.68363829223017
berlin52,SA,1,191,17549,132.68363829223017
berlin52,SA,1,192,17549,132.68363829223017
berlin52,SA,1,193,17549,132.68363829223017
berlin52,SA,1,194,17549,132.68363829223017
berlin52,SA,1,195,17549,132.68363829223017
berlin52,SA,1,196,17549,132.68363829223017
berlin52,SA,1,197,17549,132.68363829223017
berlin52,SA,1,198,17549,132.68363829223017
berlin52,SA,1,199,17549,132.68363829223017
berlin52,SA,1,200,17549,132.68363829223017
berlin52,SA,1,201,17549,132.68363829223017
berlin52,SA,1,202,17549,132.68363829223017
berlin52,SA,1,203,17549,132.68363829223017
berlin52,SA,1,204,17549,132.68363829223017
berlin52,SA,1,205,17549,132.68363829223017
berlin52,SA,1,206,17549,132.68363829223017
berlin52,SA,1,207,17549,132.68363829223017
berlin52,SA,1,208,17549,132.68363829223017
berlin52,SA,1,209,17549,132.68363829223017
berlin52,SA,1,210,17549,132.68363829223017
berlin52,SA,1,211,17549,132.68363829223017
berlin52,SA,1,212,17549,132.68363829223017
berlin52,SA,1,213,17549,132.68363829223017
berlin52,SA,1,214,17549,132.68363829223017
berlin52,SA,1,215,17549,132.68363829223017
berlin52,SA,1,216,17549,132.68363829223017
berlin52,SA,1,217,17549,132.68363829223017
berlin52,SA,1,218,17549,132.68363829223017
berlin52,SA,1,219,17549,132.68363829223017
berlin52,SA,1,220,17549,132.68363829223017
berlin52,SA,1,221,17549,132.68363829223017
berlin52,SA,1,222,17549,132.68363829223017
berlin52,SA,1,223,17549,132.68363829223017
berlin52,SA,1,224,17549,132.68363829223017
berlin52,SA,1,225,17549,132.68363829223017
berlin52,SA,1,226,17549,132.68363829223017
berlin52,SA,1,227,17549,132.68363829223017
berlin52,SA,1,228,17549,132.68363829223017
berlin52,SA,1,229,17549,132.68363829223017
berlin52,SA,1,230,17549,132.68363829223017
berlin52,SA,1,231,17549,132.68363829223017
berlin52,SA,1,232,17549,132.68363829223017
berlin52,SA,1,233,17549,132.68363829223017
berlin52,SA,1,234,17549,132.68363829223017
berlin52,SA,1,235,17549,132.68363829223017
berlin52,SA,1,236,17549,132.68363829223017
berlin52,SA,1,237,17549,132.68363829223017
berlin52,SA,1,238,17549,132.68363829223017
berlin52,SA,1,239,17549,132.68363829223017
berlin52,SA,1,240,17549,132.68363829223017
berlin52,SA,1,241,17549,132.68363829223017
berlin52,SA,1,242,17549,132.68363829223017
berlin52,SA,1,243,17549,132.68363829223017
berlin52,SA,1,244,17549,132.68363829223017
berlin52,SA,1,245,17549,132.68363829223017
berlin52,SA,1,246,17549,132.68363829223017
berlin52,SA,1,247,17549,132.68363829223017
berlin52,SA,1,248,17549,132.68363829223017
berlin52,SA,1,249,17549,132.68363829223017
berlin52,SA,2,0,18168,140.89101034208431
berlin52,SA,2,1,18168,140.89101034208431
berlin52,SA,2,2,18168,140.89101034208431
berlin52,SA,2,3,18168,140.89101034208431
berlin52,SA,2,4,18168,140.89101034208431
berlin52,SA,2,5,18168,140.89101034208431
berlin52,SA,2,6,18168,140.89101034208431
berlin52,SA,2,7,18168,140.89101034208431
berlin52,SA,2,8,18168,140.89101034208431
berlin52,SA,2,9,18168,140.89101034208431
berlin52,SA,2,10,18168,140.89101034208431
berlin52,SA,2,11,18168,140.89101034208431
berlin52,SA,2,12,18168,140.89101034208431
berlin52,SA,2,13,18168,140.89101034208431
berlin52,SA,2,14,18168,140.89101034208431
berlin52,SA,2,15,18168,140.89101034208431
berlin52,SA,2,16,18168,140.89101034208431
berlin52,SA,2,17,18168,140.89101034208431
berlin52,SA,2,18,18168,140.89101034208431
berlin52,SA,2,19,18168,140.89101034208431
berlin52,SA,2,20,18168,140.89101034208431
berlin52,SA,2,21,18168,140.89101034208431
berlin52,SA,2,22,18168,140.89101034208431
berlin52,SA,2,23,18168,140.89101034208431
berlin52,SA,2,24,18168,140.89101034208431
berlin52,SA,2,25,18168,140.89101034208431
berlin52,SA,2,26,18168,140.89101034208431
berlin52,SA,2,27,18168,140.89101034208431
berlin52,SA,2,28,18168,140.89101034208431
berlin52,SA,2,29,18168,140.89101034208431
berlin52,SA,2,30,18168,140.89101034208431
berlin52,SA,2,31,18168,140.89101034208431
berlin52,SA,2,32,18168,140.89101034208431
berlin52,SA,2,33,18168,140.89101034208431
berlin52,SA,2,34,18168,140.89101034208431
berlin52,SA,2,35,18168,140.89101034208431
berlin52,SA,2,36,18168,140.89101034208431
berlin52,SA,2,37,18168,140.89101034208431
berlin52,SA,2,38,18168,140.89101034208431
berlin52,SA,2,39,18168,140.89101034208431
berlin52,SA,2,40,18168,140.89101034208431
berlin52,SA,2,41,18168,140.89101034208431
berlin52,SA,2,42,18168,140.89101034208431
berlin52,SA,2,43,18168,140.89101034208431
berlin52,SA,2,44,18168,140.89101034208431
berlin52,SA,2,45,18168,140.89101034208431
berlin52,SA,2,46,18168,140.89101034208431
berlin52,SA,2,47,18168,140.89101034208431
berlin52,SA,2,48,18168,140.89101034208431
berlin52,SA,2,49,18168,140.89101034208431
berlin52,SA,2,50,18168,140.89101034208431
berlin52,SA,2,51,18168,140.89101034208431
berlin52,SA,2,52,18168,140.89101034208431
berlin52,SA,2,53,18168,140.89101034208431
berlin52,SA,2,54,18168,140.89101034208431
berlin52,SA,2,55,18168,140.89101034208431
berlin52,SA,2,56,18168,140.89101034208431
berlin52,SA,2,57,18168,140.89101034208431
berlin52,SA,2,58,18168,140.89101034208431
berlin52,SA,2,59,18168,140.89101034208431
berlin52,SA,2,60,18168,140.89101034208431
berlin52,SA,2,61,18168,140.89101034208431
berlin52,SA,2,62,18168,140.89101034208431
berlin52,SA,2,63,18168,140.89101034208431
berlin52,SA,2,64,18168,140.89101034208431
berlin52,SA,2,65,18168,140.89101034208431
berlin52,SA,2,66,18168,140.89101034208431
berlin52,SA,2,67,18168,140.89101034208431
berlin52,SA,2,68,18168,140.89101034208431
berlin52,SA,2,69,18168,140.89101034208431
berlin52,SA,2,70,18168,140.89101034208431
berlin52,SA,2,71,18168,140.89101034208431
berlin52,SA,2,72,18168,140.89101034208431
berlin52,SA,2,73,18168,140.89101034208431
berlin52,SA,2,74,18168,140.89101034208431
berlin52,SA,2,75,18168,140.89101034208431
berlin52,SA,2,76,18168,140.89101034208431
berlin52,SA,2,77,18168,140.89101034208431
berlin52,SA,2,78,18168,140.89101034208431
berlin52,SA,2,79,18168,140.89101034208431
berlin52,SA,2,80,18168,140.89101034208431
berlin52,SA,2,81,18168,140.89101034208431
berlin52,SA,2,82,18168,140.89101034208431
berlin52,SA,2,83,18168,140.89101034208431
berlin52,SA,2,84,18168,140.89101034208431
berlin52,SA,2,85,18168,140.89101034208431
berlin52,SA,2,86,18168,140.89101034208431
berlin52,SA,2,87,18168,140.89101034208431
berlin52,SA,2,88,18168,140.89101034208431
berlin52,SA,2,89,18168,140.89101034208431
berlin52,SA,2,90,18168,140.89101034208431
berlin52,SA,2,91,18168,140.89101034208431
berlin52,SA,2,92,18168,140.89101034208431
berlin52,SA,2,93,18168,140.89101034208431
berlin52,SA,2,94,18168,140.89101034208431
berlin52,SA,2,95,18168,140.89101034208431
berlin52,SA,2,96,18168,140.89101034208431
berlin52,SA,2,97,18168,140.89101034208431
berlin52,SA,2,98,18168,140.89101034208431
berlin52,SA,2,99,18168,140.89101034208431
berlin52,SA,2,100,18168,140.89101034208431
berlin52,SA,2,101,18168,140.89101034208431
berlin52,SA,2,102,18168,140.89101034208431
berlin52,SA,2,103,18168,140.89101034208431
berlin52,SA,2,104,18168,140.89101034208431
berlin52,SA,2,105,18168,140.89101034208431
berlin52,SA,2,106,18168,140.89101034208431
berlin52,SA,2,107,18168,140.89101034208431
berlin52,SA,2,108,18168,140.89101034208431
berlin52,SA,2,109,18168,140.89101034208431
berlin52,SA,2,110,18168,140.89101034208431
berlin52,SA,2,111,18168,140.89101034208431
berlin52,SA,2,112,18168,140.89101034208431
berlin52,SA,2,113,18168,140.89101034208431
berlin52,SA,2,114,18168,140.89101034208431
berlin52,SA,2,115,18168,140.89101034208431
berlin52,SA,2,116,18168,140.89101034208431
berlin52,SA,2,117,18168,140.89101034208431
berlin52,SA,2,118,18168,140.89101034208431
berlin52,SA,2,119,18168,140.89101034208431
berlin52,SA,2,120,18168,140.89101034208431
berlin52,SA,2,121,18168,140.89101034208431
berlin52,SA,2,122,18168,140.89101034208431
berlin52,SA,2,123,18168,140.89101034208431
berlin52,SA,2,124,18168,140.89101034208431
berlin52,SA,2,125,18168,140.89101034208431
berlin52,SA,2,126,18168,140.89101034208431
berlin52,SA,2,127,18168,140.89101034208431
berlin52,SA,2,128,18168,140.89101034208431
berlin52,SA,2,129,18168,140.89101034208431
berlin52,SA,2,130,18168,140.89101034208431
berlin52,SA,2,131,18168,140.89101034208431
berlin52,SA,2,132,18168,140.89101034208431
berlin52,SA,2,133,18168,140.89101034208431
berlin52,SA,2,134,18168,140.89101034208431
berlin52,SA,2,135,18168,140.89101034208431
berlin52,SA,2,136,18168,140.89101034208431
berlin52,SA,2,137,18168,140.89101034208431
berlin52,SA,2,138,18168,140.89101034208431
berlin52,SA,2,139,18168,140.89101034208431
berlin52,SA,2,140,18168,140.89101034208431
berlin52,SA,2,141,18168,140.89101034208431
berlin52,SA,2,142,18168,140.89101034208431
berlin52,SA,2,143,18168,140.89101034208431
berlin52,SA,2,144,18168,140.89101034208431
berlin52,SA,2,145,18168,140.89101034208431
berlin52,SA,2,146,18168,140.89101034208431
berlin52,SA,2,147,18168,140.89101034208431
berlin52,SA,2,148,18168,140.89101034208431
berlin52,SA,2,149,18168,140.89101034208431
berlin52,SA,2,150,18168,140.89101034208431
berlin52,SA,2,151,18168,140.89101034208431
berlin52,SA,2,152,18168,140.89101034208431
berlin52,SA,2,153,18168,140.89101034208431
berlin52,SA,2,154,18168,140.89101034208431
berlin52,SA,2,155,18168,140.89101034208431
berlin52,SA,2,156,18168,140.89101034208431
berlin52,SA,2,157,18168,140.89101034208431
berlin52,SA,2,158,18168,140.89101034208431
berlin52,SA,2,159,18168,140.89101034208431
berlin52,SA,2,160,18168,140.89101034208431
berlin52,SA,2,161,18168,140.89101034208431
berlin52,SA,2,162,18168,140.89101034208431
berlin52,SA,2,163,18168,140.89101034208431
berlin52,SA,2,164,18168,140.89101034208431
berlin52,SA,2,165,18168,140.89101034208431
berlin52,SA,2,166,18168,140.89101034208431
berlin52,SA,2,167,18168,140.89101034208431
berlin52,SA,2,168,18168,140.89101034208431
berlin52,SA,2,169,18168,140.89101034208431
berlin52,SA,2,170,18168,140.89101034208431
berlin52,SA,2,171,18168,140.89101034208431
berlin52,SA,2,172,18168,140.89101034208431
berlin52,SA,2,173,18168,140.89101034208431
berlin52,SA,2,174,18168,140.89101034208431
berlin52,SA,2,175,18168,140.89101034208431
berlin52,SA,2,176,18168,140.89101034208431
berlin52,SA,2,177,18168,140.89101034208431
berlin52,SA,2,178,18168,140.89101034208431
berlin52,SA,2,179,18168,140.89101034208431
berlin52,SA,2,180,18168,140.89101034208431
berlin52,SA,2,181,18168,140.89101034208431
berlin52,SA,2,182,18168,140.89101034208431
berlin52,SA,2,183,18168,140.89101034208431
berlin52,SA,2,184,18168,140.89101034208431
berlin52,SA,2,185,18168,140.89101034208431
berlin52,SA,2,186,18168,140.89101034208431
berlin52,SA,2,187,18168,140.89101034208431
berlin52,SA,2,188,18168,140.89101034208431
berlin52,SA,2,189,18168,140.89101034208431
berlin52,SA,2,190,18168,140.89101034208431
berlin52,SA,2,191,18168,140.89101034208431
berlin52,SA,2,192,18168,140.89101034208431
berlin52,SA,2,193,18168,140.89101034208431
berlin52,SA,2,194,18168,140.89101034208431
berlin52,SA,2,195,18168,140.89101034208431
berlin52,SA,2,196,18168,140.89101034208431
berlin52,SA,2,197,18168,140.89101034208431
berlin52,SA,2,198,18168,140.89101034208431
berlin52,SA,2,199,18168,140.89101034208431
berlin52,SA,2,200,18168,140.89101034208431
berlin52,SA,2,201,18168,140.89101034208431
berlin52,SA,2,202,18168,140.89101034208431
berlin52,SA,2,203,18168,140.89101034208431
berlin52,SA,2,204,18168,140.89101034208431
berlin52,SA,2,205,18168,140.89101034208431
berlin52,SA,2,206,18168,140.89101034208431
berlin52,SA,2,207,18168,140.89101034208431
berlin52,SA,2,208,18168,140.89101034208431
berlin52,SA,2,209,18168,140.89101034208431
berlin52,SA,2,210,18168,140.89101034208431
berlin52,SA,2,211,18168,140.89101034208431
berlin52,SA,2,212,18168,140.89101034208431
berlin52,SA,2,213,18168,140.89101034208431
berlin52,SA,2,214,18168,140.89101034208431
berlin52,SA,2,215,18168,140.89101034208431
berlin52,SA,2,216,18168,140.89101034208431
berlin52,SA,2,217,18168,140.89101034208431
berlin52,SA,2,218,18168,140.89101034208431
berlin52,SA,2,219,18168,140.89101034208431
berlin52,SA,2,220,18168,140.89101034208431
berlin52,SA,2,221,18168,140.89101034208431
berlin52,SA,2,222,18168,140.89101034208431
berlin52,SA,2,223,18168,140.89101034208431
berlin52,SA,2,224,18168,140.89101034208431
berlin52,SA,2,225,18168,140.89101034208431
berlin52,SA,2,226,18168,140.89101034208431
berlin52,SA,2,227,18168,140.89101034208431
berlin52,SA,2,228,18168,140.89101034208431
berlin52,SA,2,229,18168,140.89101034208431
berlin52,SA,2,230,18168,140.89101034208431
berlin52,SA,2,231,18168,140.89101034208431
berlin52,SA,2,232,18168,140.89101034208431
berlin52,SA,2,233,18168,140.89101034208431
berlin52,SA,2,234,18168,140.89101034208431
berlin52,SA,2,235,18168,140.89101034208431
berlin52,SA,2,236,18168,140.89101034208431
berlin52,SA,2,237,18168,140.89101034208431
berlin52,SA,2,238,18168,140.89101034208431
berlin52,SA,2,239,18168,140.89101034208431
berlin52,SA,2,240,18168,140.89101034208431
berlin52,SA,2,241,18168,140.89101034208431
berlin52,SA,2,242,18168,140.89101034208431
berlin52,SA,2,243,18168,140.89101034208431
berlin52,SA,2,244,18168,140.89101034208431
berlin52,SA,2,245,18168,140.89101034208431
berlin52,SA,2,246,18168,140.89101034208431
berlin52,SA,2,247,18168,140.89101034208431
berlin52,SA,2,248,18168,140.89101034208431
berlin52,SA,2,249,18168,140.89101034208431
berlin52,GA,1,0,15645,107.43834526650755
berlin52,GA,1,1,15645,107.43834526650755
berlin52,GA,1,2,15645,107.43834526650755
berlin52,GA,1,3,15645,107.43834526650755
berlin52,GA,1,4,15645,107.43834526650755
berlin52,GA,1,5,15533,105.95332802970034
berlin52,GA,1,6,15501,105.52903739061257
berlin52,GA,1,7,15501,105.52903739061257
berlin52,GA,1,8,15042,99.44311853619729
berlin52,GA,1,9,15042,99.44311853619729
berlin52,GA,1,10,14837,96.72500662954124
berlin52,GA,1,11,14837,96.72500662954124
berlin52,GA,1,12,14837,96.72500662954124
berlin52,GA,1,13,14837,96.72500662954124
berlin52,GA,1,14,14483,92.03129143463272
berlin52,GA,1,15,14483,92.03129143463272
berlin52,GA,1,16,14483,92.03129143463272
berlin52,GA,1,17,14483,92.03129143463272
berlin52,GA,1,18,14483,92.03129143463272
berlin52,GA,1,19,14265,89.14081145584726
berlin52,GA,1,20,14265,89.14081145584726
berlin52,GA,1,21,14102,86.9795810129939
berlin52,GA,1,22,13181,74.76796605674888
berlin52,GA,1,23,13174,74.67515247944843
berlin52,GA,1,24,13030,72.76584460355343
berlin52,GA,1,25,12962,71.86422699549192
berlin52,GA,1,26,12371,64.02810925483956
berlin52,GA,1,27,12371,64.02810925483956
berlin52,GA,1,28,12371,64.02810925483956
berlin52,GA,1,29,12371,64.02810925483956
berlin52,GA,2,0,16251,115.4733492442323
berlin52,GA,2,1,16251,115.4733492442323
berlin52,GA,2,2,16251,115.4733492442323
berlin52,GA,2,3,16251,115.4733492442323
berlin52,GA,2,4,16251,115.4733492442323
berlin52,GA,2,5,16251,115.4733492442323
berlin52,GA,2,6,16251,115.4733492442323
berlin52,GA,2,7,16251,115.4733492442323
berlin52,GA,2,8,16251,115.4733492442323
berlin52,GA,2,9,16140,114.00159108989658
berlin52,GA,2,10,16140,114.00159108989658
berlin52,GA,2,11,15818,109.73216653407584
berlin52,GA,2,12,15818,109.73216653407584
berlin52,GA,2,13,15818,109.73216653407584
berlin52,GA,2,14,15818,109.73216653407584
berlin52,GA,2,15,15818,109.73216653407584
berlin52,GA,2,16,15680,107.90241315300982
berlin52,GA,2,17,15680,107.90241315300982
berlin52,GA,2,18,15646,107.45160434897905
berlin52,GA,2,19,15646,107.45160434897905
berlin52,GA,2,20,15539,106.0328825245293
berlin52,GA,2,21,15539,106.0328825245293
berlin52,GA,2,22,15539,106.0328825245293
berlin52,GA,2,23,15539,106.0328825245293
berlin52,GA,2,24,15539,106.0328825245293
berlin52,GA,2,25,15539,106.0328825245293
berlin52,GA,2,26,15068,99.7878546804561
berlin52,GA,2,27,15068,99.7878546804561
berlin52,GA,2,28,14562,93.07875894988067
berlin52,GA,2,29,14562,93.07875894988067
berlin52,ACO,1,0,8864,17.52850702731371
berlin52,ACO,1,1,8741,15.897639883320075
berlin52,ACO,1,2,8741,15.897639883320075
berlin52,ACO,1,3,8606,14.107663749668523
berlin52,ACO,1,4,8606,14.107663749668523
berlin52,ACO,1,5,8606,14.107663749668523
berlin52,ACO,1,6,8567,13.590559533280297
berlin52,ACO,1,7,8559,13.484486873508354
berlin52,ACO,1,8,8559,13.484486873508354
berlin52,ACO,1,9,8559,13.484486873508354
berlin52,ACO,1,10,8559,13.484486873508354
berlin52,ACO,1,11,8503,12.741978255104748
berlin52,ACO,2,0,8953,18.708565367276584
berlin52,ACO,2,1,8927,18.363829223017767
berlin52,ACO,2,2,8812,16.839034738796077
berlin52,ACO,2,3,8812,16.839034738796077
berlin52,ACO,2,4,8812,16.839034738796077
berlin52,ACO,2,5,8458,12.145319543887563
berlin52,ACO,2,6,8458,12.145319543887563
berlin52,ACO,2,7,8458,12.145319543887563
berlin52,ACO,2,8,8458,12.145319543887563
berlin52,ACO,2,9,8458,12.145319543887563
berlin52,ACO,2,10,8458,12.145319543887563
berlin52,ACO,2,11,8458,12.145319543887563
berlin52,ABC/BCO,1,0,13520,79.262795014585
berlin52,ABC/BCO,1,1,13520,79.262795014585
berlin52,ABC/BCO,1,2,13277,76.04083797401219
berlin52,ABC/BCO,1,3,13274,76.00106072659771
berlin52,ABC/BCO,1,4,13158,74.46300715990454
berlin52,ABC/BCO,1,5,13158,74.46300715990454
berlin52,ABC/BCO,1,6,12991,72.24874038716521
berlin52,ABC/BCO,1,7,12991,72.24874038716521
berlin52,ABC/BCO,1,8,12857,70.47202333598516
berlin52,ABC/BCO,1,9,12857,70.47202333598516
berlin52,ABC/BCO,1,10,12160,61.230442853354546
berlin52,ABC/BCO,1,11,11814,56.64280031821798
berlin52,ABC/BCO,1,12,11814,56.64280031821798
berlin52,ABC/BCO,1,13,11814,56.64280031821798
berlin52,ABC/BCO,1,14,11800,56.45717316361708
berlin52,ABC/BCO,1,15,11784,56.24502784407319
berlin52,ABC/BCO,1,16,11777,56.15221426677274
berlin52,ABC/BCO,1,17,11344,50.41103155661628
berlin52,ABC/BCO,1,18,11344,50.41103155661628
berlin52,ABC/BCO,1,19,11164,48.02439671174755
berlin52,ABC/BCO,1,20,11108,47.28188809334394
berlin52,ABC/BCO,1,21,10967,45.41235746486343
berlin52,ABC/BCO,1,22,10718,42.11084592946168
berlin52,ABC/BCO,1,23,10718,42.11084592946168
berlin52,ABC/BCO,1,24,10688,41.713073455316895
berlin52,ABC/BCO,1,25,10622,40.83797401219836
berlin52,ABC/BCO,1,26,10622,40.83797401219836
berlin52,ABC/BCO,1,27,10550,39.88332007425086
berlin52,ABC/BCO,1,28,10550,39.88332007425086
berlin52,ABC/BCO,1,29,10402,37.9209758684699
berlin52,ABC/BCO,2,0,14590,93.45001325908247
berlin52,ABC/BCO,2,1,14580,93.31742243436754
berlin52,ABC/BCO,2,2,13479,78.71917263325378
berlin52,ABC/BCO,2,3,13446,78.28162291169451
berlin52,ABC/BCO,2,4,13446,78.28162291169451
berlin52,ABC/BCO,2,5,13243,75.59002916998143
berlin52,ABC/BCO,2,6,13230,75.41766109785203
berlin52,ABC/BCO,2,7,13230,75.41766109785203
berlin52,ABC/BCO,2,8,12981,72.11614956245027
berlin52,ABC/BCO,2,9,12937,71.5327499337046
berlin52,ABC/BCO,2,10,12788,69.55714664545214
berlin52,ABC/BCO,2,11,12788,69.55714664545214
berlin52,ABC/BCO,2,12,12652,67.7539114293291
berlin52,ABC/BCO,2,13,12652,67.7539114293291
berlin52,ABC/BCO,2,14,12405,64.47891805887032
berlin52,ABC/BCO,2,15,12233,62.19835587377354
berlin52,ABC/BCO,2,16,12233,62.19835587377354
berlin52,ABC/BCO,2,17,12207,61.85361972951472
berlin52,ABC/BCO,2,18,12067,59.9973481835057
berlin52,ABC/BCO,2,19,12067,59.9973481835057
berlin52,ABC/BCO,2,20,12067,59.9973481835057
berlin52,ABC/BCO,2,21,11870,57.385308936621584
berlin52,ABC/BCO,2,22,11869,57.37204985415009
berlin52,ABC/BCO,2,23,11537,52.970034473614426
berlin52,ABC/BCO,2,24,11493,52.38663484486874
berlin52,ABC/BCO,2,25,11116,47.387960753115884
berlin52,ABC/BCO,2,26,11116,47.387960753115884
berlin52,ABC/BCO,2,27,11116,47.387960753115884
berlin52,ABC/BCO,2,28,10960,45.31954388756298
berlin52,ABC/BCO,2,29,10960,45.31954388756298
ch150,MWI-H,1,0,12331,88.89399509803921
ch150,MWI-H,1,1,12331,88.89399509803921
ch150,MWI-H,1,2,12331,88.89399509803921
ch150,MWI-H,1,3,12331,88.89399509803921
ch150,MWI-H,1,4,12331,88.89399509803921
ch150,MWI-H,1,5,12331,88.89399509803921
ch150,MWI-H,1,6,12331,88.89399509803921
ch150,MWI-H,1,7,12331,88.89399509803921
ch150,MWI-H,1,8,12331,88.89399509803921
ch150,MWI-H,1,9,12331,88.89399509803921
ch150,MWI-H,1,10,12331,88.89399509803921
ch150,MWI-H,1,11,12331,88.89399509803921
ch150,MWI-H,1,12,12331,88.89399509803921
ch150,MWI-H,1,13,12331,88.89399509803921
ch150,MWI-H,1,14,12331,88.89399509803921
ch150,MWI-H,1,15,12331,88.89399509803921
ch150,MWI-H,1,16,12331,88.89399509803921
ch150,MWI-H,1,17,12331,88.89399509803921
ch150,MWI-H,1,18,12331,88.89399509803921
ch150,MWI-H,1,19,12331,88.89399509803921
ch150,MWI-H,1,20,12331,88.89399509803921
ch150,MWI-H,1,21,12331,88.89399509803921
ch150,MWI-H,1,22,12331,88.89399509803921
ch150,MWI-H,1,23,12331,88.89399509803921
ch150,MWI-H,1,24,12331,88.89399509803921
ch150,MWI-H,1,25,12331,88.89399509803921
ch150,MWI-H,1,26,12331,88.89399509803921
ch150,MWI-H,1,27,12331,88.89399509803921
ch150,MWI-H,1,28,12331,88.89399509803921
ch150,MWI-H,1,29,12331,88.89399509803921
ch150,MWI-H,2,0,12875,97.22732843137256
ch150,MWI-H,2,1,12875,97.22732843137256
ch150,MWI-H,2,2,12875,97.22732843137256
ch150,MWI-H,2,3,12875,97.22732843137256
ch150,MWI-H,2,4,12875,97.22732843137256
ch150,MWI-H,2,5,12875,97.22732843137256
ch150,MWI-H,2,6,12875,97.22732843137256
ch150,MWI-H,2,7,12875,97.22732843137256
ch150,MWI-H,2,8,12875,97.22732843137256
ch150,MWI-H,2,9,12875,97.22732843137256
ch150,MWI-H,2,10,12875,97.22732843137256
ch150,MWI-H,2,11,12875,97.22732843137256
ch150,MWI-H,2,12,12875,97.22732843137256
ch150,MWI-H,2,13,12875,97.22732843137256
ch150,MWI-H,2,14,12875,97.22732843137256
ch150,MWI-H,2,15,12875,97.22732843137256
ch150,MWI-H,2,16,12875,97.22732843137256
ch150,MWI-H,2,17,12875,97.22732843137256
ch150,MWI-H,2,18,12875,97.22732843137256
ch150,MWI-H,2,19,12875,97.22732843137256
ch150,MWI-H,2,20,12875,97.22732843137256
ch150,MWI-H,2,21,12875,97.22732843137256
ch150,MWI-H,2,22,12875,97.22732843137256
ch150,MWI-H,2,23,12875,97.22732843137256
ch150,MWI-H,2,24,12875,97.22732843137256
ch150,MWI-H,2,25,12875,97.22732843137256
ch150,MWI-H,2,26,12875,97.22732843137256
ch150,MWI-H,2,27,12875,97.22732843137256
ch150,MWI-H,2,28,12875,97.22732843137256
ch150,MWI-H,2,29,12875,97.22732843137256
ch150,SA,1,0,14331,119.53125
ch150,SA,1,1,14331,119.53125
ch150,SA,1,2,14331,119.53125
ch150,SA,1,3,14331,119.53125
ch150,SA,1,4,14331,119.53125
ch150,SA,1,5,14331,119.53125
ch150,SA,1,6,14331,119.53125
ch150,SA,1,7,14331,119.53125
ch150,SA,1,8,14331,119.53125
ch150,SA,1,9,14331,119.53125
ch150,SA,1,10,14331,119.53125
ch150,SA,1,11,14331,119.53125
ch150,SA,1,12,14331,119.53125
ch150,SA,1,13,14331,119.53125
ch150,SA,1,14,14331,119.53125
ch150,SA,1,15,14331,119.53125
ch150,SA,1,16,14331,119.53125
ch150,SA,1,17,14331,119.53125
ch150,SA,1,18,14331,119.53125
ch150,SA,1,19,14331,119.53125
ch150,SA,1,20,14331,119.53125
ch150,SA,1,21,14331,119.53125
ch150,SA,1,22,14331,119.53125
ch150,SA,1,23,14331,119.53125
ch150,SA,1,24,14331,119.53125
ch150,SA,1,25,14331,119.53125
ch150,SA,1,26,14331,119.53125
ch150,SA,1,27,14331,119.53125
ch150,SA,1,28,14331,119.53125
ch150,SA,1,29,14331,119.53125
ch150,SA,1,30,14331,119.53125
ch150,SA,1,31,14331,119.53125
ch150,SA,1,32,14331,119.53125
ch150,SA,1,33,14331,119.53125
ch150,SA,1,34,14331,119.53125
ch150,SA,1,35,14331,119.53125
ch150,SA,1,36,14331,119.53125
ch150,SA,1,37,14331,119.53125
ch150,SA,1,38,14331,119.53125
ch150,SA,1,39,14331,119.53125
ch150,SA,1,40,14331,119.53125
ch150,SA,1,41,14331,119.53125
ch150,SA,1,42,14331,119.53125
ch150,SA,1,43,14331,119.53125
ch150,SA,1,44,14331,119.53125
ch150,SA,1,45,14331,119.53125
ch150,SA,1,46,14331,119.53125
ch150,SA,1,47,14331,119.53125
ch150,SA,1,48,14331,119.53125
ch150,SA,1,49,14331,119.53125
ch150,SA,1,50,14331,119.53125
ch150,SA,1,51,14331,119.53125
ch150,SA,1,52,14331,119.53125
ch150,SA,1,53,14331,119.53125
ch150,SA,1,54,14331,119.53125
ch150,SA,1,55,14331,119.53125
ch150,SA,1,56,14331,119.53125
ch150,SA,1,57,14331,119.53125
ch150,SA,1,58,14331,119.53125
ch150,SA,1,59,14331,119.53125
ch150,SA,1,60,14331,119.53125
ch150,SA,1,61,14331,119.53125
ch150,SA,1,62,14331,119.53125
ch150,SA,1,63,14331,119.53125
ch150,SA,1,64,14331,119.53125
ch150,SA,1,65,14331,119.53125
ch150,SA,1,66,14331,119.53125
ch150,SA,1,67,14331,119.53125
ch150,SA,1,68,14331,119.53125
ch150,SA,1,69,14331,119.53125
ch150,SA,1,70,14331,119.53125
ch150,SA,1,71,14331,119.53125
ch150,SA,1,72,14331,119.53125
ch150,SA,1,73,14331,119.53125
ch150,SA,1,74,14331,119.53125
ch150,SA,1,75,14331,119.53125
ch150,SA,1,76,14331,119.53125
ch150,SA,1,77,14331,119.53125
ch150,SA,1,78,14331,119.53125
ch150,SA,1,79,14331,119.53125
ch150,SA,1,80,14331,119.53125
ch150,SA,1,81,14331,119.53125
ch150,SA,1,82,14331,119.53125
ch150,SA,1,83,14331,119.53125
ch150,SA,1,84,14331,119.53125
ch150,SA,1,85,14331,119.53125
ch150,SA,1,86,14331,119.53125
ch150,SA,1,87,14331,119.53125
ch150,SA,1,88,14331,119.53125
ch150,SA,1,89,14331,119.53125
ch150,SA,1,90,14331,119.53125
ch150,SA,1,91,14331,119.53125
ch150,SA,1,92,14331,119.53125
ch150,SA,1,93,14331,119.53125
ch150,SA,1,94,14331,119.53125
ch150,SA,1,95,14331,119.53125
ch150,SA,1,96,14331,119.53125
ch150,SA,1,97,14331,119.53125
ch150,SA,1,98,14331,119.53125
ch150,SA,1,99,14331,119.53125
ch150,SA,1,100,14331,119.53125
ch150,SA,1,101,14331,119.53125
ch150,SA,1,102,14331,119.53125
ch150,SA,1,103,14331,119.53125
ch150,SA,1,104,14331,119.53125
ch150,SA,1,105,14331,119.53125
ch150,SA,1,106,14331,119.53125
ch150,SA,1,107,14331,119.53125
ch150,SA,1,108,14331,119.53125
ch150,SA,1,109,14331,119.53125
ch150,SA,1,110,14331,119.53125
ch150,SA,1,111,14331,119.53125
ch150,SA,1,112,14331,119.53125
ch150,SA,1,113,14331,119.53125
ch150,SA,1,114,14331,119.53125
ch150,SA,1,115,14331,119.53125
ch150,SA,1,116,14331,119.53125
ch150,SA,1,117,14331,119.53125
ch150,SA,1,118,14331,119.53125
ch150,SA,1,119,14331,119.53125
ch150,SA,1,120,14331,119.53125
ch150,SA,1,121,14331,119.53125
ch150,SA,1,122,14331,119.53125
ch150,SA,1,123,14331,119.53125
ch150,SA,1,124,14331,119.53125
ch150,SA,1,125,14331,119.53125
ch150,SA,1,126,14331,119.53125
ch150,SA,1,127,14331,119.53125
ch150,SA,1,128,14331,119.53125
ch150,SA,1,129,14331,119.53125
ch150,SA,1,130,14331,119.53125
ch150,SA,1,131,14331,119.53125
ch150,SA,1,132,14331,119.53125
ch150,SA,1,133,14331,119.53125
ch150,SA,1,134,14331,119.53125
ch150,SA,1,135,14331,119.53125
ch150,SA,1,136,14331,119.53125
ch150,SA,1,137,14331,119.53125
ch150,SA,1,138,14331,119.53125
ch150,SA,1,139,14331,119.53125
ch150,SA,1,140,14331,119.53125
ch150,SA,1,141,14331,119.53125
ch150,SA,1,142,14331,119.53125
ch150,SA,1,143,14331,119.53125
ch150,SA,1,144,14331,119.53125
ch150,SA,1,145,14331,119.53125
ch150,SA,1,146,14331,119.53125
ch150,SA,1,147,14331,119.53125
ch150,SA,1,148,14331,119.53125
ch150,SA,1,149,14331,119.53125
ch150,SA,1,150,14331,119.53125
ch150,SA,1,151,14331,119.53125
ch150,SA,1,152,14331,119.53125
ch150,SA,1,153,14331,119.53125
ch150,SA,1,154,14331,119.53125
ch150,SA,1,155,14331,119.53125
ch150,SA,1,156,14331,119.53125
ch150,SA,1,157,14331,119.53125
ch150,SA,1,158,14331,119.53125
ch150,SA,1,159,14331,119.53125
ch150,SA,1,160,14331,119.53125
ch150,SA,1,161,14331,119.53125
ch150,SA,1,162,14331,119.53125
ch150,SA,1,163,14331,119.53125
ch150,SA,1,164,14331,119.53125
ch150,SA,1,165,14331,119.53125
ch150,SA,1,166,14331,119.53125
ch150,SA,1,167,14331,119.53125
ch150,SA,1,168,14331,119.53125
ch150,SA,1,169,14331,119.53125
ch150,SA,1,170,14331,119.53125
ch150,SA,1,171,14331,119.53125
ch150,SA,1,172,14331,119.53125
ch150,SA,1,173,14331,119.53125
ch150,SA,1,174,14331,119.53125
ch150,SA,1,175,14331,119.53125
ch150,SA,1,176,14331,119.53125
ch150,SA,1,177,14331,119.53125
ch150,SA,1,178,14331,119.53125
ch150,SA,1,179,14331,119.53125
ch150,SA,1,180,14331,119.53125
ch150,SA,1,181,14331,119.53125
ch150,SA,1,182,14331,119.53125
ch150,SA,1,183,14331,119.53125
ch150,SA,1,184,14331,119.53125
ch150,SA,1,185,14331,119.53125
ch150,SA,1,186,14331,119.53125
ch150,SA,1,187,14331,119.53125
ch150,SA,1,188,14331,119.53125
ch150,SA,1,189,14331,119.53125
ch150,SA,1,190,14331,119.53125
ch150,SA,1,191,14331,119.53125
ch150,SA,1,192,14331,119.53125
ch150,SA,1,193,14331,119.53125
ch150,SA,1,194,14331,119.53125
ch150,SA,1,195,14331,119.53125
ch150,SA,1,196,14331,119.53125
ch150,SA,1,197,14331,119.53125
ch150,SA,1,198,14331,119.53125
ch150,SA,1,199,14331,119.53125
ch150,SA,1,200,14331,119.53125
ch150,SA,1,201,14331,119.53125
ch150,SA,1,202,14331,119.53125
ch150,SA,1,203,14331,119.53125
ch150,SA,1,204,14331,119.53125
ch150,SA,1,205,14331,119.53125
ch150,SA,1,206,14331,119.53125
ch150,SA,1,207,14331,119.53125
ch150,SA,1,208,14331,119.53125
ch150,SA,1,209,14331,119.53125
ch150,SA,1,210,14331,119.53125
ch150,SA,1,211,14331,119.53125
ch150,SA,1,212,14331,119.53125
ch150,SA,1,213,14331,119.53125
ch150,SA,1,214,14331,119.53125
ch150,SA,1,215,14331,119.53125
ch150,SA,1,216,14331,119.53125
ch150,SA,1,217,14331,119.53125
ch150,SA,1,218,14331,119.53125
ch150,SA,1,219,14331,119.53125
ch150,SA,1,220,14331,119.53125
ch150,SA,1,221,14331,119.53125
ch150,SA,1,222,14331,119.53125
ch150,SA,1,223,14331,119.53125
ch150,SA,1,224,14331,119.53125
ch150,SA,1,225,14331,119.53125
ch150,SA,1,226,14331,119.53125
ch150,SA,1,227,14331,119.53125
ch150,SA,1,228,14331,119.53125
ch150,SA,1,229,14331,119.53125
ch150,SA,1,230,14331,119.53125
ch150,SA,1,231,14331,119.53125
ch150,SA,1,232,14331,119.53125
ch150,SA,1,233,14331,119.53125
ch150,SA,1,234,14331,119.53125
ch150,SA,1,235,14331,119.53125
ch150,SA,1,236,14331,119.53125
ch150,SA,1,237,14331,119.53125
ch150,SA,1,238,14331,119.53125
ch150,SA,1,239,14331,119.53125
ch150,SA,1,240,14331,119.53125
ch150,SA,1,241,14331,119.53125
ch150,SA,1,242,14331,119.53125
ch150,SA,1,243,14331,119.53125
ch150,SA,1,244,14331,119.53125
ch150,SA,1,245,14331,119.53125
ch150,SA,1,246,14331,119.53125
ch150,SA,1,247,14331,119.53125
ch150,SA,1,248,14331,119.53125
ch150,SA,1,249,14331,119.53125
ch150,SA,2,0,13410,105.42279411764706
ch150,SA,2,1,13410,105.42279411764706
ch150,SA,2,2,13410,105.42279411764706
ch150,SA,2,3,13410,105.42279411764706
ch150,SA,2,4,13410,105.42279411764706
ch150,SA,2,5,13410,105.42279411764706
ch150,SA,2,6,13410,105.42279411764706
ch150,SA,2,7,13410,105.42279411764706
ch150,SA,2,8,13410,105.42279411764706
ch150,SA,2,9,13410,105.42279411764706
ch150,SA,2,10,13410,105.42279411764706
ch150,SA,2,11,13410,105.42279411764706
ch150,SA,2,12,13410,105.42279411764706
ch150,SA,2,13,13410,105.42279411764706
ch150,SA,2,14,13410,105.42279411764706
ch150,SA,2,15,13410,105.42279411764706
ch150,SA,2,16,13410,105.42279411764706
ch150,SA,2,17,13410,105.42279411764706
ch150,SA,2,18,13410,105.42279411764706
ch150,SA,2,19,13410,105.42279411764706
ch150,SA,2,20,13410,105.42279411764706
ch150,SA,2,21,13410,105.42279411764706
ch150,SA,2,22,13410,105.42279411764706
ch150,SA,2,23,13410,105.42279411764706
ch150,SA,2,24,13410,105.42279411764706
ch150,SA,2,25,13410,105.42279411764706
ch150,SA,2,26,13410,105.42279411764706
ch150,SA,2,27,13410,105.42279411764706
ch150,SA,2,28,13410,105.42279411764706
ch150,SA,2,29,13410,105.42279411764706
ch150,SA,2,30,13410,105.42279411764706
ch150,SA,2,31,13410,105.42279411764706
ch150,SA,2,32,13410,105.42279411764706
ch150,SA,2,33,13410,105.42279411764706
ch150,SA,2,34,13410,105.42279411764706
ch150,SA,2,35,13410,105.42279411764706
ch150,SA,2,36,13410,105.42279411764706
ch150,SA,2,37,13410,105.42279411764706
ch150,SA,2,38,13410,105.42279411764706
ch150,SA,2,39,13410,105.42279411764706
ch150,SA,2,40,13410,105.42279411764706
ch150,SA,2,41,13410,105.42279411764706
ch150,SA,2,42,13410,105.42279411764706
ch150,SA,2,43,13410,105.42279411764706
ch150,SA,2,44,13410,105.42279411764706
ch150,SA,2,45,13410,105.42279411764706
ch150,SA,2,46,13410,105.42279411764706
ch150,SA,2,47,13410,105.42279411764706
ch150,SA,2,48,13410,105.42279411764706
ch150,SA,2,49,13410,105.42279411764706
ch150,SA,2,50,13410,105.42279411764706
ch150,SA,2,51,13410,105.42279411764706
ch150,SA,2,52,13410,105.42279411764706
ch150,SA,2,53,13410,105.42279411764706
ch150,SA,2,54,13410,105.42279411764706
ch150,SA,2,55,13410,105.42279411764706
ch150,SA,2,56,13410,105.42279411764706
ch150,SA,2,57,13410,105.42279411764706
ch150,SA,2,58,13410,105.42279411764706
ch150,SA,2,59,13410,105.42279411764706
ch150,SA,2,60,13410,105.42279411764706
ch150,SA,2,61,13410,105.42279411764706
ch150,SA,2,62,13410,105.42279411764706
ch150,SA,2,63,13410,105.42279411764706
ch150,SA,2,64,13410,105.42279411764706
ch150,SA,2,65,13410,105.42279411764706
ch150,SA,2,66,13410,105.42279411764706
ch150,SA,2,67,13410,105.42279411764706
ch150,SA,2,68,13410,105.42279411764706
ch150,SA,2,69,13410,105.42279411764706
ch150,SA,2,70,13410,105.42279411764706
ch150,SA,2,71,13410,105.42279411764706
ch150,SA,2,72,13410,105.42279411764706
ch150,SA,2,73,13410,105.42279411764706
ch150,SA,2,74,13410,105.42279411764706
ch150,SA,2,75,13410,105.42279411764706
ch150,SA,2,76,13410,105.42279411764706
ch150,SA,2,77,13410,105.42279411764706
ch150,SA,2,78,13410,105.42279411764706
ch150,SA,2,79,13410,105.42279411764706
ch150,SA,2,80,13410,105.42279411764706
ch150,SA,2,81,13410,105.42279411764706
ch150,SA,2,82,13410,105.42279411764706
ch150,SA,2,83,13410,105.42279411764706
ch150,SA,2,84,13410,105.42279411764706
ch150,SA,2,85,13410,105.42279411764706
ch150,SA,2,86,13410,105.42279411764706
ch150,SA,2,87,13410,105.42279411764706
ch150,SA,2,88,13410,105.42279411764706
ch150,SA,2,89,13410,105.42279411764706
ch150,SA,2,90,13410,105.42279411764706
ch150,SA,2,91,13410,105.42279411764706
ch150,SA,2,92,13410,105.42279411764706
ch150,SA,2,93,13410,105.42279411764706
ch150,SA,2,94,13410,105.42279411764706
ch150,SA,2,95,13410,105.42279411764706
ch150,SA,2,96,13410,105.42279411764706
ch150,SA,2,97,13410,105.42279411764706
ch150,SA,2,98,13410,105.42279411764706
ch150,SA,2,99,13410,105.42279411764706
ch150,SA,2,100,13410,105.42279411764706
ch150,SA,2,101,13410,105.42279411764706
ch150,SA,2,102,13410,105.42279411764706
ch150,SA,2,103,13410,105.42279411764706
ch150,SA,2,104,13410,105.42279411764706
ch150,SA,2,105,13410,105.42279411764706
ch150,SA,2,106,13410,105.42279411764706
ch150,SA,2,107,13410,105.42279411764706
ch150,SA,2,108,13410,105.42279411764706
ch150,SA,2,109,13410,105.42279411764706
ch150,SA,2,110,13410,105.42279411764706
ch150,SA,2,111,13410,105.42279411764706
ch150,SA,2,112,13410,105.42279411764706
ch150,SA,2,113,13410,105.42279411764706
ch150,SA,2,114,13410,105.42279411764706
ch150,SA,2,115,13410,105.42279411764706
ch150,SA,2,116,13410,105.42279411764706
ch150,SA,2,117,13410,105.42279411764706
ch150,SA,2,118,13410,105.42279411764706
ch150,SA,2,119,13410,105.42279411764706
ch150,SA,2,120,13410,105.42279411764706
ch150,SA,2,121,13410,105.42279411764706
ch150,SA,2,122,13410,105.42279411764706
ch150,SA,2,123,13410,105.42279411764706
ch150,SA,2,124,13410,105.42279411764706
ch150,SA,2,125,13410,105.42279411764706
ch150,SA,2,126,13410,105.42279411764706
ch150,SA,2,127,13410,105.42279411764706
ch150,SA,2,128,13410,105.42279411764706
ch150,SA,2,129,13410,105.42279411764706
ch150,SA,2,130,13410,105.42279411764706
ch150,SA,2,131,13410,105.42279411764706
ch150,SA,2,132,13410,105.42279411764706
ch150,SA,2,133,13410,105.42279411764706
ch150,SA,2,134,13410,105.42279411764706
ch150,SA,2,135,13410,105.42279411764706
ch150,SA,2,136,13410,105.42279411764706
ch150,SA,2,137,13410,105.42279411764706
ch150,SA,2,138,13410,105.42279411764706
ch150,SA,2,139,13410,105.42279411764706
ch150,SA,2,140,13410,105.42279411764706
ch150,SA,2,141,13410,105.42279411764706
ch150,SA,2,142,13410,105.42279411764706
ch150,SA,2,143,13410,105.42279411764706
ch150,SA,2,144,13410,105.42279411764706
ch150,SA,2,145,13410,105.42279411764706
ch150,SA,2,146,13410,105.42279411764706
ch150,SA,2,147,13410,105.42279411764706
ch150,SA,2,148,13410,105.42279411764706
ch150,SA,2,149,13410,105.42279411764706
ch150,SA,2,150,13410,105.42279411764706
ch150,SA,2,151,13410,105.42279411764706
ch150,SA,2,152,13410,105.42279411764706
ch150,SA,2,153,13410,105.42279411764706
ch150,SA,2,154,13410,105.42279411764706
ch150,SA,2,155,13410,105.42279411764706
ch150,SA,2,156,13410,105.42279411764706
ch150,SA,2,157,13410,105.42279411764706
ch150,SA,2,158,13410,105.42279411764706
ch150,SA,2,159,13410,105.42279411764706
ch150,SA,2,160,13410,105.42279411764706
ch150,SA,2,161,13410,105.42279411764706
ch150,SA,2,162,13410,105.42279411764706
ch150,SA,2,163,13410,105.42279411764706
ch150,SA,2,164,13410,105.42279411764706
ch150,SA,2,165,13410,105.42279411764706
ch150,SA,2,166,13410,105.42279411764706
ch150,SA,2,167,13410,105.42279411764706
ch150,SA,2,168,13410,105.42279411764706
ch150,SA,2,169,13410,105.42279411764706
ch150,SA,2,170,13410,105.42279411764706
ch150,SA,2,171,13410,105.42279411764706
ch150,SA,2,172,13410,105.42279411764706
ch150,SA,2,173,13410,105.42279411764706
ch150,SA,2,174,13410,105.42279411764706
ch150,SA,2,175,13410,105.42279411764706
ch150,SA,2,176,13410,105.42279411764706
ch150,SA,2,177,13410,105.42279411764706
ch150,SA,2,178,13410,105.42279411764706
ch150,SA,2,179,13410,105.42279411764706
ch150,SA,2,180,13410,105.42279411764706
ch150,SA,2,181,13410,105.42279411764706
ch150,SA,2,182,13410,105.42279411764706
ch150,SA,2,183,13410,105.42279411764706
ch150,SA,2,184,13410,105.42279411764706
ch150,SA,2,185,13410,105.42279411764706
ch150,SA,2,186,13410,105.42279411764706
ch150,SA,2,187,13410,105.42279411764706
ch150,SA,2,188,13410,105.42279411764706
ch150,SA,2,189,13410,105.42279411764706
ch150,SA,2,190,13410,105.42279411764706
ch150,SA,2,191,13410,105.42279411764706
ch150,SA,2,192,13410,105.42279411764706
ch150,SA,2,193,13410,105.42279411764706
ch150,SA,2,194,13410,105.42279411764706
ch150,SA,2,195,13410,105.42279411764706
ch150,SA,2,196,13410,105.42279411764706
ch150,SA,2,197,13410,105.42279411764706
ch150,SA,2,198,13410,105.42279411764706
ch150,SA,2,199,13410,105.42279411764706
ch150,SA,2,200,13410,105.42279411764706
ch150,SA,2,201,13410,105.42279411764706
ch150,SA,2,202,13410,105.42279411764706
ch150,SA,2,203,13410,105.42279411764706
ch150,SA,2,204,13410,105.42279411764706
ch150,SA,2,205,13410,105.42279411764706
ch150,SA,2,206,13410,105.42279411764706
ch150,SA,2,207,13410,105.42279411764706
ch150,SA,2,208,13410,105.42279411764706
ch150,SA,2,209,13410,105.42279411764706
ch150,SA,2,210,13410,105.42279411764706
ch150,SA,2,211,13410,105.42279411764706
ch150,SA,2,212,13410,105.42279411764706
ch150,SA,2,213,13410,105.42279411764706
ch150,SA,2,214,13410,105.42279411764706
ch150,SA,2,215,13410,105.42279411764706
ch150,SA,2,216,13410,105.42279411764706
ch150,SA,2,217,13410,105.42279411764706
ch150,SA,2,218,13410,105.42279411764706
ch150,SA,2,219,13410,105.42279411764706
ch150,SA,2,220,13410,105.42279411764706
ch150,SA,2,221,13410,105.42279411764706
ch150,SA,2,222,13410,105.42279411764706
ch150,SA,2,223,13410,105.42279411764706
ch150,SA,2,224,13410,105.42279411764706
ch150,SA,2,225,13410,105.42279411764706
ch150,SA,2,226,13410,105.42279411764706
ch150,SA,2,227,13410,105.42279411764706
ch150,SA,2,228,13410,105.42279411764706
ch150,SA,2,229,13410,105.42279411764706
ch150,SA,2,230,13410,105.42279411764706
ch150,SA,2,231,13410,105.42279411764706
ch150,SA,2,232,13410,105.42279411764706
ch150,SA,2,233,13410,105.42279411764706
ch150,SA,2,234,13410,105.42279411764706
ch150,SA,2,235,13410,105.42279411764706
ch150,SA,2,236,13410,105.42279411764706
ch150,SA,2,237,13410,105.42279411764706
ch150,SA,2,238,13410,105.42279411764706
ch150,SA,2,239,13410,105.42279411764706
ch150,SA,2,240,13410,105.42279411764706
ch150,SA,2,241,13410,105.42279411764706
ch150,SA,2,242,13410,105.42279411764706
ch150,SA,2,243,13410,105.42279411764706
ch150,SA,2,244,13410,105.42279411764706
ch150,SA,2,245,13410,105.42279411764706
ch150,SA,2,246,13410,105.42279411764706
ch150,SA,2,247,13410,105.42279411764706
ch150,SA,2,248,13410,105.42279411764706
ch150,SA,2,249,13410,105.42279411764706
ch150,GA,1,0,16591,154.1513480392157
ch150,GA,1,1,16591,154.1513480392157
ch150,GA,1,2,16591,154.1513480392157
ch150,GA,1,3,16591,154.1513480392157
ch150,GA,1,4,16591,154.1513480392157
ch150,GA,1,5,16591,154.1513480392157
ch150,GA,1,6,16591,154.1513480392157
ch150,GA,1,7,16355,150.5361519607843
ch150,GA,1,8,16009,145.2359068627451
ch150,GA,1,9,16009,145.2359068627451
ch150,GA,1,10,16009,145.2359068627451
ch150,GA,1,11,16009,145.2359068627451
ch150,GA,1,12,16009,145.2359068627451
ch150,GA,1,13,16009,145.2359068627451
ch150,GA,1,14,16009,145.2359068627451
ch150,GA,1,15,16009,145.2359068627451
ch150,GA,1,16,15978,144.7610294117647
ch150,GA,1,17,15947,144.2861519607843
ch150,GA,1,18,15947,144.2861519607843
ch150,GA,1,19,15947,144.2861519607843
ch150,GA,1,20,15947,144.2861519607843
ch150,GA,1,21,15947,144.2861519607843
ch150,GA,1,22,15947,144.2861519607843
ch150,GA,1,23,15947,144.2861519607843
ch150,GA,1,24,15947,144.2861519607843
ch150,GA,1,25,15856,142.8921568627451
ch150,GA,1,26,15856,142.8921568627451
ch150,GA,1,27,15845,142.7236519607843
ch150,GA,1,28,15812,142.21813725490196
ch150,GA,1,29,15812,142.21813725490196
ch150,GA,2,0,16039,145.6954656862745
ch150,GA,2,1,16039,145.6954656862745
ch150,GA,2,2,16039,145.6954656862745
ch150,GA,2,3,16039,145.6954656862745
ch150,GA,2,4,16039,145.6954656862745
ch150,GA,2,5,16039,145.6954656862745
ch150,GA,2,6,16039,145.6954656862745
ch150,GA,2,7,16039,145.6954656862745
ch150,GA,2,8,16039,145.6954656862745
ch150,GA,2,9,16039,145.6954656862745
ch150,GA,2,10,16039,145.6954656862745
ch150,GA,2,11,16039,145.6954656862745
ch150,GA,2,12,16039,145.6954656862745
ch150,GA,2,13,16039,145.6954656862745
ch150,GA,2,14,16039,145.6954656862745
ch150,GA,2,15,15988,144.9142156862745
ch150,GA,2,16,15988,144.9142156862745
ch150,GA,2,17,15988,144.9142156862745
ch150,GA,2,18,15988,144.9142156862745
ch150,GA,2,19,15988,144.9142156862745
ch150,GA,2,20,15988,144.9142156862745
ch150,GA,2,21,15988,144.9142156862745
ch150,GA,2,22,15988,144.9142156862745
ch150,GA,2,23,15902,143.5968137254902
ch150,GA,2,24,15902,143.5968137254902
ch150,GA,2,25,15866,143.0453431372549
ch150,GA,2,26,15866,143.0453431372549
ch150,GA,2,27,15866,143.0453431372549
ch150,GA,2,28,15864,143.01470588235293
ch150,GA,2,29,15864,143.01470588235293
ch150,ACO,1,0,7699,17.93811274509804
ch150,ACO,1,1,7699,17.93811274509804
ch150,ACO,1,2,7699,17.93811274509804
ch150,ACO,1,3,7699,17.93811274509804
ch150,ACO,1,4,7699,17.93811274509804
ch150,ACO,1,5,7699,17.93811274509804
ch150,ACO,1,6,7490,14.736519607843137
ch150,ACO,1,7,7490,14.736519607843137
ch150,ACO,1,8,7490,14.736519607843137
ch150,ACO,1,9,7490,14.736519607843137
ch150,ACO,1,10,7490,14.736519607843137
ch150,ACO,1,11,7490,14.736519607843137
ch150,ACO,2,0,7545,15.579044117647058
ch150,ACO,2,1,7545,15.579044117647058
ch150,ACO,2,2,7545,15.579044117647058
ch150,ACO,2,3,7545,15.579044117647058
ch150,ACO,2,4,7545,15.579044117647058
ch150,ACO,2,5,7545,15.579044117647058
ch150,ACO,2,6,7545,15.579044117647058
ch150,ACO,2,7,7531,15.364583333333334
ch150,ACO,2,8,7531,15.364583333333334
ch150,ACO,2,9,7531,15.364583333333334
ch150,ACO,2,10,7531,15.364583333333334
ch150,ACO,2,11,7531,15.364583333333334
ch150,ABC/BCO,1,0,15125,131.69424019607843
ch150,ABC/BCO,1,1,15125,131.69424019607843
ch150,ABC/BCO,1,2,15125,131.69424019607843
ch150,ABC/BCO,1,3,15125,131.69424019607843
ch150,ABC/BCO,1,4,15125,131.69424019607843
ch150,ABC/BCO,1,5,15002,129.81004901960785
ch150,ABC/BCO,1,6,15002,129.81004901960785
ch150,ABC/BCO,1,7,15002,129.81004901960785
ch150,ABC/BCO,1,8,15002,129.81004901960785
ch150,ABC/BCO,1,9,15002,129.81004901960785
ch150,ABC/BCO,1,10,14995,129.70281862745097
ch150,ABC/BCO,1,11,14995,129.70281862745097
ch150,ABC/BCO,1,12,14990,129.62622549019608
ch150,ABC/BCO,1,13,14678,124.8468137254902
ch150,ABC/BCO,1,14,14285,118.8265931372549
ch150,ABC/BCO,1,15,14285,118.8265931372549
ch150,ABC/BCO,1,16,14269,118.58149509803921
ch150,ABC/BCO,1,17,14146,116.69730392156863
ch150,ABC/BCO,1,18,14146,116.69730392156863
ch150,ABC/BCO,1,19,14146,116.69730392156863
ch150,ABC/BCO,1,20,14103,116.03860294117646
ch150,ABC/BCO,1,21,14082,115.71691176470588
ch150,ABC/BCO,1,22,14082,115.71691176470588
ch150,ABC/BCO,1,23,13947,113.64889705882354
ch150,ABC/BCO,1,24,13947,113.64889705882354
ch150,ABC/BCO,1,25,13947,113.64889705882354
ch150,ABC/BCO,1,26,13644,109.00735294117646
ch150,ABC/BCO,1,27,13644,109.00735294117646
ch150,ABC/BCO,1,28,13524,107.16911764705883
ch150,ABC/BCO,1,29,13524,107.16911764705883
ch150,ABC/BCO,2,0,14651,124.43321078431373
ch150,ABC/BCO,2,1,14651,124.43321078431373
ch150,ABC/BCO,2,2,14565,123.1158088235294
ch150,ABC/BCO,2,3,14565,123.1158088235294
ch150,ABC/BCO,2,4,14476,121.75245098039215
ch150,ABC/BCO,2,5,14240,118.13725490196079
ch150,ABC/BCO,2,6,14122,116.3296568627451
ch150,ABC/BCO,2,7,14122,116.3296568627451
ch150,ABC/BCO,2,8,14122,116.3296568627451
ch150,ABC/BCO,2,9,14122,116.3296568627451
ch150,ABC/BCO,2,10,14122,116.3296568627451
ch150,ABC/BCO,2,11,14115,116.22242647058823
ch150,ABC/BCO,2,12,14023,114.81311274509804
ch150,ABC/BCO,2,13,13763,110.83026960784314
ch150,ABC/BCO,2,14,13733,110.37071078431373
ch150,ABC/BCO,2,15,13714,110.0796568627451
ch150,ABC/BCO,2,16,13714,110.0796568627451
ch150,ABC/BCO,2,17,13714,110.0796568627451
ch150,ABC/BCO,2,18,13659,109.23713235294117
ch150,ABC/BCO,2,19,13659,109.23713235294117
ch150,ABC/BCO,2,20,13659,109.23713235294117
ch150,ABC/BCO,2,21,13659,109.23713235294117
ch150,ABC/BCO,2,22,13635,108.86948529411765
ch150,ABC/BCO,2,23,13631,108.80821078431373
ch150,ABC/BCO,2,24,13631,108.80821078431373
ch150,ABC/BCO,2,25,13626,108.73161764705883
ch150,ABC/BCO,2,26,13621,108.65502450980392
ch150,ABC/BCO,2,27,13621,108.65502450980392
ch150,ABC/BCO,2,28,13610,108.48651960784314
ch150,ABC/BCO,2,29,13598,108.30269607843137
d493,MWI-H,1,0,63861,82.44957431003942
d493,MWI-H,1,1,63861,82.44957431003942
d493,MWI-H,1,2,63861,82.44957431003942
d493,MWI-H,1,3,63861,82.44957431003942
d493,MWI-H,1,4,63861,82.44957431003942
d493,MWI-H,1,5,63861,82.44957431003942
d493,MWI-H,1,6,63861,82.44957431003942
d493,MWI-H,1,7,63861,82.44957431003942
d493,MWI-H,1,8,63861,82.44957431003942
d493,MWI-H,1,9,63861,82.44957431003942
d493,MWI-H,1,10,63861,82.44957431003942
d493,MWI-H,1,11,63861,82.44957431003942
d493,MWI-H,1,12,63861,82.44957431003942
d493,MWI-H,1,13,63861,82.44957431003942
d493,MWI-H,1,14,63861,82.44957431003942
d493,MWI-H,1,15,63861,82.44957431003942
d493,MWI-H,1,16,63861,82.44957431003942
d493,MWI-H,1,17,63861,82.44957431003942
d493,MWI-H,1,18,63861,82.44957431003942
d493,MWI-H,1,19,63861,82.44957431003942
d493,MWI-H,1,20,63861,82.44957431003942
d493,MWI-H,1,21,63861,82.44957431003942
d493,MWI-H,1,22,63861,82.44957431003942
d493,MWI-H,1,23,63861,82.44957431003942
d493,MWI-H,1,24,63861,82.44957431003942
d493,MWI-H,1,25,63861,82.44957431003942
d493,MWI-H,1,26,63861,82.44957431003942
d493,MWI-H,1,27,63861,82.44957431003942
d493,MWI-H,1,28,63861,82.44957431003942
d493,MWI-H,1,29,63861,82.44957431003942
d493,MWI-H,2,0,64130,83.21810182275298
d493,MWI-H,2,1,64130,83.21810182275298
d493,MWI-H,2,2,64130,83.21810182275298
d493,MWI-H,2,3,64130,83.21810182275298
d493,MWI-H,2,4,64130,83.21810182275298
d493,MWI-H,2,5,64130,83.21810182275298
d493,MWI-H,2,6,64130,83.21810182275298
d493,MWI-H,2,7,64130,83.21810182275298
d493,MWI-H,2,8,64130,83.21810182275298
d493,MWI-H,2,9,64130,83.21810182275298
d493,MWI-H,2,10,64130,83.21810182275298
d493,MWI-H,2,11,64130,83.21810182275298
d493,MWI-H,2,12,64130,83.21810182275298
d493,MWI-H,2,13,64130,83.21810182275298
d493,MWI-H,2,14,64130,83.21810182275298
d493,MWI-H,2,15,64130,83.21810182275298
d493,MWI-H,2,16,64130,83.21810182275298
d493,MWI-H,2,17,64130,83.21810182275298
d493,MWI-H,2,18,64130,83.21810182275298
d493,MWI-H,2,19,64130,83.21810182275298
d493,MWI-H,2,20,64130,83.21810182275298
d493,MWI-H,2,21,64130,83.21810182275298
d493,MWI-H,2,22,64130,83.21810182275298
d493,MWI-H,2,23,64130,83.21810182275298
d493,MWI-H,2,24,64130,83.21810182275298
d493,MWI-H,2,25,64130,83.21810182275298
d493,MWI-H,2,26,64130,83.21810182275298
d493,MWI-H,2,27,64130,83.21810182275298
d493,MWI-H,2,28,64130,83.21810182275298
d493,MWI-H,2,29,64130,83.21810182275298
d493,SA,1,0,73374,109.62802125592823
d493,SA,1,1,73374,109.62802125592823
d493,SA,1,2,73374,109.62802125592823
d493,SA,1,3,73374,109.62802125592823
d493,SA,1,4,73374,109.62802125592823
d493,SA,1,5,73374,109.62802125592823
d493,SA,1,6,73374,109.62802125592823
d493,SA,1,7,73374,109.62802125592823
d493,SA,1,8,73374,109.62802125592823
d493,SA,1,9,73374,109.62802125592823
d493,SA,1,10,73374,109.62802125592823
d493,SA,1,11,73374,109.62802125592823
d493,SA,1,12,73374,109.62802125592823
d493,SA,1,13,73374,109.62802125592823
d493,SA,1,14,73374,109.62802125592823
d493,SA,1,15,73374,109.62802125592823
d493,SA,1,16,73374,109.62802125592823
d493,SA,1,17,73374,109.62802125592823
d493,SA,1,18,73374,109.62802125592823
d493,SA,1,19,73374,109.62802125592823
d493,SA,1,20,73374,109.62802125592823
d493,SA,1,21,73374,109.62802125592823
d493,SA,1,22,73374,109.62802125592823
d493,SA,1,23,73374,109.62802125592823
d493,SA,1,24,73374,109.62802125592823
d493,SA,1,25,73374,109.62802125592823
d493,SA,1,26,73374,109.62802125592823
d493,SA,1,27,73374,109.62802125592823
d493,SA,1,28,73374,109.62802125592823
d493,SA,1,29,73374,109.62802125592823
d493,SA,1,30,73374,109.62802125592823
d493,SA,1,31,73374,109.62802125592823
d493,SA,1,32,73374,109.62802125592823
d493,SA,1,33,73374,109.62802125592823
d493,SA,1,34,73374,109.62802125592823
d493,SA,1,35,73374,109.62802125592823
d493,SA,1,36,73374,109.62802125592823
d493,SA,1,37,73374,109.62802125592823
d493,SA,1,38,73374,109.62802125592823
d493,SA,1,39,73374,109.62802125592823
d493,SA,1,40,73374,109.62802125592823
d493,SA,1,41,73374,109.62802125592823
d493,SA,1,42,73374,109.62802125592823
d493,SA,1,43,73374,109.62802125592823
d493,SA,1,44,73374,109.62802125592823
d493,SA,1,45,73374,109.62802125592823
d493,SA,1,46,73374,109.62802125592823
d493,SA,1,47,73374,109.62802125592823
d493,SA,1,48,73374,109.62802125592823
d493,SA,1,49,73374,109.62802125592823
d493,SA,1,50,73374,109.62802125592823
d493,SA,1,51,73374,109.62802125592823
d493,SA,1,52,73374,109.62802125592823
d493,SA,1,53,73374,109.62802125592823
d493,SA,1,54,73374,109.62802125592823
d493,SA,1,55,73374,109.62802125592823
d493,SA,1,56,73374,109.62802125592823
d493,SA,1,57,73374,109.62802125592823
d493,SA,1,58,73374,109.62802125592823
d493,SA,1,59,73374,109.62802125592823
d493,SA,1,60,73374,109.62802125592823
d493,SA,1,61,73374,109.62802125592823
d493,SA,1,62,73374,109.62802125592823
d493,SA,1,63,73374,109.62802125592823
d493,SA,1,64,73374,109.62802125592823
d493,SA,1,65,73374,109.62802125592823
d493,SA,1,66,73374,109.62802125592823
d493,SA,1,67,73374,109.62802125592823
d493,SA,1,68,73374,109.62802125592823
d493,SA,1,69,73374,109.62802125592823
d493,SA,1,70,73374,109.62802125592823
d493,SA,1,71,73374,109.62802125592823
d493,SA,1,72,73374,109.62802125592823
d493,SA,1,73,73374,109.62802125592823
d493,SA,1,74,73374,109.62802125592823
d493,SA,1,75,73374,109.62802125592823
d493,SA,1,76,73374,109.62802125592823
d493,SA,1,77,73374,109.62802125592823
d493,SA,1,78,73374,109.62802125592823
d493,SA,1,79,73374,109.62802125592823
d493,SA,1,80,73374,109.62802125592823
d493,SA,1,81,73374,109.62802125592823
d493,SA,1,82,73374,109.62802125592823
d493,SA,1,83,73374,109.62802125592823
d493,SA,1,84,73374,109.62802125592823
d493,SA,1,85,73374,109.62802125592823
d493,SA,1,86,73374,109.62802125592823
d493,SA,1,87,73374,109.62802125592823
d493,SA,1,88,73374,109.62802125592823
d493,SA,1,89,73374,109.62802125592823
d493,SA,1,90,73374,109.62802125592823
d493,SA,1,91,73374,109.62802125592823
d493,SA,1,92,73374,109.62802125592823
d493,SA,1,93,73374,109.62802125592823
d493,SA,1,94,73374,109.62802125592823
d493,SA,1,95,73374,109.62802125592823
d493,SA,1,96,73374,109.62802125592823
d493,SA,1,97,73374,109.62802125592823
d493,SA,1,98,73374,109.62802125592823
d493,SA,1,99,73374,109.62802125592823
d493,SA,1,100,73374,109.62802125592823
d493,SA,1,101,73374,109.62802125592823
d493,SA,1,102,73374,109.62802125592823
d493,SA,1,103,73374,109.62802125592823
d493,SA,1,104,73374,109.62802125592823
d493,SA,1,105,73374,109.62802125592823
d493,SA,1,106,73374,109.62802125592823
d493,SA,1,107,73374,109.62802125592823
d493,SA,1,108,73374,109.62802125592823
d493,SA,1,109,73374,109.62802125592823
d493,SA,1,110,73374,109.62802125592823
d493,SA,1,111,73374,109.62802125592823
d493,SA,1,112,73374,109.62802125592823
d493,SA,1,113,73374,109.62802125592823
d493,SA,1,114,73374,109.62802125592823
d493,SA,1,115,73374,109.62802125592823
d493,SA,1,116,73374,109.62802125592823
d493,SA,1,117,73374,109.62802125592823
d493,SA,1,118,73374,109.62802125592823
d493,SA,1,119,73374,109.62802125592823
d493,SA,1,120,73374,109.62802125592823
d493,SA,1,121,73374,109.62802125592823
d493,SA,1,122,73374,109.62802125592823
d493,SA,1,123,73374,109.62802125592823
d493,SA,1,124,73374,109.62802125592823
d493,SA,1,125,73374,109.62802125592823
d493,SA,1,126,73374,109.62802125592823
d493,SA,1,127,73374,109.62802125592823
d493,SA,1,128,73374,109.62802125592823
d493,SA,1,129,73374,109.62802125592823
d493,SA,1,130,73374,109.62802125592823
d493,SA,1,131,73374,109.62802125592823
d493,SA,1,132,73374,109.62802125592823
d493,SA,1,133,73374,109.62802125592823
d493,SA,1,134,73374,109.62802125592823
d493,SA,1,135,73374,109.62802125592823
d493,SA,1,136,73374,109.62802125592823
d493,SA,1,137,73374,109.62802125592823
d493,SA,1,138,73374,109.62802125592823
d493,SA,1,139,73374,109.62802125592823
d493,SA,1,140,73374,109.62802125592823
d493,SA,1,141,73374,109.62802125592823
d493,SA,1,142,73374,109.62802125592823
d493,SA,1,143,73374,109.62802125592823
d493,SA,1,144,73374,109.62802125592823
d493,SA,1,145,73374,109.62802125592823
d493,SA,1,146,73374,109.62802125592823
d493,SA,1,147,73374,109.62802125592823
d493,SA,1,148,73374,109.62802125592823
d493,SA,1,149,73374,109.62802125592823
d493,SA,1,150,73374,109.62802125592823
d493,SA,1,151,73374,109.62802125592823
d493,SA,1,152,73374,109.62802125592823
d493,SA,1,153,73374,109.62802125592823
d493,SA,1,154,73374,109.62802125592823
d493,SA,1,155,73374,109.62802125592823
d493,SA,1,156,73374,109.62802125592823
d493,SA,1,157,73374,109.62802125592823
d493,SA,1,158,73374,109.62802125592823
d493,SA,1,159,73374,109.62802125592823
d493,SA,1,160,73374,109.62802125592823
d493,SA,1,161,73374,109.62802125592823
d493,SA,1,162,73374,109.62802125592823
d493,SA,1,163,73374,109.62802125592823
d493,SA,1,164,73374,109.62802125592823
d493,SA,1,165,73374,109.62802125592823
d493,SA,1,166,73374,109.62802125592823
d493,SA,1,167,73374,109.62802125592823
d493,SA,1,168,73374,109.62802125592823
d493,SA,1,169,73374,109.62802125592823
d493,SA,1,170,73374,109.62802125592823
d493,SA,1,171,73374,109.62802125592823
d493,SA,1,172,73374,109.62802125592823
d493,SA,1,173,73374,109.62802125592823
d493,SA,1,174,73374,109.62802125592823
d493,SA,1,175,73374,109.62802125592823
d493,SA,1,176,73374,109.62802125592823
d493,SA,1,177,73374,109.62802125592823
d493,SA,1,178,73374,109.62802125592823
d493,SA,1,179,73374,109.62802125592823
d493,SA,1,180,73374,109.62802125592823
d493,SA,1,181,73374,109.62802125592823
d493,SA,1,182,73374,109.62802125592823
d493,SA,1,183,73374,109.62802125592823
d493,SA,1,184,73374,109.62802125592823
d493,SA,1,185,73374,109.62802125592823
d493,SA,1,186,73374,109.62802125592823
d493,SA,1,187,73374,109.62802125592823
d493,SA,1,188,73374,109.62802125592823
d493,SA,1,189,73374,109.62802125592823
d493,SA,1,190,73374,109.62802125592823
d493,SA,1,191,73374,109.62802125592823
d493,SA,1,192,73374,109.62802125592823
d493,SA,1,193,73374,109.62802125592823
d493,SA,1,194,73374,109.62802125592823
d493,SA,1,195,73374,109.62802125592823
d493,SA,1,196,73374,109.62802125592823
d493,SA,1,197,73374,109.62802125592823
d493,SA,1,198,73374,109.62802125592823
d493,SA,1,199,73374,109.62802125592823
d493,SA,1,200,73374,109.62802125592823
d493,SA,1,201,73374,109.62802125592823
d493,SA,1,202,73374,109.62802125592823
d493,SA,1,203,73374,109.62802125592823
d493,SA,1,204,73374,109.62802125592823
d493,SA,1,205,73374,109.62802125592823
d493,SA,1,206,73374,109.62802125592823
d493,SA,1,207,73374,109.62802125592823
d493,SA,1,208,73374,109.62802125592823
d493,SA,1,209,73374,109.62802125592823
d493,SA,1,210,73374,109.62802125592823
d493,SA,1,211,73374,109.62802125592823
d493,SA,1,212,73374,109.62802125592823
d493,SA,1,213,73374,109.62802125592823
d493,SA,1,214,73374,109.62802125592823
d493,SA,1,215,73374,109.62802125592823
d493,SA,1,216,73374,109.62802125592823
d493,SA,1,217,73374,109.62802125592823
d493,SA,1,218,73374,109.62802125592823
d493,SA,1,219,73374,109.62802125592823
d493,SA,1,220,73374,109.62802125592823
d493,SA,1,221,73374,109.62802125592823
d493,SA,1,222,73374,109.62802125592823
d493,SA,1,223,73374,109.62802125592823
d493,SA,1,224,73374,109.62802125592823
d493,SA,1,225,73374,109.62802125592823
d493,SA,1,226,73374,109.62802125592823
d493,SA,1,227,73374,109.62802125592823
d493,SA,1,228,73374,109.62802125592823
d493,SA,1,229,73374,109.62802125592823
d493,SA,1,230,73374,109.62802125592823
d493,SA,1,231,73374,109.62802125592823
d493,SA,1,232,73374,109.62802125592823
d493,SA,1,233,73374,109.62802125592823
d493,SA,1,234,73374,109.62802125592823
d493,SA,1,235,73374,109.62802125592823
d493,SA,1,236,73374,109.62802125592823
d493,SA,1,237,73374,109.62802125592823
d493,SA,1,238,73374,109.62802125592823
d493,SA,1,239,73374,109.62802125592823
d493,SA,1,240,73374,109.62802125592823
d493,SA,1,241,73374,109.62802125592823
d493,SA,1,242,73374,109.62802125592823
d493,SA,1,243,73374,109.62802125592823
d493,SA,1,244,73374,109.62802125592823
d493,SA,1,245,73374,109.62802125592823
d493,SA,1,246,73374,109.62802125592823
d493,SA,1,247,73374,109.62802125592823
d493,SA,1,248,73374,109.62802125592823
d493,SA,1,249,73374,109.62802125592823
d493,SA,2,0,76548,118.696074510028
d493,SA,2,1,76548,118.696074510028
d493,SA,2,2,76548,118.696074510028
d493,SA,2,3,76548,118.696074510028
d493,SA,2,4,76548,118.696074510028
d493,SA,2,5,76548,118.696074510028
d493,SA,2,6,76548,118.696074510028
d493,SA,2,7,76548,118.696074510028
d493,SA,2,8,76548,118.696074510028
d493,SA,2,9,76548,118.696074510028
d493,SA,2,10,76548,118.696074510028
d493,SA,2,11,76548,118.696074510028
d493,SA,2,12,76548,118.696074510028
d493,SA,2,13,76548,118.696074510028
d493,SA,2,14,76548,118.696074510028
d493,SA,2,15,76548,118.696074510028
d493,SA,2,16,76548,118.696074510028
d493,SA,2,17,76548,118.696074510028
d493,SA,2,18,76548,118.696074510028
d493,SA,2,19,76548,118.696074510028
d493,SA,2,20,76548,118.696074510028
d493,SA,2,21,76548,118.696074510028
d493,SA,2,22,76548,118.696074510028
d493,SA,2,23,76548,118.696074510028
d493,SA,2,24,76548,118.696074510028
d493,SA,2,25,76548,118.696074510028
d493,SA,2,26,76548,118.696074510028
d493,SA,2,27,76548,118.696074510028
d493,SA,2,28,76548,118.696074510028
d493,SA,2,29,76548,118.696074510028
d493,SA,2,30,76548,118.696074510028
d493,SA,2,31,76548,118.696074510028
d493,SA,2,32,76548,118.696074510028
d493,SA,2,33,76548,118.696074510028
d493,SA,2,34,76548,118.696074510028
d493,SA,2,35,76548,118.696074510028
d493,SA,2,36,76548,118.696074510028
d493,SA,2,37,76548,118.696074510028
d493,SA,2,38,76548,118.696074510028
d493,SA,2,39,76548,118.696074510028
d493,SA,2,40,76548,118.696074510028
d493,SA,2,41,76548,118.696074510028
d493,SA,2,42,76548,118.696074510028
d493,SA,2,43,76548,118.696074510028
d493,SA,2,44,76548,118.696074510028
d493,SA,2,45,76548,118.696074510028
d493,SA,2,46,76548,118.696074510028
d493,SA,2,47,76548,118.696074510028
d493,SA,2,48,76548,118.696074510028
d493,SA,2,49,76548,118.696074510028
d493,SA,2,50,76548,118.696074510028
d493,SA,2,51,76548,118.696074510028
d493,SA,2,52,76548,118.696074510028
d493,SA,2,53,76548,118.696074510028
d493,SA,2,54,76548,118.696074510028
d493,SA,2,55,76548,118.696074510028
d493,SA,2,56,76548,118.696074510028
d493,SA,2,57,76548,118.696074510028
d493,SA,2,58,76548,118.696074510028
d493,SA,2,59,76548,118.696074510028
d493,SA,2,60,76548,118.696074510028
d493,SA,2,61,76548,118.696074510028
d493,SA,2,62,76548,118.696074510028
d493,SA,2,63,76548,118.696074510028
d493,SA,2,64,76548,118.696074510028
d493,SA,2,65,76548,118.696074510028
d493,SA,2,66,76548,118.696074510028
d493,SA,2,67,76548,118.696074510028
d493,SA,2,68,76548,118.696074510028
d493,SA,2,69,76548,118.696074510028
d493,SA,2,70,76548,118.696074510028
d493,SA,2,71,76548,118.696074510028
d493,SA,2,72,76548,118.696074510028
d493,SA,2,73,76548,118.696074510028
d493,SA,2,74,76548,118.696074510028
d493,SA,2,75,76548,118.696074510028
d493,SA,2,76,76548,118.696074510028
d493,SA,2,77,76548,118.696074510028
d493,SA,2,78,76548,118.696074510028
d493,SA,2,79,76548,118.696074510028
d493,SA,2,80,76548,118.696074510028
d493,SA,2,81,76548,118.696074510028
d493,SA,2,82,76548,118.696074510028
d493,SA,2,83,76548,118.696074510028
d493,SA,2,84,76548,118.696074510028
d493,SA,2,85,76548,118.696074510028
d493,SA,2,86,76548,118.696074510028
d493,SA,2,87,76548,118.696074510028
d493,SA,2,88,76548,118.696074510028
d493,SA,2,89,76548,118.696074510028
d493,SA,2,90,76548,118.696074510028
d493,SA,2,91,76548,118.696074510028
d493,SA,2,92,76548,118.696074510028
d493,SA,2,93,76548,118.696074510028
d493,SA,2,94,76548,118.696074510028
d493,SA,2,95,76548,118.696074510028
d493,SA,2,96,76548,118.696074510028
d493,SA,2,97,76548,118.696074510028
d493,SA,2,98,76548,118.696074510028
d493,SA,2,99,76548,118.696074510028
d493,SA,2,100,76548,118.696074510028
d493,SA,2,101,76548,118.696074510028
d493,SA,2,102,76548,118.696074510028
d493,SA,2,103,76548,118.696074510028
d493,SA,2,104,76548,118.696074510028
d493,SA,2,105,76548,118.696074510028
d493,SA,2,106,76548,118.696074510028
d493,SA,2,107,76548,118.696074510028
d493,SA,2,108,76548,118.696074510028
d493,SA,2,109,76548,118.696074510028
d493,SA,2,110,76548,118.696074510028
d493,SA,2,111,76548,118.696074510028
d493,SA,2,112,76548,118.696074510028
d493,SA,2,113,76548,118.696074510028
d493,SA,2,114,76548,118.696074510028
d493,SA,2,115,76548,118.696074510028
d493,SA,2,116,76548,118.696074510028
d493,SA,2,117,76548,118.696074510028
d493,SA,2,118,76548,118.696074510028
d493,SA,2,119,76548,118.696074510028
d493,SA,2,120,76548,118.696074510028
d493,SA,2,121,76548,118.696074510028
d493,SA,2,122,76548,118.696074510028
d493,SA,2,123,76548,118.696074510028
d493,SA,2,124,76548,118.696074510028
d493,SA,2,125,76548,118.696074510028
d493,SA,2,126,76548,118.696074510028
d493,SA,2,127,76548,118.696074510028
d493,SA,2,128,76548,118.696074510028
d493,SA,2,129,76548,118.696074510028
d493,SA,2,130,76548,118.696074510028
d493,SA,2,131,76548,118.696074510028
d493,SA,2,132,76548,118.696074510028
d493,SA,2,133,76548,118.696074510028
d493,SA,2,134,76548,118.696074510028
d493,SA,2,135,76548,118.696074510028
d493,SA,2,136,76548,118.696074510028
d493,SA,2,137,76548,118.696074510028
d493,SA,2,138,76548,118.696074510028
d493,SA,2,139,76548,118.696074510028
d493,SA,2,140,76548,118.696074510028
d493,SA,2,141,76548,118.696074510028
d493,SA,2,142,76548,118.696074510028
d493,SA,2,143,76548,118.696074510028
d493,SA,2,144,76548,118.696074510028
d493,SA,2,145,76548,118.696074510028
d493,SA,2,146,76548,118.696074510028
d493,SA,2,147,76548,118.696074510028
d493,SA,2,148,76548,118.696074510028
d493,SA,2,149,76548,118.696074510028
d493,SA,2,150,76548,118.696074510028
d493,SA,2,151,76548,118.696074510028
d493,SA,2,152,76548,118.696074510028
d493,SA,2,153,76548,118.696074510028
d493,SA,2,154,76548,118.696074510028
d493,SA,2,155,76548,118.696074510028
d493,SA,2,156,76548,118.696074510028
d493,SA,2,157,76548,118.696074510028
d493,SA,2,158,76548,118.696074510028
d493,SA,2,159,76548,118.696074510028
d493,SA,2,160,76548,118.696074510028
d493,SA,2,161,76548,118.696074510028
d493,SA,2,162,76548,118.696074510028
d493,SA,2,163,76548,118.696074510028
d493,SA,2,164,76548,118.696074510028
d493,SA,2,165,76548,118.696074510028
d493,SA,2,166,76548,118.696074510028
d493,SA,2,167,76548,118.696074510028
d493,SA,2,168,76548,118.696074510028
d493,SA,2,169,76548,118.696074510028
d493,SA,2,170,76548,118.696074510028
d493,SA,2,171,76548,118.696074510028
d493,SA,2,172,76548,118.696074510028
d493,SA,2,173,76548,118.696074510028
d493,SA,2,174,76548,118.696074510028
d493,SA,2,175,76548,118.696074510028
d493,SA,2,176,76548,118.696074510028
d493,SA,2,177,76548,118.696074510028
d493,SA,2,178,76548,118.696074510028
d493,SA,2,179,76548,118.696074510028
d493,SA,2,180,76548,118.696074510028
d493,SA,2,181,76548,118.696074510028
d493,SA,2,182,76548,118.696074510028
d493,SA,2,183,76548,118.696074510028
d493,SA,2,184,76548,118.696074510028
d493,SA,2,185,76548,118.696074510028
d493,SA,2,186,76548,118.696074510028
d493,SA,2,187,76548,118.696074510028
d493,SA,2,188,76548,118.696074510028
d493,SA,2,189,76548,118.696074510028
d493,SA,2,190,76548,118.696074510028
d493,SA,2,191,76548,118.696074510028
d493,SA,2,192,76548,118.696074510028
d493,SA,2,193,76548,118.696074510028
d493,SA,2,194,76548,118.696074510028
d493,SA,2,195,76548,118.696074510028
d493,SA,2,196,76548,118.696074510028
d493,SA,2,197,76548,118.696074510028
d493,SA,2,198,76548,118.696074510028
d493,SA,2,199,76548,118.696074510028
d493,SA,2,200,76548,118.696074510028
d493,SA,2,201,76548,118.696074510028
d493,SA,2,202,76548,118.696074510028
d493,SA,2,203,76548,118.696074510028
d493,SA,2,204,76548,118.696074510028
d493,SA,2,205,76548,118.696074510028
d493,SA,2,206,76548,118.696074510028
d493,SA,2,207,76548,118.696074510028
d493,SA,2,208,76548,118.696074510028
d493,SA,2,209,76548,118.696074510028
d493,SA,2,210,76548,118.696074510028
d493,SA,2,211,76548,118.696074510028
d493,SA,2,212,76548,118.696074510028
d493,SA,2,213,76548,118.696074510028
d493,SA,2,214,76548,118.696074510028
d493,SA,2,215,76548,118.696074510028
d493,SA,2,216,76548,118.696074510028
d493,SA,2,217,76548,118.696074510028
d493,SA,2,218,76548,118.696074510028
d493,SA,2,219,76548,118.696074510028
d493,SA,2,220,76548,118.696074510028
d493,SA,2,221,76548,118.696074510028
d493,SA,2,222,76548,118.696074510028
d493,SA,2,223,76548,118.696074510028
d493,SA,2,224,76548,118.696074510028
d493,SA,2,225,76548,118.696074510028
d493,SA,2,226,76548,118.696074510028
d493,SA,2,227,76548,118.696074510028
d493,SA,2,228,76548,118.696074510028
d493,SA,2,229,76548,118.696074510028
d493,SA,2,230,76548,118.696074510028
d493,SA,2,231,76548,118.696074510028
d493,SA,2,232,76548,118.696074510028
d493,SA,2,233,76548,118.696074510028
d493,SA,2,234,76548,118.696074510028
d493,SA,2,235,76548,118.696074510028
d493,SA,2,236,76548,118.696074510028
d493,SA,2,237,76548,118.696074510028
d493,SA,2,238,76548,118.696074510028
d493,SA,2,239,76548,118.696074510028
d493,SA,2,240,76548,118.696074510028
d493,SA,2,241,76548,118.696074510028
d493,SA,2,242,76548,118.696074510028
d493,SA,2,243,76548,118.696074510028
d493,SA,2,244,76548,118.696074510028
d493,SA,2,245,76548,118.696074510028
d493,SA,2,246,76548,118.696074510028
d493,SA,2,247,76548,118.696074510028
d493,SA,2,248,76548,118.696074510028
d493,SA,2,249,76548,118.696074510028
d493,GA,1,0,83917,139.74915719101764
d493,GA,1,1,83917,139.74915719101764
d493,GA,1,2,83917,139.74915719101764
d493,GA,1,3,83917,139.74915719101764
d493,GA,1,4,83917,139.74915719101764
d493,GA,1,5,83917,139.74915719101764
d493,GA,1,6,83917,139.74915719101764
d493,GA,1,7,83867,139.60630821095938
d493,GA,1,8,83867,139.60630821095938
d493,GA,1,9,83867,139.60630821095938
d493,GA,1,10,83867,139.60630821095938
d493,GA,1,11,83867,139.60630821095938
d493,GA,1,12,83867,139.60630821095938
d493,GA,1,13,83867,139.60630821095938
d493,GA,1,14,83867,139.60630821095938
d493,GA,1,15,83867,139.60630821095938
d493,GA,1,16,83867,139.60630821095938
d493,GA,1,17,83867,139.60630821095938
d493,GA,1,18,83867,139.60630821095938
d493,GA,1,19,83867,139.60630821095938
d493,GA,1,20,83867,139.60630821095938
d493,GA,1,21,83867,139.60630821095938
d493,GA,1,22,83867,139.60630821095938
d493,GA,1,23,83867,139.60630821095938
d493,GA,1,24,83867,139.60630821095938
d493,GA,1,25,83865,139.60059425175703
d493,GA,1,26,83865,139.60059425175703
d493,GA,1,27,83865,139.60059425175703
d493,GA,1,28,83865,139.60059425175703
d493,GA,1,29,83865,139.60059425175703
d493,GA,2,0,82562,135.8779498314382
d493,GA,2,1,82562,135.8779498314382
d493,GA,2,2,82562,135.8779498314382
d493,GA,2,3,82562,135.8779498314382
d493,GA,2,4,82562,135.8779498314382
d493,GA,2,5,82562,135.8779498314382
d493,GA,2,6,82562,135.8779498314382
d493,GA,2,7,82562,135.8779498314382
d493,GA,2,8,82562,135.8779498314382
d493,GA,2,9,82562,135.8779498314382
d493,GA,2,10,82562,135.8779498314382
d493,GA,2,11,82562,135.8779498314382
d493,GA,2,12,82562,135.8779498314382
d493,GA,2,13,82562,135.8779498314382
d493,GA,2,14,82562,135.8779498314382
d493,GA,2,15,82562,135.8779498314382
d493,GA,2,16,82562,135.8779498314382
d493,GA,2,17,82562,135.8779498314382
d493,GA,2,18,82562,135.8779498314382
d493,GA,2,19,82520,135.75795668818924
d493,GA,2,20,82520,135.75795668818924
d493,GA,2,21,82520,135.75795668818924
d493,GA,2,22,82520,135.75795668818924
d493,GA,2,23,82520,135.75795668818924
d493,GA,2,24,82520,135.75795668818924
d493,GA,2,25,82520,135.75795668818924
d493,GA,2,26,82520,135.75795668818924
d493,GA,2,27,82520,135.75795668818924
d493,GA,2,28,82520,135.75795668818924
d493,GA,2,29,82520,135.75795668818924
d493,ACO,1,0,43591,24.538597794411746
d493,ACO,1,1,43591,24.538597794411746
d493,ACO,1,2,43591,24.538597794411746
d493,ACO,1,3,43591,24.538597794411746
d493,ACO,1,4,43591,24.538597794411746
d493,ACO,1,5,43591,24.538597794411746
d493,ACO,1,6,43591,24.538597794411746
d493,ACO,1,7,43591,24.538597794411746
d493,ACO,1,8,43591,24.538597794411746
d493,ACO,1,9,43591,24.538597794411746
d493,ACO,1,10,43591,24.538597794411746
d493,ACO,1,11,43591,24.538597794411746
d493,ACO,2,0,43193,23.40151991314782
d493,ACO,2,1,43193,23.40151991314782
d493,ACO,2,2,43193,23.40151991314782
d493,ACO,2,3,43193,23.40151991314782
d493,ACO,2,4,43193,23.40151991314782
d493,ACO,2,5,43193,23.40151991314782
d493,ACO,2,6,43193,23.40151991314782
d493,ACO,2,7,43193,23.40151991314782
d493,ACO,2,8,43193,23.40151991314782
d493,ACO,2,9,43193,23.40151991314782
d493,ACO,2,10,43193,23.40151991314782
d493,ACO,2,11,43193,23.40151991314782
d493,ABC/BCO,1,0,70890,102.53128392663277
d493,ABC/BCO,1,1,70890,102.53128392663277
d493,ABC/BCO,1,2,70890,102.53128392663277
d493,ABC/BCO,1,3,70890,102.53128392663277
d493,ABC/BCO,1,4,70890,102.53128392663277
d493,ABC/BCO,1,5,70890,102.53128392663277
d493,ABC/BCO,1,6,70890,102.53128392663277
d493,ABC/BCO,1,7,70890,102.53128392663277
d493,ABC/BCO,1,8,70890,102.53128392663277
d493,ABC/BCO,1,9,70802,102.2798697217302
d493,ABC/BCO,1,10,70802,102.2798697217302
d493,ABC/BCO,1,11,70802,102.2798697217302
d493,ABC/BCO,1,12,70802,102.2798697217302
d493,ABC/BCO,1,13,70802,102.2798697217302
d493,ABC/BCO,1,14,70802,102.2798697217302
d493,ABC/BCO,1,15,70802,102.2798697217302
d493,ABC/BCO,1,16,70802,102.2798697217302
d493,ABC/BCO,1,17,70687,101.95131706759614
d493,ABC/BCO,1,18,70687,101.95131706759614
d493,ABC/BCO,1,19,70687,101.95131706759614
d493,ABC/BCO,1,20,70687,101.95131706759614
d493,ABC/BCO,1,21,70687,101.95131706759614
d493,ABC/BCO,1,22,70687,101.95131706759614
d493,ABC/BCO,1,23,70687,101.95131706759614
d493,ABC/BCO,1,24,70687,101.95131706759614
d493,ABC/BCO,1,25,70687,101.95131706759614
d493,ABC/BCO,1,26,70687,101.95131706759614
d493,ABC/BCO,1,27,70567,101.60847951545625
d493,ABC/BCO,1,28,70567,101.60847951545625
d493,ABC/BCO,1,29,70540,101.53134106622478
d493,ABC/BCO,2,0,75442,115.5362550711388
d493,ABC/BCO,2,1,75442,115.5362550711388
d493,ABC/BCO,2,2,75442,115.5362550711388
d493,ABC/BCO,2,3,75442,115.5362550711388
d493,ABC/BCO,2,4,75442,115.5362550711388
d493,ABC/BCO,2,5,75203,114.8534369464602
d493,ABC/BCO,2,6,75203,114.8534369464602
d493,ABC/BCO,2,7,75203,114.8534369464602
d493,ABC/BCO,2,8,75203,114.8534369464602
d493,ABC/BCO,2,9,75203,114.8534369464602
d493,ABC/BCO,2,10,75203,114.8534369464602
d493,ABC/BCO,2,11,75203,114.8534369464602
d493,ABC/BCO,2,12,75203,114.8534369464602
d493,ABC/BCO,2,13,75203,114.8534369464602
d493,ABC/BCO,2,14,75193,114.82486715044854
d493,ABC/BCO,2,15,75193,114.82486715044854
d493,ABC/BCO,2,16,75193,114.82486715044854
d493,ABC/BCO,2,17,75193,114.82486715044854
d493,ABC/BCO,2,18,75193,114.82486715044854
d493,ABC/BCO,2,19,75193,114.82486715044854
d493,ABC/BCO,2,20,75193,114.82486715044854
d493,ABC/BCO,2,21,75186,114.80486829324039
d493,ABC/BCO,2,22,75186,114.80486829324039
d493,ABC/BCO,2,23,75186,114.80486829324039
d493,ABC/BCO,2,24,75186,114.80486829324039
d493,ABC/BCO,2,25,75119,114.61345065996228
d493,ABC/BCO,2,26,75119,114.61345065996228
d493,ABC/BCO,2,27,75119,114.61345065996228
d493,ABC/BCO,2,28,75119,114.61345065996228
d493,ABC/BCO,2,29,75119,114.61345065996228
eil76,MWI-H,1,0,865,60.78066914498141
eil76,MWI-H,1,1,865,60.78066914498141
eil76,MWI-H,1,2,865,60.78066914498141
eil76,MWI-H,1,3,858,59.479553903345725
eil76,MWI-H,1,4,858,59.479553903345725
eil76,MWI-H,1,5,858,59.479553903345725
eil76,MWI-H,1,6,858,59.479553903345725
eil76,MWI-H,1,7,858,59.479553903345725
eil76,MWI-H,1,8,858,59.479553903345725
eil76,MWI-H,1,9,858,59.479553903345725
eil76,MWI-H,1,10,849,57.806691449814124
eil76,MWI-H,1,11,846,57.24907063197026
eil76,MWI-H,1,12,846,57.24907063197026
eil76,MWI-H,1,13,846,57.24907063197026
eil76,MWI-H,1,14,846,57.24907063197026
eil76,MWI-H,1,15,846,57.24907063197026
eil76,MWI-H,1,16,846,57.24907063197026
eil76,MWI-H,1,17,846,57.24907063197026
eil76,MWI-H,1,18,846,57.24907063197026
eil76,MWI-H,1,19,846,57.24907063197026
eil76,MWI-H,1,20,846,57.24907063197026
eil76,MWI-H,1,21,846,57.24907063197026
eil76,MWI-H,1,22,846,57.24907063197026
eil76,MWI-H,1,23,846,57.24907063197026
eil76,MWI-H,1,24,846,57.24907063197026
eil76,MWI-H,1,25,846,57.24907063197026
eil76,MWI-H,1,26,846,57.24907063197026
eil76,MWI-H,1,27,846,57.24907063197026
eil76,MWI-H,1,28,846,57.24907063197026
eil76,MWI-H,1,29,846,57.24907063197026
eil76,MWI-H,2,0,890,65.4275092936803
eil76,MWI-H,2,1,890,65.4275092936803
eil76,MWI-H,2,2,890,65.4275092936803
eil76,MWI-H,2,3,890,65.4275092936803
eil76,MWI-H,2,4,890,65.4275092936803
eil76,MWI-H,2,5,890,65.4275092936803
eil76,MWI-H,2,6,866,60.96654275092937
eil76,MWI-H,2,7,866,60.96654275092937
eil76,MWI-H,2,8,866,60.96654275092937
eil76,MWI-H,2,9,866,60.96654275092937
eil76,MWI-H,2,10,866,60.96654275092937
eil76,MWI-H,2,11,866,60.96654275092937
eil76,MWI-H,2,12,866,60.96654275092937
eil76,MWI-H,2,13,866,60.96654275092937
eil76,MWI-H,2,14,866,60.96654275092937
eil76,MWI-H,2,15,866,60.96654275092937
eil76,MWI-H,2,16,866,60.96654275092937
eil76,MWI-H,2,17,866,60.96654275092937
eil76,MWI-H,2,18,866,60.96654275092937
eil76,MWI-H,2,19,866,60.96654275092937
eil76,MWI-H,2,20,866,60.96654275092937
eil76,MWI-H,2,21,861,60.037174721189594
eil76,MWI-H,2,22,861,60.037174721189594
eil76,MWI-H,2,23,861,60.037174721189594
eil76,MWI-H,2,24,861,60.037174721189594
eil76,MWI-H,2,25,861,60.037174721189594
eil76,MWI-H,2,26,861,60.037174721189594
eil76,MWI-H,2,27,861,60.037174721189594
eil76,MWI-H,2,28,861,60.037174721189594
eil76,MWI-H,2,29,861,60.037174721189594
eil76,SA,1,0,968,79.92565055762081
eil76,SA,1,1,968,79.92565055762081
eil76,SA,1,2,968,79.92565055762081
eil76,SA,1,3,968,79.92565055762081
eil76,SA,1,4,968,79.92565055762081
eil76,SA,1,5,968,79.92565055762081
eil76,SA,1,6,968,79.92565055762081
eil76,SA,1,7,968,79.92565055762081
eil76,SA,1,8,968,79.92565055762081
eil76,SA,1,9,968,79.92565055762081
eil76,SA,1,10,968,79.92565055762081
eil76,SA,1,11,968,79.92565055762081
eil76,SA,1,12,968,79.92565055762081
eil76,SA,1,13,968,79.92565055762081
eil76,SA,1,14,968,79.92565055762081
eil76,SA,1,15,968,79.92565055762081
eil76,SA,1,16,968,79.92565055762081
eil76,SA,1,17,968,79.92565055762081
eil76,SA,1,18,968,79.92565055762081
eil76,SA,1,19,968,79.92565055762081
eil76,SA,1,20,968,79.92565055762081
eil76,SA,1,21,968,79.92565055762081
eil76,SA,1,22,968,79.92565055762081
eil76,SA,1,23,968,79.92565055762081
eil76,SA,1,24,968,79.92565055762081
eil76,SA,1,25,968,79.92565055762081
eil76,SA,1,26,968,79.92565055762081
eil76,SA,1,27,968,79.92565055762081
eil76,SA,1,28,968,79.92565055762081
eil76,SA,1,29,968,79.92565055762081
eil76,SA,1,30,968,79.92565055762081
eil76,SA,1,31,968,79.92565055762081
eil76,SA,1,32,968,79.92565055762081
eil76,SA,1,33,968,79.92565055762081
eil76,SA,1,34,968,79.92565055762081
eil76,SA,1,35,968,79.92565055762081
eil76,SA,1,36,968,79.92565055762081
eil76,SA,1,37,968,79.92565055762081
eil76,SA,1,38,968,79.92565055762081
eil76,SA,1,39,968,79.92565055762081
eil76,SA,1,40,968,79.92565055762081
eil76,SA,1,41,968,79.92565055762081
eil76,SA,1,42,968,79.92565055762081
eil76,SA,1,43,968,79.92565055762081
eil76,SA,1,44,968,79.92565055762081
eil76,SA,1,45,968,79.92565055762081
eil76,SA,1,46,968,79.92565055762081
eil76,SA,1,47,968,79.92565055762081
eil76,SA,1,48,968,79.92565055762081
eil76,SA,1,49,968,79.92565055762081
eil76,SA,1,50,968,79.92565055762081
eil76,SA,1,51,968,79.92565055762081
eil76,SA,1,52,968,79.92565055762081
eil76,SA,1,53,968,79.92565055762081
eil76,SA,1,54,968,79.92565055762081
eil76,SA,1,55,968,79.92565055762081
eil76,SA,1,56,968,79.92565055762081
eil76,SA,1,57,968,79.92565055762081
eil76,SA,1,58,968,79.92565055762081
eil76,SA,1,59,968,79.92565055762081
eil76,SA,1,60,968,79.92565055762081
eil76,SA,1,61,968,79.92565055762081
eil76,SA,1,62,968,79.92565055762081
eil76,SA,1,63,968,79.92565055762081
eil76,SA,1,64,968,79.92565055762081
eil76,SA,1,65,968,79.92565055762081
eil76,SA,1,66,968,79.92565055762081
eil76,SA,1,67,968,79.92565055762081
eil76,SA,1,68,968,79.92565055762081
eil76,SA,1,69,968,79.92565055762081
eil76,SA,1,70,968,79.92565055762081
eil76,SA,1,71,968,79.92565055762081
eil76,SA,1,72,968,79.92565055762081
eil76,SA,1,73,968,79.92565055762081
eil76,SA,1,74,968,79.92565055762081
eil76,SA,1,75,968,79.92565055762081
eil76,SA,1,76,968,79.92565055762081
eil76,SA,1,77,968,79.92565055762081
eil76,SA,1,78,968,79.92565055762081
eil76,SA,1,79,968,79.92565055762081
eil76,SA,1,80,968,79.92565055762081
eil76,SA,1,81,968,79.92565055762081
eil76,SA,1,82,968,79.92565055762081
eil76,SA,1,83,968,79.92565055762081
eil76,SA,1,84,968,79.92565055762081
eil76,SA,1,85,968,79.92565055762081
eil76,SA,1,86,968,79.92565055762081
eil76,SA,1,87,968,79.92565055762081
eil76,SA,1,88,968,79.92565055762081
eil76,SA,1,89,968,79.92565055762081
eil76,SA,1,90,968,79.92565055762081
eil76,SA,1,91,968,79.92565055762081
eil76,SA,1,92,968,79.92565055762081
eil76,SA,1,93,968,79.92565055762081
eil76,SA,1,94,968,79.92565055762081
eil76,SA,1,95,968,79.92565055762081
eil76,SA,1,96,968,79.92565055762081
eil76,SA,1,97,968,79.92565055762081
eil76,SA,1,98,968,79.92565055762081
eil76,SA,1,99,968,79.92565055762081
eil76,SA,1,100,968,79.92565055762081
eil76,SA,1,101,968,79.92565055762081
eil76,SA,1,102,968,79.92565055762081
eil76,SA,1,103,968,79.92565055762081
eil76,SA,1,104,968,79.92565055762081
eil76,SA,1,105,968,79.92565055762081
eil76,SA,1,106,968,79.92565055762081
eil76,SA,1,107,968,79.92565055762081
eil76,SA,1,108,968,79.92565055762081
eil76,SA,1,109,968,79.92565055762081
eil76,SA,1,110,968,79.92565055762081
eil76,SA,1,111,968,79.92565055762081
eil76,SA,1,112,968,79.92565055762081
eil76,SA,1,113,968,79.92565055762081
eil76,SA,1,114,968,79.92565055762081
eil76,SA,1,115,968,79.92565055762081
eil76,SA,1,116,968,79.92565055762081
eil76,SA,1,117,968,79.92565055762081
eil76,SA,1,118,968,79.92565055762081
eil76,SA,1,119,968,79.92565055762081
eil76,SA,1,120,968,79.92565055762081
eil76,SA,1,121,968,79.92565055762081
eil76,SA,1,122,968,79.92565055762081
eil76,SA,1,123,968,79.92565055762081
eil76,SA,1,124,968,79.92565055762081
eil76,SA,1,125,968,79.92565055762081
eil76,SA,1,126,968,79.92565055762081
eil76,SA,1,127,968,79.92565055762081
eil76,SA,1,128,968,79.92565055762081
eil76,SA,1,129,968,79.92565055762081
eil76,SA,1,130,968,79.92565055762081
eil76,SA,1,131,968,79.92565055762081
eil76,SA,1,132,968,79.92565055762081
eil76,SA,1,133,968,79.92565055762081
eil76,SA,1,134,968,79.92565055762081
eil76,SA,1,135,968,79.92565055762081
eil76,SA,1,136,968,79.92565055762081
eil76,SA,1,137,968,79.92565055762081
eil76,SA,1,138,968,79.92565055762081
eil76,SA,1,139,968,79.92565055762081
eil76,SA,1,140,968,79.92565055762081
eil76,SA,1,141,968,79.92565055762081
eil76,SA,1,142,968,79.92565055762081
eil76,SA,1,143,968,79.92565055762081
eil76,SA,1,144,968,79.92565055762081
eil76,SA,1,145,968,79.92565055762081
eil76,SA,1,146,968,79.92565055762081
eil76,SA,1,147,968,79.92565055762081
eil76,SA,1,148,968,79.92565055762081
eil76,SA,1,149,968,79.92565055762081
eil76,SA,1,150,968,79.92565055762081
eil76,SA,1,151,968,79.92565055762081
eil76,SA,1,152,968,79.92565055762081
eil76,SA,1,153,968,79.92565055762081
eil76,SA,1,154,968,79.92565055762081
eil76,SA,1,155,968,79.92565055762081
eil76,SA,1,156,968,79.92565055762081
eil76,SA,1,157,968,79.92565055762081
eil76,SA,1,158,968,79.92565055762081
eil76,SA,1,159,968,79.92565055762081
eil76,SA,1,160,968,79.92565055762081
eil76,SA,1,161,968,79.92565055762081
eil76,SA,1,162,968,79.92565055762081
eil76,SA,1,163,968,79.92565055762081
eil76,SA,1,164,968,79.92565055762081
eil76,SA,1,165,968,79.92565055762081
eil76,SA,1,166,968,79.92565055762081
eil76,SA,1,167,968,79.92565055762081
eil76,SA,1,168,968,79.92565055762081
eil76,SA,1,169,968,79.92565055762081
eil76,SA,1,170,968,79.92565055762081
eil76,SA,1,171,968,79.92565055762081
eil76,SA,1,172,968,79.92565055762081
eil76,SA,1,173,968,79.92565055762081
eil76,SA,1,174,968,79.92565055762081
eil76,SA,1,175,968,79.92565055762081
eil76,SA,1,176,968,79.92565055762081
eil76,SA,1,177,968,79.92565055762081
eil76,SA,1,178,968,79.92565055762081
eil76,SA,1,179,968,79.92565055762081
eil76,SA,1,180,968,79.92565055762081
eil76,SA,1,181,968,79.92565055762081
eil76,SA,1,182,968,79.92565055762081
eil76,SA,1,183,968,79.92565055762081
eil76,SA,1,184,968,79.92565055762081
eil76,SA,1,185,968,79.92565055762081
eil76,SA,1,186,968,79.92565055762081
eil76,SA,1,187,968,79.92565055762081
eil76,SA,1,188,968,79.92565055762081
eil76,SA,1,189,968,79.92565055762081
eil76,SA,1,190,968,79.92565055762081
eil76,SA,1,191,968,79.92565055762081
eil76,SA,1,192,968,79.92565055762081
eil76,SA,1,193,968,79.92565055762081
eil76,SA,1,194,968,79.92565055762081
eil76,SA,1,195,968,79.92565055762081
eil76,SA,1,196,968,79.92565055762081
eil76,SA,1,197,968,79.92565055762081
eil76,SA,1,198,968,79.92565055762081
eil76,SA,1,199,968,79.92565055762081
eil76,SA,1,200,968,79.92565055762081
eil76,SA,1,201,968,79.92565055762081
eil76,SA,1,202,968,79.92565055762081
eil76,SA,1,203,968,79.92565055762081
eil76,SA,1,204,968,79.92565055762081
eil76,SA,1,205,968,79.92565055762081
eil76,SA,1,206,968,79.92565055762081
eil76,SA,1,207,968,79.92565055762081
eil76,SA,1,208,968,79.92565055762081
eil76,SA,1,209,968,79.92565055762081
eil76,SA,1,210,968,79.92565055762081
eil76,SA,1,211,968,79.92565055762081
eil76,SA,1,212,968,79.92565055762081
eil76,SA,1,213,968,79.92565055762081
eil76,SA,1,214,968,79.92565055762081
eil76,SA,1,215,968,79.92565055762081
eil76,SA,1,216,968,79.92565055762081
eil76,SA,1,217,968,79.92565055762081
eil76,SA,1,218,968,79.92565055762081
eil76,SA,1,219,968,79.92565055762081
eil76,SA,1,220,968,79.92565055762081
eil76,SA,1,221,968,79.92565055762081
eil76,SA,1,222,968,79.92565055762081
eil76,SA,1,223,968,79.92565055762081
eil76,SA,1,224,968,79.92565055762081
eil76,SA,1,225,968,79.92565055762081
eil76,SA,1,226,968,79.92565055762081
eil76,SA,1,227,968,79.92565055762081
eil76,SA,1,228,968,79.92565055762081
eil76,SA,1,229,968,79.92565055762081
eil76,SA,1,230,968,79.92565055762081
eil76,SA,1,231,968,79.92565055762081
eil76,SA,1,232,968,79.92565055762081
eil76,SA,1,233,968,79.92565055762081
eil76,SA,1,234,968,79.92565055762081
eil76,SA,1,235,968,79.92565055762081
eil76,SA,1,236,968,79.92565055762081
eil76,SA,1,237,968,79.92565055762081
eil76,SA,1,238,968,79.92565055762081
eil76,SA,1,239,968,79.92565055762081
eil76,SA,1,240,968,79.92565055762081
eil76,SA,1,241,968,79.92565055762081
eil76,SA,1,242,968,79.92565055762081
eil76,SA,1,243,968,79.92565055762081
eil76,SA,1,244,968,79.92565055762081
eil76,SA,1,245,968,79.92565055762081
eil76,SA,1,246,968,79.92565055762081
eil76,SA,1,247,968,79.92565055762081
eil76,SA,1,248,968,79.92565055762081
eil76,SA,1,249,968,79.92565055762081
eil76,SA,2,0,1006,86.98884758364312
eil76,SA,2,1,1006,86.98884758364312
eil76,SA,2,2,1006,86.98884758364312
eil76,SA,2,3,1006,86.98884758364312
eil76,SA,2,4,1006,86.98884758364312
eil76,SA,2,5,1006,86.98884758364312
eil76,SA,2,6,1006,86.98884758364312
eil76,SA,2,7,1006,86.98884758364312
eil76,SA,2,8,1006,86.98884758364312
eil76,SA,2,9,1006,86.98884758364312
eil76,SA,2,10,1006,86.98884758364312
eil76,SA,2,11,1006,86.98884758364312
eil76,SA,2,12,1006,86.98884758364312
eil76,SA,2,13,1006,86.98884758364312
eil76,SA,2,14,1006,86.98884758364312
eil76,SA,2,15,1006,86.98884758364312
eil76,SA,2,16,1006,86.98884758364312
eil76,SA,2,17,1006,86.98884758364312
eil76,SA,2,18,1006,86.98884758364312
eil76,SA,2,19,1006,86.98884758364312
eil76,SA,2,20,1006,86.98884758364312
eil76,SA,2,21,1006,86.98884758364312
eil76,SA,2,22,1006,86.98884758364312
eil76,SA,2,23,1006,86.98884758364312
eil76,SA,2,24,1006,86.98884758364312
eil76,SA,2,25,1006,86.98884758364312
eil76,SA,2,26,1006,86.98884758364312
eil76,SA,2,27,1006,86.98884758364312
eil76,SA,2,28,1006,86.98884758364312
eil76,SA,2,29,1006,86.98884758364312
eil76,SA,2,30,1006,86.98884758364312
eil76,SA,2,31,1006,86.98884758364312
eil76,SA,2,32,1006,86.98884758364312
eil76,SA,2,33,1006,86.98884758364312
eil76,SA,2,34,1006,86.98884758364312
eil76,SA,2,35,1006,86.98884758364312
eil76,SA,2,36,1006,86.98884758364312
eil76,SA,2,37,1006,86.98884758364312
eil76,SA,2,38,1006,86.98884758364312
eil76,SA,2,39,1006,86.98884758364312
eil76,SA,2,40,1006,86.98884758364312
eil76,SA,2,41,1006,86.98884758364312
eil76,SA,2,42,1006,86.98884758364312
eil76,SA,2,43,1006,86.98884758364312
eil76,SA,2,44,1006,86.98884758364312
eil76,SA,2,45,1006,86.98884758364312
eil76,SA,2,46,1006,86.98884758364312
eil76,SA,2,47,1006,86.98884758364312
eil76,SA,2,48,1006,86.98884758364312
eil76,SA,2,49,1006,86.98884758364312
eil76,SA,2,50,1006,86.98884758364312
eil76,SA,2,51,1006,86.98884758364312
eil76,SA,2,52,1006,86.98884758364312
eil76,SA,2,53,1006,86.98884758364312
eil76,SA,2,54,1006,86.98884758364312
eil76,SA,2,55,1006,86.98884758364312
eil76,SA,2,56,1006,86.98884758364312
eil76,SA,2,57,1006,86.98884758364312
eil76,SA,2,58,1006,86.98884758364312
eil76,SA,2,59,1006,86.98884758364312
eil76,SA,2,60,1006,86.98884758364312
eil76,SA,2,61,1006,86.98884758364312
eil76,SA,2,62,1006,86.98884758364312
eil76,SA,2,63,1006,86.98884758364312
eil76,SA,2,64,1006,86.98884758364312
eil76,SA,2,65,1006,86.98884758364312
eil76,SA,2,66,1006,86.98884758364312
eil76,SA,2,67,1006,86.98884758364312
eil76,SA,2,68,1006,86.98884758364312
eil76,SA,2,69,1006,86.98884758364312
eil76,SA,2,70,1006,86.98884758364312
eil76,SA,2,71,1006,86.98884758364312
eil76,SA,2,72,1006,86.98884758364312
eil76,SA,2,73,1006,86.98884758364312
eil76,SA,2,74,1006,86.98884758364312
eil76,SA,2,75,1006,86.98884758364312
eil76,SA,2,76,1006,86.98884758364312
eil76,SA,2,77,1006,86.98884758364312
eil76,SA,2,78,1006,86.98884758364312
eil76,SA,2,79,1006,86.98884758364312
eil76,SA,2,80,1006,86.98884758364312
eil76,SA,2,81,1006,86.98884758364312
eil76,SA,2,82,1006,86.98884758364312
eil76,SA,2,83,1006,86.98884758364312
eil76,SA,2,84,1006,86.98884758364312
eil76,SA,2,85,1006,86.98884758364312
eil76,SA,2,86,1006,86.98884758364312
eil76,SA,2,87,1006,86.98884758364312
eil76,SA,2,88,1006,86.98884758364312
eil76,SA,2,89,1006,86.98884758364312
eil76,SA,2,90,1006,86.98884758364312
eil76,SA,2,91,1006,86.98884758364312
eil76,SA,2,92,1006,86.98884758364312
eil76,SA,2,93,1006,86.98884758364312
eil76,SA,2,94,1006,86.98884758364312
eil76,SA,2,95,1006,86.98884758364312
eil76,SA,2,96,1006,86.98884758364312
eil76,SA,2,97,1006,86.98884758364312
eil76,SA,2,98,1006,86.98884758364312
eil76,SA,2,99,1006,86.98884758364312
eil76,SA,2,100,1006,86.98884758364312
eil76,SA,2,101,1006,86.98884758364312
eil76,SA,2,102,1006,86.98884758364312
eil76,SA,2,103,1006,86.98884758364312
eil76,SA,2,104,1006,86.98884758364312
eil76,SA,2,105,1006,86.98884758364312
eil76,SA,2,106,1006,86.98884758364312
eil76,SA,2,107,1006,86.98884758364312
eil76,SA,2,108,1006,86.98884758364312
eil76,SA,2,109,1006,86.98884758364312
eil76,SA,2,110,1006,86.98884758364312
eil76,SA,2,111,1006,86.98884758364312
eil76,SA,2,112,1006,86.98884758364312
eil76,SA,2,113,1006,86.98884758364312
eil76,SA,2,114,1006,86.98884758364312
eil76,SA,2,115,1006,86.98884758364312
eil76,SA,2,116,1006,86.98884758364312
eil76,SA,2,117,1006,86.98884758364312
eil76,SA,2,118,1006,86.98884758364312
eil76,SA,2,119,1006,86.98884758364312
eil76,SA,2,120,1006,86.98884758364312
eil76,SA,2,121,1006,86.98884758364312
eil76,SA,2,122,1006,86.98884758364312
eil76,SA,2,123,1006,86.98884758364312
eil76,SA,2,124,1006,86.98884758364312
eil76,SA,2,125,1006,86.98884758364312
eil76,SA,2,126,1006,86.98884758364312
eil76,SA,2,127,1006,86.98884758364312
eil76,SA,2,128,1006,86.98884758364312
eil76,SA,2,129,1006,86.98884758364312
eil76,SA,2,130,1006,86.98884758364312
eil76,SA,2,131,1006,86.98884758364312
eil76,SA,2,132,1006,86.98884758364312
eil76,SA,2,133,1006,86.98884758364312
eil76,SA,2,134,1006,86.98884758364312
eil76,SA,2,135,1006,86.98884758364312
eil76,SA,2,136,1006,86.98884758364312
eil76,SA,2,137,1006,86.98884758364312
eil76,SA,2,138,1006,86.98884758364312
eil76,SA,2,139,1006,86.98884758364312
eil76,SA,2,140,1006,86.98884758364312
eil76,SA,2,141,1006,86.98884758364312
eil76,SA,2,142,1006,86.98884758364312
eil76,SA,2,143,1006,86.98884758364312
eil76,SA,2,144,1006,86.98884758364312
eil76,SA,2,145,1006,86.98884758364312
eil76,SA,2,146,1006,86.98884758364312
eil76,SA,2,147,1006,86.98884758364312
eil76,SA,2,148,1006,86.98884758364312
eil76,SA,2,149,1006,86.98884758364312
eil76,SA,2,150,1006,86.98884758364312
eil76,SA,2,151,1006,86.98884758364312
eil76,SA,2,152,1006,86.98884758364312
eil76,SA,2,153,1006,86.98884758364312
eil76,SA,2,154,1006,86.98884758364312
eil76,SA,2,155,1006,86.98884758364312
eil76,SA,2,156,1006,86.98884758364312
eil76,SA,2,157,1006,86.98884758364312
eil76,SA,2,158,1006,86.98884758364312
eil76,SA,2,159,1006,86.98884758364312
eil76,SA,2,160,1006,86.98884758364312
eil76,SA,2,161,1006,86.98884758364312
eil76,SA,2,162,1006,86.98884758364312
eil76,SA,2,163,1006,86.98884758364312
eil76,SA,2,164,1006,86.98884758364312
eil76,SA,2,165,1006,86.98884758364312
eil76,SA,2,166,1006,86.98884758364312
eil76,SA,2,167,1006,86.98884758364312
eil76,SA,2,168,1006,86.98884758364312
eil76,SA,2,169,1006,86.98884758364312
eil76,SA,2,170,1006,86.98884758364312
eil76,SA,2,171,1006,86.98884758364312
eil76,SA,2,172,1006,86.98884758364312
eil76,SA,2,173,1006,86.98884758364312
eil76,SA,2,174,1006,86.98884758364312
eil76,SA,2,175,1006,86.98884758364312
eil76,SA,2,176,1006,86.98884758364312
eil76,SA,2,177,1006,86.98884758364312
eil76,SA,2,178,1006,86.98884758364312
eil76,SA,2,179,1006,86.98884758364312
eil76,SA,2,180,1006,86.98884758364312
eil76,SA,2,181,1006,86.98884758364312
eil76,SA,2,182,1006,86.98884758364312
eil76,SA,2,183,1006,86.98884758364312
eil76,SA,2,184,1006,86.98884758364312
eil76,SA,2,185,1006,86.98884758364312
eil76,SA,2,186,1006,86.98884758364312
eil76,SA,2,187,1006,86.98884758364312
eil76,SA,2,188,1006,86.98884758364312
eil76,SA,2,189,1006,86.98884758364312
eil76,SA,2,190,1006,86.98884758364312
eil76,SA,2,191,1006,86.98884758364312
eil76,SA,2,192,1006,86.98884758364312
eil76,SA,2,193,1006,86.98884758364312
eil76,SA,2,194,1006,86.98884758364312
eil76,SA,2,195,1006,86.98884758364312
eil76,SA,2,196,1006,86.98884758364312
eil76,SA,2,197,1006,86.98884758364312
eil76,SA,2,198,1006,86.98884758364312
eil76,SA,2,199,1006,86.98884758364312
eil76,SA,2,200,1006,86.98884758364312
eil76,SA,2,201,1006,86.98884758364312
eil76,SA,2,202,1006,86.98884758364312
eil76,SA,2,203,1006,86.98884758364312
eil76,SA,2,204,1006,86.98884758364312
eil76,SA,2,205,1006,86.98884758364312
eil76,SA,2,206,1006,86.98884758364312
eil76,SA,2,207,1006,86.98884758364312
eil76,SA,2,208,1006,86.98884758364312
eil76,SA,2,209,1006,86.98884758364312
eil76,SA,2,210,1006,86.98884758364312
eil76,SA,2,211,1006,86.98884758364312
eil76,SA,2,212,1006,86.98884758364312
eil76,SA,2,213,1006,86.98884758364312
eil76,SA,2,214,1006,86.98884758364312
eil76,SA,2,215,1006,86.98884758364312
eil76,SA,2,216,1006,86.98884758364312
eil76,SA,2,217,1006,86.98884758364312
eil76,SA,2,218,1006,86.98884758364312
eil76,SA,2,219,1006,86.98884758364312
eil76,SA,2,220,1006,86.98884758364312
eil76,SA,2,221,1006,86.98884758364312
eil76,SA,2,222,1006,86.98884758364312
eil76,SA,2,223,1006,86.98884758364312
eil76,SA,2,224,1006,86.98884758364312
eil76,SA,2,225,1006,86.98884758364312
eil76,SA,2,226,1006,86.98884758364312
eil76,SA,2,227,1006,86.98884758364312
eil76,SA,2,228,1006,86.98884758364312
eil76,SA,2,229,1006,86.98884758364312
eil76,SA,2,230,1006,86.98884758364312
eil76,SA,2,231,1006,86.98884758364312
eil76,SA,2,232,1006,86.98884758364312
eil76,SA,2,233,1006,86.98884758364312
eil76,SA,2,234,1006,86.98884758364312
eil76,SA,2,235,1006,86.98884758364312
eil76,SA,2,236,1006,86.98884758364312
eil76,SA,2,237,1006,86.98884758364312
eil76,SA,2,238,1006,86.98884758364312
eil76,SA,2,239,1006,86.98884758364312
eil76,SA,2,240,1006,86.98884758364312
eil76,SA,2,241,1006,86.98884758364312
eil76,SA,2,242,1006,86.98884758364312
eil76,SA,2,243,1006,86.98884758364312
eil76,SA,2,244,1006,86.98884758364312
eil76,SA,2,245,1006,86.98884758364312
eil76,SA,2,246,1006,86.98884758364312
eil76,SA,2,247,1006,86.98884758364312
eil76,SA,2,248,1006,86.98884758364312
eil76,SA,2,249,1006,86.98884758364312
eil76,GA,1,0,1066,98.14126394052045
eil76,GA,1,1,1066,98.14126394052045
eil76,GA,1,2,1066,98.14126394052045
eil76,GA,1,3,1066,98.14126394052045
eil76,GA,1,4,1056,96.28252788104089
eil76,GA,1,5,1056,96.28252788104089
eil76,GA,1,6,1056,96.28252788104089
eil76,GA,1,7,1056,96.28252788104089
eil76,GA,1,8,1056,96.28252788104089
eil76,GA,1,9,1056,96.28252788104089
eil76,GA,1,10,1056,96.28252788104089
eil76,GA,1,11,1051,95.35315985130111
eil76,GA,1,12,1038,92.93680297397769
eil76,GA,1,13,980,82.15613382899629
eil76,GA,1,14,980,82.15613382899629
eil76,GA,1,15,980,82.15613382899629
eil76,GA,1,16,980,82.15613382899629
eil76,GA,1,17,972,80.66914498141264
eil76,GA,1,18,972,80.66914498141264
eil76,GA,1,19,972,80.66914498141264
eil76,GA,1,20,972,80.66914498141264
eil76,GA,1,21,972,80.66914498141264
eil76,GA,1,22,972,80.66914498141264
eil76,GA,1,23,972,80.66914498141264
eil76,GA,1,24,972,80.66914498141264
eil76,GA,1,25,972,80.66914498141264
eil76,GA,1,26,962,78.81040892193309
eil76,GA,1,27,962,78.81040892193309
eil76,GA,1,28,962,78.81040892193309
eil76,GA,1,29,962,78.81040892193309
eil76,GA,2,0,1112,106.6914498141264
eil76,GA,2,1,1106,105.57620817843866
eil76,GA,2,2,1106,105.57620817843866
eil76,GA,2,3,1106,105.57620817843866
eil76,GA,2,4,1106,105.57620817843866
eil76,GA,2,5,1106,105.57620817843866
eil76,GA,2,6,1106,105.57620817843866
eil76,GA,2,7,1106,105.57620817843866
eil76,GA,2,8,1106,105.57620817843866
eil76,GA,2,9,1102,104.83271375464685
eil76,GA,2,10,1094,103.3457249070632
eil76,GA,2,11,1094,103.3457249070632
eil76,GA,2,12,1078,100.37174721189591
eil76,GA,2,13,1078,100.37174721189591
eil76,GA,2,14,1074,99.62825278810409
eil76,GA,2,15,1074,99.62825278810409
eil76,GA,2,16,1074,99.62825278810409
eil76,GA,2,17,1044,94.05204460966543
eil76,GA,2,18,1037,92.75092936802974
eil76,GA,2,19,1037,92.75092936802974
eil76,GA,2,20,1037,92.75092936802974
eil76,GA,2,21,1037,92.75092936802974
eil76,GA,2,22,1035,92.37918215613382
eil76,GA,2,23,1035,92.37918215613382
eil76,GA,2,24,1035,92.37918215613382
eil76,GA,2,25,1035,92.37918215613382
eil76,GA,2,26,1035,92.37918215613382
eil76,GA,2,27,1025,90.52044609665427
eil76,GA,2,28,1025,90.52044609665427
eil76,GA,2,29,1025,90.52044609665427
eil76,ACO,1,0,671,24.721189591078065
eil76,ACO,1,1,656,21.933085501858734
eil76,ACO,1,2,646,20.074349442379184
eil76,ACO,1,3,646,20.074349442379184
eil76,ACO,1,4,646,20.074349442379184
eil76,ACO,1,5,631,17.286245353159853
eil76,ACO,1,6,631,17.286245353159853
eil76,ACO,1,7,620,15.241635687732343
eil76,ACO,1,8,620,15.241635687732343
eil76,ACO,1,9,620,15.241635687732343
eil76,ACO,1,10,619,15.055762081784387
eil76,ACO,1,11,619,15.055762081784387
eil76,ACO,2,0,693,28.810408921933085
eil76,ACO,2,1,640,18.95910780669145
eil76,ACO,2,2,624,15.985130111524164
eil76,ACO,2,3,624,15.985130111524164
eil76,ACO,2,4,606,12.639405204460967
eil76,ACO,2,5,587,9.107806691449815
eil76,ACO,2,6,587,9.107806691449815
eil76,ACO,2,7,587,9.107806691449815
eil76,ACO,2,8,584,8.550185873605948
eil76,ACO,2,9,584,8.550185873605948
eil76,ACO,2,10,584,8.550185873605948
eil76,ACO,2,11,581,7.992565055762082
eil76,ABC/BCO,1,0,1058,96.6542750929368
eil76,ABC/BCO,1,1,1048,94.79553903345725
eil76,ABC/BCO,1,2,1038,92.93680297397769
eil76,ABC/BCO,1,3,1036,92.56505576208178
eil76,ABC/BCO,1,4,1036,92.56505576208178
eil76,ABC/BCO,1,5,1020,89.59107806691449
eil76,ABC/BCO,1,6,1020,89.59107806691449
eil76,ABC/BCO,1,7,1019,89.40520446096654
eil76,ABC/BCO,1,8,1007,87.17472118959108
eil76,ABC/BCO,1,9,998,85.50185873605948
eil76,ABC/BCO,1,10,995,84.94423791821562
eil76,ABC/BCO,1,11,995,84.94423791821562
eil76,ABC/BCO,1,12,985,83.08550185873607
eil76,ABC/BCO,1,13,978,81.78438661710037
eil76,ABC/BCO,1,14,967,79.73977695167287
eil76,ABC/BCO,1,15,967,79.73977695167287
eil76,ABC/BCO,1,16,957,77.88104089219331
eil76,ABC/BCO,1,17,956,77.69516728624535
eil76,ABC/BCO,1,18,941,74.90706319702602
eil76,ABC/BCO,1,19,941,74.90706319702602
eil76,ABC/BCO,1,20,941,74.90706319702602
eil76,ABC/BCO,1,21,941,74.90706319702602
eil76,ABC/BCO,1,22,935,73.7918215613383
eil76,ABC/BCO,1,23,935,73.7918215613383
eil76,ABC/BCO,1,24,930,72.86245353159852
eil76,ABC/BCO,1,25,930,72.86245353159852
eil76,ABC/BCO,1,26,913,69.70260223048327
eil76,ABC/BCO,1,27,900,67.28624535315986
eil76,ABC/BCO,1,28,892,65.79925650557621
eil76,ABC/BCO,1,29,892,65.79925650557621
eil76,ABC/BCO,2,0,1075,99.81412639405204
eil76,ABC/BCO,2,1,1075,99.81412639405204
eil76,ABC/BCO,2,2,1075,99.81412639405204
eil76,ABC/BCO,2,3,1067,98.3271375464684
eil76,ABC/BCO,2,4,1053,95.72490706319702
eil76,ABC/BCO,2,5,1053,95.72490706319702
eil76,ABC/BCO,2,6,1010,87.73234200743494
eil76,ABC/BCO,2,7,1010,87.73234200743494
eil76,ABC/BCO,2,8,1010,87.73234200743494
eil76,ABC/BCO,2,9,1009,87.54646840148699
eil76,ABC/BCO,2,10,1006,86.98884758364312
eil76,ABC/BCO,2,11,997,85.31598513011153
eil76,ABC/BCO,2,12,970,80.29739776951673
eil76,ABC/BCO,2,13,932,73.23420074349443
eil76,ABC/BCO,2,14,927,72.30483271375465
eil76,ABC/BCO,2,15,927,72.30483271375465
eil76,ABC/BCO,2,16,921,71.18959107806691
eil76,ABC/BCO,2,17,921,71.18959107806691
eil76,ABC/BCO,2,18,921,71.18959107806691
eil76,ABC/BCO,2,19,918,70.63197026022304
eil76,ABC/BCO,2,20,918,70.63197026022304
eil76,ABC/BCO,2,21,918,70.63197026022304
eil76,ABC/BCO,2,22,910,69.14498141263941
eil76,ABC/BCO,2,23,903,67.84386617100371
eil76,ABC/BCO,2,24,890,65.4275092936803
eil76,ABC/BCO,2,25,877,63.01115241635688
eil76,ABC/BCO,2,26,877,63.01115241635688
eil76,ABC/BCO,2,27,875,62.639405204460964
eil76,ABC/BCO,2,28,875,62.639405204460964
eil76,ABC/BCO,2,29,875,62.639405204460964
kroA100,MWI-H,1,0,39722,86.64599191805281
kroA100,MWI-H,1,1,39722,86.64599191805281
kroA100,MWI-H,1,2,39722,86.64599191805281
kroA100,MWI-H,1,3,39722,86.64599191805281
kroA100,MWI-H,1,4,39722,86.64599191805281
kroA100,MWI-H,1,5,39722,86.64599191805281
kroA100,MWI-H,1,6,39722,86.64599191805281
kroA100,MWI-H,1,7,39722,86.64599191805281
kroA100,MWI-H,1,8,39722,86.64599191805281
kroA100,MWI-H,1,9,39722,86.64599191805281
kroA100,MWI-H,1,10,39722,86.64599191805281
kroA100,MWI-H,1,11,39722,86.64599191805281
kroA100,MWI-H,1,12,39722,86.64599191805281
kroA100,MWI-H,1,13,39722,86.64599191805281
kroA100,MWI-H,1,14,39722,86.64599191805281
kroA100,MWI-H,1,15,39722,86.64599191805281
kroA100,MWI-H,1,16,39722,86.64599191805281
kroA100,MWI-H,1,17,39722,86.64599191805281
kroA100,MWI-H,1,18,39722,86.64599191805281
kroA100,MWI-H,1,19,39722,86.64599191805281
kroA100,MWI-H,1,20,39722,86.64599191805281
kroA100,MWI-H,1,21,39722,86.64599191805281
kroA100,MWI-H,1,22,39722,86.64599191805281
kroA100,MWI-H,1,23,39722,86.64599191805281
kroA100,MWI-H,1,24,39722,86.64599191805281
kroA100,MWI-H,1,25,39722,86.64599191805281
kroA100,MWI-H,1,26,39722,86.64599191805281
kroA100,MWI-H,1,27,39722,86.64599191805281
kroA100,MWI-H,1,28,39722,86.64599191805281
kroA100,MWI-H,1,29,39722,86.64599191805281
kroA100,MWI-H,2,0,42665,100.47457945681796
kroA100,MWI-H,2,1,42007,97.38276477774646
kroA100,MWI-H,2,2,42007,97.38276477774646
kroA100,MWI-H,2,3,42007,97.38276477774646
kroA100,MWI-H,2,4,42007,97.38276477774646
kroA100,MWI-H,2,5,42007,97.38276477774646
kroA100,MWI-H,2,6,42007,97.38276477774646
kroA100,MWI-H,2,7,42007,97.38276477774646
kroA100,MWI-H,2,8,42007,97.38276477774646
kroA100,MWI-H,2,9,42007,97.38276477774646
kroA100,MWI-H,2,10,42007,97.38276477774646
kroA100,MWI-H,2,11,42007,97.38276477774646
kroA100,MWI-H,2,12,42007,97.38276477774646
kroA100,MWI-H,2,13,42007,97.38276477774646
kroA100,MWI-H,2,14,42007,97.38276477774646
kroA100,MWI-H,2,15,42007,97.38276477774646
kroA100,MWI-H,2,16,42007,97.38276477774646
kroA100,MWI-H,2,17,42007,97.38276477774646
kroA100,MWI-H,2,18,42007,97.38276477774646
kroA100,MWI-H,2,19,42007,97.38276477774646
kroA100,MWI-H,2,20,42007,97.38276477774646
kroA100,MWI-H,2,21,42007,97.38276477774646
kroA100,MWI-H,2,22,42007,97.38276477774646
kroA100,MWI-H,2,23,42007,97.38276477774646
kroA100,MWI-H,2,24,42007,97.38276477774646
kroA100,MWI-H,2,25,42007,97.38276477774646
kroA100,MWI-H,2,26,42007,97.38276477774646
kroA100,MWI-H,2,27,42007,97.38276477774646
kroA100,MWI-H,2,28,42007,97.38276477774646
kroA100,MWI-H,2,29,42007,97.38276477774646
kroA100,SA,1,0,52218,145.36227798139274
kroA100,SA,1,1,52218,145.36227798139274
kroA100,SA,1,2,52218,145.36227798139274
kroA100,SA,1,3,52218,145.36227798139274
kroA100,SA,1,4,52218,145.36227798139274
kroA100,SA,1,5,52218,145.36227798139274
kroA100,SA,1,6,52218,145.36227798139274
kroA100,SA,1,7,52218,145.36227798139274
kroA100,SA,1,8,52218,145.36227798139274
kroA100,SA,1,9,52218,145.36227798139274
kroA100,SA,1,10,52218,145.36227798139274
kroA100,SA,1,11,52218,145.36227798139274
kroA100,SA,1,12,52218,145.36227798139274
kroA100,SA,1,13,52218,145.36227798139274
kroA100,SA,1,14,52218,145.36227798139274
kroA100,SA,1,15,52218,145.36227798139274
kroA100,SA,1,16,52218,145.36227798139274
kroA100,SA,1,17,52218,145.36227798139274
kroA100,SA,1,18,52218,145.36227798139274
kroA100,SA,1,19,52218,145.36227798139274
kroA100,SA,1,20,52218,145.36227798139274
kroA100,SA,1,21,52218,145.36227798139274
kroA100,SA,1,22,52218,145.36227798139274
kroA100,SA,1,23,52218,145.36227798139274
kroA100,SA,1,24,52218,145.36227798139274
kroA100,SA,1,25,52218,145.36227798139274
kroA100,SA,1,26,52218,145.36227798139274
kroA100,SA,1,27,52218,145.36227798139274
kroA100,SA,1,28,52218,145.36227798139274
kroA100,SA,1,29,52218,145.36227798139274
kroA100,SA,1,30,52218,145.36227798139274
kroA100,SA,1,31,52218,145.36227798139274
kroA100,SA,1,32,52218,145.36227798139274
kroA100,SA,1,33,52218,145.36227798139274
kroA100,SA,1,34,52218,145.36227798139274
kroA100,SA,1,35,52218,145.36227798139274
kroA100,SA,1,36,52218,145.36227798139274
kroA100,SA,1,37,52218,145.36227798139274
kroA100,SA,1,38,52218,145.36227798139274
kroA100,SA,1,39,52218,145.36227798139274
kroA100,SA,1,40,52218,145.36227798139274
kroA100,SA,1,41,52218,145.36227798139274
kroA100,SA,1,42,52218,145.36227798139274
kroA100,SA,1,43,52218,145.36227798139274
kroA100,SA,1,44,52218,145.36227798139274
kroA100,SA,1,45,52218,145.36227798139274
kroA100,SA,1,46,52218,145.36227798139274
kroA100,SA,1,47,52218,145.36227798139274
kroA100,SA,1,48,52218,145.36227798139274
kroA100,SA,1,49,52218,145.36227798139274
kroA100,SA,1,50,52218,145.36227798139274
kroA100,SA,1,51,52218,145.36227798139274
kroA100,SA,1,52,52218,145.36227798139274
kroA100,SA,1,53,52218,145.36227798139274
kroA100,SA,1,54,52218,145.36227798139274
kroA100,SA,1,55,52218,145.36227798139274
kroA100,SA,1,56,52218,145.36227798139274
kroA100,SA,1,57,52218,145.36227798139274
kroA100,SA,1,58,52218,145.36227798139274
kroA100,SA,1,59,52218,145.36227798139274
kroA100,SA,1,60,52218,145.36227798139274
kroA100,SA,1,61,52218,145.36227798139274
kroA100,SA,1,62,52218,145.36227798139274
kroA100,SA,1,63,52218,145.36227798139274
kroA100,SA,1,64,52218,145.36227798139274
kroA100,SA,1,65,52218,145.36227798139274
kroA100,SA,1,66,52218,145.36227798139274
kroA100,SA,1,67,52218,145.36227798139274
kroA100,SA,1,68,52218,145.36227798139274
kroA100,SA,1,69,52218,145.36227798139274
kroA100,SA,1,70,52218,145.36227798139274
kroA100,SA,1,71,52218,145.36227798139274
kroA100,SA,1,72,52218,145.36227798139274
kroA100,SA,1,73,52218,145.36227798139274
kroA100,SA,1,74,52218,145.36227798139274
kroA100,SA,1,75,52218,145.36227798139274
kroA100,SA,1,76,52218,145.36227798139274
kroA100,SA,1,77,52218,145.36227798139274
kroA100,SA,1,78,52218,145.36227798139274
kroA100,SA,1,79,52218,145.36227798139274
kroA100,SA,1,80,52218,145.36227798139274
kroA100,SA,1,81,52218,145.36227798139274
kroA100,SA,1,82,52218,145.36227798139274
kroA100,SA,1,83,52218,145.36227798139274
kroA100,SA,1,84,52218,145.36227798139274
kroA100,SA,1,85,52218,145.36227798139274
kroA100,SA,1,86,52218,145.36227798139274
kroA100,SA,1,87,52218,145.36227798139274
kroA100,SA,1,88,52218,145.36227798139274
kroA100,SA,1,89,52218,145.36227798139274
kroA100,SA,1,90,52218,145.36227798139274
kroA100,SA,1,91,52218,145.36227798139274
kroA100,SA,1,92,52218,145.36227798139274
kroA100,SA,1,93,52218,145.36227798139274
kroA100,SA,1,94,52218,145.36227798139274
kroA100,SA,1,95,52218,145.36227798139274
kroA100,SA,1,96,52218,145.36227798139274
kroA100,SA,1,97,52218,145.36227798139274
kroA100,SA,1,98,52218,145.36227798139274
kroA100,SA,1,99,52218,145.36227798139274
kroA100,SA,1,100,52218,145.36227798139274
kroA100,SA,1,101,52218,145.36227798139274
kroA100,SA,1,102,52218,145.36227798139274
kroA100,SA,1,103,52218,145.36227798139274
kroA100,SA,1,104,52218,145.36227798139274
kroA100,SA,1,105,52218,145.36227798139274
kroA100,SA,1,106,52218,145.36227798139274
kroA100,SA,1,107,52218,145.36227798139274
kroA100,SA,1,108,52218,145.36227798139274
kroA100,SA,1,109,52218,145.36227798139274
kroA100,SA,1,110,52218,145.36227798139274
kroA100,SA,1,111,52218,145.36227798139274
kroA100,SA,1,112,52218,145.36227798139274
kroA100,SA,1,113,52218,145.36227798139274
kroA100,SA,1,114,52218,145.36227798139274
kroA100,SA,1,115,52218,145.36227798139274
kroA100,SA,1,116,52218,145.36227798139274
kroA100,SA,1,117,52218,145.36227798139274
kroA100,SA,1,118,52218,145.36227798139274
kroA100,SA,1,119,52218,145.36227798139274
kroA100,SA,1,120,52218,145.36227798139274
kroA100,SA,1,121,52218,145.36227798139274
kroA100,SA,1,122,52218,145.36227798139274
kroA100,SA,1,123,52218,145.36227798139274
kroA100,SA,1,124,52218,145.36227798139274
kroA100,SA,1,125,52218,145.36227798139274
kroA100,SA,1,126,52218,145.36227798139274
kroA100,SA,1,127,52218,145.36227798139274
kroA100,SA,1,128,52218,145.36227798139274
kroA100,SA,1,129,52218,145.36227798139274
kroA100,SA,1,130,52218,145.36227798139274
kroA100,SA,1,131,52218,145.36227798139274
kroA100,SA,1,132,52218,145.36227798139274
kroA100,SA,1,133,52218,145.36227798139274
kroA100,SA,1,134,52218,145.36227798139274
kroA100,SA,1,135,52218,145.36227798139274
kroA100,SA,1,136,52218,145.36227798139274
kroA100,SA,1,137,52218,145.36227798139274
kroA100,SA,1,138,52218,145.36227798139274
kroA100,SA,1,139,52218,145.36227798139274
kroA100,SA,1,140,52218,145.36227798139274
kroA100,SA,1,141,52218,145.36227798139274
kroA100,SA,1,142,52218,145.36227798139274
kroA100,SA,1,143,52218,145.36227798139274
kroA100,SA,1,144,52218,145.36227798139274
kroA100,SA,1,145,52218,145.36227798139274
kroA100,SA,1,146,52218,145.36227798139274
kroA100,SA,1,147,52218,145.36227798139274
kroA100,SA,1,148,52218,145.36227798139274
kroA100,SA,1,149,52218,145.36227798139274
kroA100,SA,1,150,52218,145.36227798139274
kroA100,SA,1,151,52218,145.36227798139274
kroA100,SA,1,152,52218,145.36227798139274
kroA100,SA,1,153,52218,145.36227798139274
kroA100,SA,1,154,52218,145.36227798139274
kroA100,SA,1,155,52218,145.36227798139274
kroA100,SA,1,156,52218,145.36227798139274
kroA100,SA,1,157,52218,145.36227798139274
kroA100,SA,1,158,52218,145.36227798139274
kroA100,SA,1,159,52218,145.36227798139274
kroA100,SA,1,160,52218,145.36227798139274
kroA100,SA,1,161,52218,145.36227798139274
kroA100,SA,1,162,52218,145.36227798139274
kroA100,SA,1,163,52218,145.36227798139274
kroA100,SA,1,164,52218,145.36227798139274
kroA100,SA,1,165,52218,145.36227798139274
kroA100,SA,1,166,52218,145.36227798139274
kroA100,SA,1,167,52218,145.36227798139274
kroA100,SA,1,168,52218,145.36227798139274
kroA100,SA,1,169,52218,145.36227798139274
kroA100,SA,1,170,52218,145.36227798139274
kroA100,SA,1,171,52218,145.36227798139274
kroA100,SA,1,172,52218,145.36227798139274
kroA100,SA,1,173,52218,145.36227798139274
kroA100,SA,1,174,52218,145.36227798139274
kroA100,SA,1,175,52218,145.36227798139274
kroA100,SA,1,176,52218,145.36227798139274
kroA100,SA,1,177,52218,145.36227798139274
kroA100,SA,1,178,52218,145.36227798139274
kroA100,SA,1,179,52218,145.36227798139274
kroA100,SA,1,180,52218,145.36227798139274
kroA100,SA,1,181,52218,145.36227798139274
kroA100,SA,1,182,52218,145.36227798139274
kroA100,SA,1,183,52218,145.36227798139274
kroA100,SA,1,184,52218,145.36227798139274
kroA100,SA,1,185,52218,145.36227798139274
kroA100,SA,1,186,52218,145.36227798139274
kroA100,SA,1,187,52218,145.36227798139274
kroA100,SA,1,188,52218,145.36227798139274
kroA100,SA,1,189,52218,145.36227798139274
kroA100,SA,1,190,52218,145.36227798139274
kroA100,SA,1,191,52218,145.36227798139274
kroA100,SA,1,192,52218,145.36227798139274
kroA100,SA,1,193,52218,145.36227798139274
kroA100,SA,1,194,52218,145.36227798139274
kroA100,SA,1,195,52218,145.36227798139274
kroA100,SA,1,196,52218,145.36227798139274
kroA100,SA,1,197,52218,145.36227798139274
kroA100,SA,1,198,52218,145.36227798139274
kroA100,SA,1,199,52218,145.36227798139274
kroA100,SA,1,200,52218,145.36227798139274
kroA100,SA,1,201,52218,145.36227798139274
kroA100,SA,1,202,52218,145.36227798139274
kroA100,SA,1,203,52218,145.36227798139274
kroA100,SA,1,204,52218,145.36227798139274
kroA100,SA,1,205,52218,145.36227798139274
kroA100,SA,1,206,52218,145.36227798139274
kroA100,SA,1,207,52218,145.36227798139274
kroA100,SA,1,208,52218,145.36227798139274
kroA100,SA,1,209,52218,145.36227798139274
kroA100,SA,1,210,52218,145.36227798139274
kroA100,SA,1,211,52218,145.36227798139274
kroA100,SA,1,212,52218,145.36227798139274
kroA100,SA,1,213,52218,145.36227798139274
kroA100,SA,1,214,52218,145.36227798139274
kroA100,SA,1,215,52218,145.36227798139274
kroA100,SA,1,216,52218,145.36227798139274
kroA100,SA,1,217,52218,145.36227798139274
kroA100,SA,1,218,52218,145.36227798139274
kroA100,SA,1,219,52218,145.36227798139274
kroA100,SA,1,220,52218,145.36227798139274
kroA100,SA,1,221,52218,145.36227798139274
kroA100,SA,1,222,52218,145.36227798139274
kroA100,SA,1,223,52218,145.36227798139274
kroA100,SA,1,224,52218,145.36227798139274
kroA100,SA,1,225,52218,145.36227798139274
kroA100,SA,1,226,52218,145.36227798139274
kroA100,SA,1,227,52218,145.36227798139274
kroA100,SA,1,228,52218,145.36227798139274
kroA100,SA,1,229,52218,145.36227798139274
kroA100,SA,1,230,52218,145.36227798139274
kroA100,SA,1,231,52218,145.36227798139274
kroA100,SA,1,232,52218,145.36227798139274
kroA100,SA,1,233,52218,145.36227798139274
kroA100,SA,1,234,52218,145.36227798139274
kroA100,SA,1,235,52218,145.36227798139274
kroA100,SA,1,236,52218,145.36227798139274
kroA100,SA,1,237,52218,145.36227798139274
kroA100,SA,1,238,52218,145.36227798139274
kroA100,SA,1,239,52218,145.36227798139274
kroA100,SA,1,240,52218,145.36227798139274
kroA100,SA,1,241,52218,145.36227798139274
kroA100,SA,1,242,52218,145.36227798139274
kroA100,SA,1,243,52218,145.36227798139274
kroA100,SA,1,244,52218,145.36227798139274
kroA100,SA,1,245,52218,145.36227798139274
kroA100,SA,1,246,52218,145.36227798139274
kroA100,SA,1,247,52218,145.36227798139274
kroA100,SA,1,248,52218,145.36227798139274
kroA100,SA,1,249,52218,145.36227798139274
kroA100,SA,2,0,51222,140.68226670425713
kroA100,SA,2,1,51133,140.26407292547694
kroA100,SA,2,2,51133,140.26407292547694
kroA100,SA,2,3,51133,140.26407292547694
kroA100,SA,2,4,51133,140.26407292547694
kroA100,SA,2,5,51133,140.26407292547694
kroA100,SA,2,6,51133,140.26407292547694
kroA100,SA,2,7,51133,140.26407292547694
kroA100,SA,2,8,51133,140.26407292547694
kroA100,SA,2,9,51133,140.26407292547694
kroA100,SA,2,10,51133,140.26407292547694
kroA100,SA,2,11,51133,140.26407292547694
kroA100,SA,2,12,51133,140.26407292547694
kroA100,SA,2,13,51133,140.26407292547694
kroA100,SA,2,14,51133,140.26407292547694
kroA100,SA,2,15,51133,140.26407292547694
kroA100,SA,2,16,51133,140.26407292547694
kroA100,SA,2,17,51133,140.26407292547694
kroA100,SA,2,18,51133,140.26407292547694
kroA100,SA,2,19,51133,140.26407292547694
kroA100,SA,2,20,51133,140.26407292547694
kroA100,SA,2,21,51133,140.26407292547694
kroA100,SA,2,22,51133,140.26407292547694
kroA100,SA,2,23,51133,140.26407292547694
kroA100,SA,2,24,51133,140.26407292547694
kroA100,SA,2,25,51133,140.26407292547694
kroA100,SA,2,26,51133,140.26407292547694
kroA100,SA,2,27,51133,140.26407292547694
kroA100,SA,2,28,51133,140.26407292547694
kroA100,SA,2,29,51133,140.26407292547694
kroA100,SA,2,30,51133,140.26407292547694
kroA100,SA,2,31,51133,140.26407292547694
kroA100,SA,2,32,51133,140.26407292547694
kroA100,SA,2,33,51133,140.26407292547694
kroA100,SA,2,34,51133,140.26407292547694
kroA100,SA,2,35,51133,140.26407292547694
kroA100,SA,2,36,51133,140.26407292547694
kroA100,SA,2,37,51133,140.26407292547694
kroA100,SA,2,38,51133,140.26407292547694
kroA100,SA,2,39,51133,140.26407292547694
kroA100,SA,2,40,51133,140.26407292547694
kroA100,SA,2,41,51133,140.26407292547694
kroA100,SA,2,42,51133,140.26407292547694
kroA100,SA,2,43,51133,140.26407292547694
kroA100,SA,2,44,51133,140.26407292547694
kroA100,SA,2,45,51133,140.26407292547694
kroA100,SA,2,46,51133,140.26407292547694
kroA100,SA,2,47,51133,140.26407292547694
kroA100,SA,2,48,51133,140.26407292547694
kroA100,SA,2,49,51133,140.26407292547694
kroA100,SA,2,50,51133,140.26407292547694
kroA100,SA,2,51,51133,140.26407292547694
kroA100,SA,2,52,51133,140.26407292547694
kroA100,SA,2,53,51133,140.26407292547694
kroA100,SA,2,54,51133,140.26407292547694
kroA100,SA,2,55,51133,140.26407292547694
kroA100,SA,2,56,51133,140.26407292547694
kroA100,SA,2,57,51133,140.26407292547694
kroA100,SA,2,58,51133,140.26407292547694
kroA100,SA,2,59,51133,140.26407292547694
kroA100,SA,2,60,51133,140.26407292547694
kroA100,SA,2,61,51133,140.26407292547694
kroA100,SA,2,62,51133,140.26407292547694
kroA100,SA,2,63,51133,140.26407292547694
kroA100,SA,2,64,51133,140.26407292547694
kroA100,SA,2,65,51133,140.26407292547694
kroA100,SA,2,66,51133,140.26407292547694
kroA100,SA,2,67,51133,140.26407292547694
kroA100,SA,2,68,51133,140.26407292547694
kroA100,SA,2,69,51133,140.26407292547694
kroA100,SA,2,70,51133,140.26407292547694
kroA100,SA,2,71,51133,140.26407292547694
kroA100,SA,2,72,51133,140.26407292547694
kroA100,SA,2,73,51133,140.26407292547694
kroA100,SA,2,74,51133,140.26407292547694
kroA100,SA,2,75,51133,140.26407292547694
kroA100,SA,2,76,51133,140.26407292547694
kroA100,SA,2,77,51133,140.26407292547694
kroA100,SA,2,78,51133,140.26407292547694
kroA100,SA,2,79,51133,140.26407292547694
kroA100,SA,2,80,51133,140.26407292547694
kroA100,SA,2,81,51133,140.26407292547694
kroA100,SA,2,82,51133,140.26407292547694
kroA100,SA,2,83,51133,140.26407292547694
kroA100,SA,2,84,51133,140.26407292547694
kroA100,SA,2,85,51133,140.26407292547694
kroA100,SA,2,86,51133,140.26407292547694
kroA100,SA,2,87,51133,140.26407292547694
kroA100,SA,2,88,51133,140.26407292547694
kroA100,SA,2,89,51133,140.26407292547694
kroA100,SA,2,90,51133,140.26407292547694
kroA100,SA,2,91,51133,140.26407292547694
kroA100,SA,2,92,51133,140.26407292547694
kroA100,SA,2,93,51133,140.26407292547694
kroA100,SA,2,94,51133,140.26407292547694
kroA100,SA,2,95,51133,140.26407292547694
kroA100,SA,2,96,51133,140.26407292547694
kroA100,SA,2,97,51133,140.26407292547694
kroA100,SA,2,98,51133,140.26407292547694
kroA100,SA,2,99,51133,140.26407292547694
kroA100,SA,2,100,51133,140.26407292547694
kroA100,SA,2,101,51133,140.26407292547694
kroA100,SA,2,102,51133,140.26407292547694
kroA100,SA,2,103,51133,140.26407292547694
kroA100,SA,2,104,51133,140.26407292547694
kroA100,SA,2,105,51133,140.26407292547694
kroA100,SA,2,106,51133,140.26407292547694
kroA100,SA,2,107,51133,140.26407292547694
kroA100,SA,2,108,51133,140.26407292547694
kroA100,SA,2,109,51133,140.26407292547694
kroA100,SA,2,110,51133,140.26407292547694
kroA100,SA,2,111,51133,140.26407292547694
kroA100,SA,2,112,51133,140.26407292547694
kroA100,SA,2,113,51133,140.26407292547694
kroA100,SA,2,114,51133,140.26407292547694
kroA100,SA,2,115,51133,140.26407292547694
kroA100,SA,2,116,51133,140.26407292547694
kroA100,SA,2,117,51133,140.26407292547694
kroA100,SA,2,118,51133,140.26407292547694
kroA100,SA,2,119,51133,140.26407292547694
kroA100,SA,2,120,51133,140.26407292547694
kroA100,SA,2,121,51133,140.26407292547694
kroA100,SA,2,122,51133,140.26407292547694
kroA100,SA,2,123,51133,140.26407292547694
kroA100,SA,2,124,51133,140.26407292547694
kroA100,SA,2,125,51133,140.26407292547694
kroA100,SA,2,126,51133,140.26407292547694
kroA100,SA,2,127,51133,140.26407292547694
kroA100,SA,2,128,51133,140.26407292547694
kroA100,SA,2,129,51133,140.26407292547694
kroA100,SA,2,130,51133,140.26407292547694
kroA100,SA,2,131,51133,140.26407292547694
kroA100,SA,2,132,51133,140.26407292547694
kroA100,SA,2,133,51133,140.26407292547694
kroA100,SA,2,134,51133,140.26407292547694
kroA100,SA,2,135,51133,140.26407292547694
kroA100,SA,2,136,51133,140.26407292547694
kroA100,SA,2,137,51133,140.26407292547694
kroA100,SA,2,138,51133,140.26407292547694
kroA100,SA,2,139,51133,140.26407292547694
kroA100,SA,2,140,51133,140.26407292547694
kroA100,SA,2,141,51133,140.26407292547694
kroA100,SA,2,142,51133,140.26407292547694
kroA100,SA,2,143,51133,140.26407292547694
kroA100,SA,2,144,51133,140.26407292547694
kroA100,SA,2,145,51133,140.26407292547694
kroA100,SA,2,146,51133,140.26407292547694
kroA100,SA,2,147,51133,140.26407292547694
kroA100,SA,2,148,51133,140.26407292547694
kroA100,SA,2,149,51133,140.26407292547694
kroA100,SA,2,150,51133,140.26407292547694
kroA100,SA,2,151,51133,140.26407292547694
kroA100,SA,2,152,51133,140.26407292547694
kroA100,SA,2,153,51133,140.26407292547694
kroA100,SA,2,154,51133,140.26407292547694
kroA100,SA,2,155,51133,140.26407292547694
kroA100,SA,2,156,51133,140.26407292547694
kroA100,SA,2,157,51133,140.26407292547694
kroA100,SA,2,158,51133,140.26407292547694
kroA100,SA,2,159,51133,140.26407292547694
kroA100,SA,2,160,51133,140.26407292547694
kroA100,SA,2,161,51133,140.26407292547694
kroA100,SA,2,162,51133,140.26407292547694
kroA100,SA,2,163,51133,140.26407292547694
kroA100,SA,2,164,51133,140.26407292547694
kroA100,SA,2,165,51133,140.26407292547694
kroA100,SA,2,166,51133,140.26407292547694
kroA100,SA,2,167,51133,140.26407292547694
kroA100,SA,2,168,51133,140.26407292547694
kroA100,SA,2,169,51133,140.26407292547694
kroA100,SA,2,170,51133,140.26407292547694
kroA100,SA,2,171,51133,140.26407292547694
kroA100,SA,2,172,51133,140.26407292547694
kroA100,SA,2,173,51133,140.26407292547694
kroA100,SA,2,174,51133,140.26407292547694
kroA100,SA,2,175,51133,140.26407292547694
kroA100,SA,2,176,51133,140.26407292547694
kroA100,SA,2,177,51133,140.26407292547694
kroA100,SA,2,178,51133,140.26407292547694
kroA100,SA,2,179,51133,140.26407292547694
kroA100,SA,2,180,51133,140.26407292547694
kroA100,SA,2,181,51133,140.26407292547694
kroA100,SA,2,182,51133,140.26407292547694
kroA100,SA,2,183,51133,140.26407292547694
kroA100,SA,2,184,51133,140.26407292547694
kroA100,SA,2,185,51133,140.26407292547694
kroA100,SA,2,186,51133,140.26407292547694
kroA100,SA,2,187,51133,140.26407292547694
kroA100,SA,2,188,51133,140.26407292547694
kroA100,SA,2,189,51133,140.26407292547694
kroA100,SA,2,190,51133,140.26407292547694
kroA100,SA,2,191,51133,140.26407292547694
kroA100,SA,2,192,51133,140.26407292547694
kroA100,SA,2,193,51133,140.26407292547694
kroA100,SA,2,194,51133,140.26407292547694
kroA100,SA,2,195,51133,140.26407292547694
kroA100,SA,2,196,51133,140.26407292547694
kroA100,SA,2,197,51133,140.26407292547694
kroA100,SA,2,198,51133,140.26407292547694
kroA100,SA,2,199,51133,140.26407292547694
kroA100,SA,2,200,51133,140.26407292547694
kroA100,SA,2,201,51133,140.26407292547694
kroA100,SA,2,202,51133,140.26407292547694
kroA100,SA,2,203,51133,140.26407292547694
kroA100,SA,2,204,51133,140.26407292547694
kroA100,SA,2,205,51133,140.26407292547694
kroA100,SA,2,206,51133,140.26407292547694
kroA100,SA,2,207,51133,140.26407292547694
kroA100,SA,2,208,51133,140.26407292547694
kroA100,SA,2,209,51133,140.26407292547694
kroA100,SA,2,210,51133,140.26407292547694
kroA100,SA,2,211,51133,140.26407292547694
kroA100,SA,2,212,51133,140.26407292547694
kroA100,SA,2,213,51133,140.26407292547694
kroA100,SA,2,214,51133,140.26407292547694
kroA100,SA,2,215,51133,140.26407292547694
kroA100,SA,2,216,51133,140.26407292547694
kroA100,SA,2,217,51133,140.26407292547694
kroA100,SA,2,218,51133,140.26407292547694
kroA100,SA,2,219,51133,140.26407292547694
kroA100,SA,2,220,51133,140.26407292547694
kroA100,SA,2,221,51133,140.26407292547694
kroA100,SA,2,222,51133,140.26407292547694
kroA100,SA,2,223,51133,140.26407292547694
kroA100,SA,2,224,51133,140.26407292547694
kroA100,SA,2,225,51133,140.26407292547694
kroA100,SA,2,226,51133,140.26407292547694
kroA100,SA,2,227,51133,140.26407292547694
kroA100,SA,2,228,51133,140.26407292547694
kroA100,SA,2,229,51133,140.26407292547694
kroA100,SA,2,230,51133,140.26407292547694
kroA100,SA,2,231,51133,140.26407292547694
kroA100,SA,2,232,51133,140.26407292547694
kroA100,SA,2,233,51133,140.26407292547694
kroA100,SA,2,234,51133,140.26407292547694
kroA100,SA,2,235,51133,140.26407292547694
kroA100,SA,2,236,51133,140.26407292547694
kroA100,SA,2,237,51133,140.26407292547694
kroA100,SA,2,238,51133,140.26407292547694
kroA100,SA,2,239,51133,140.26407292547694
kroA100,SA,2,240,51133,140.26407292547694
kroA100,SA,2,241,51133,140.26407292547694
kroA100,SA,2,242,51133,140.26407292547694
kroA100,SA,2,243,51133,140.26407292547694
kroA100,SA,2,244,51133,140.26407292547694
kroA100,SA,2,245,51133,140.26407292547694
kroA100,SA,2,246,51133,140.26407292547694
kroA100,SA,2,247,51133,140.26407292547694
kroA100,SA,2,248,51133,140.26407292547694
kroA100,SA,2,249,51133,140.26407292547694
kroA100,GA,1,0,53999,153.73085236349968
kroA100,GA,1,1,53999,153.73085236349968
kroA100,GA,1,2,48455,127.68066911004605
kroA100,GA,1,3,48455,127.68066911004605
kroA100,GA,1,4,48455,127.68066911004605
kroA100,GA,1,5,48289,126.90066723052345
kroA100,GA,1,6,48289,126.90066723052345
kroA100,GA,1,7,48289,126.90066723052345
kroA100,GA,1,8,48289,126.90066723052345
kroA100,GA,1,9,48289,126.90066723052345
kroA100,GA,1,10,48289,126.90066723052345
kroA100,GA,1,11,48289,126.90066723052345
kroA100,GA,1,12,48289,126.90066723052345
kroA100,GA,1,13,48289,126.90066723052345
kroA100,GA,1,14,48289,126.90066723052345
kroA100,GA,1,15,48289,126.90066723052345
kroA100,GA,1,16,48289,126.90066723052345
kroA100,GA,1,17,48289,126.90066723052345
kroA100,GA,1,18,48289,126.90066723052345
kroA100,GA,1,19,48012,125.59909782915139
kroA100,GA,1,20,48012,125.59909782915139
kroA100,GA,1,21,48012,125.59909782915139
kroA100,GA,1,22,48012,125.59909782915139
kroA100,GA,1,23,48012,125.59909782915139
kroA100,GA,1,24,48012,125.59909782915139
kroA100,GA,1,25,47930,125.21379569589324
kroA100,GA,1,26,47930,125.21379569589324
kroA100,GA,1,27,47930,125.21379569589324
kroA100,GA,1,28,47930,125.21379569589324
kroA100,GA,1,29,47930,125.21379569589324
kroA100,GA,2,0,56406,165.0408796165774
kroA100,GA,2,1,56406,165.0408796165774
kroA100,GA,2,2,56406,165.0408796165774
kroA100,GA,2,3,56406,165.0408796165774
kroA100,GA,2,4,56406,165.0408796165774
kroA100,GA,2,5,56406,165.0408796165774
kroA100,GA,2,6,56406,165.0408796165774
kroA100,GA,2,7,56406,165.0408796165774
kroA100,GA,2,8,56406,165.0408796165774
kroA100,GA,2,9,56406,165.0408796165774
kroA100,GA,2,10,56406,165.0408796165774
kroA100,GA,2,11,56406,165.0408796165774
kroA100,GA,2,12,56406,165.0408796165774
kroA100,GA,2,13,56406,165.0408796165774
kroA100,GA,2,14,56406,165.0408796165774
kroA100,GA,2,15,56073,163.47617705102903
kroA100,GA,2,16,55834,162.35316229677662
kroA100,GA,2,17,55834,162.35316229677662
kroA100,GA,2,18,55834,162.35316229677662
kroA100,GA,2,19,55834,162.35316229677662
kroA100,GA,2,20,55834,162.35316229677662
kroA100,GA,2,21,55834,162.35316229677662
kroA100,GA,2,22,55821,162.2920778122357
kroA100,GA,2,23,55821,162.2920778122357
kroA100,GA,2,24,55724,161.8362935814303
kroA100,GA,2,25,55724,161.8362935814303
kroA100,GA,2,26,55724,161.8362935814303
kroA100,GA,2,27,55306,159.87219246311437
kroA100,GA,2,28,55306,159.87219246311437
kroA100,GA,2,29,55140,159.09219058359176
kroA100,ACO,1,0,28150,32.27140306362184
kroA100,ACO,1,1,27908,31.134291889859977
kroA100,ACO,1,2,27908,31.134291889859977
kroA100,ACO,1,3,27006,26.8959684240203
kroA100,ACO,1,4,24868,16.849920120289447
kroA100,ACO,1,5,24868,16.849920120289447
kroA100,ACO,1,6,24868,16.849920120289447
kroA100,ACO,1,7,24868,16.849920120289447
kroA100,ACO,1,8,24868,16.849920120289447
kroA100,ACO,1,9,24868,16.849920120289447
kroA100,ACO,1,10,24868,16.849920120289447
kroA100,ACO,1,11,24868,16.849920120289447
kroA100,ACO,2,0,24698,16.051123014754253
kroA100,ACO,2,1,24698,16.051123014754253
kroA100,ACO,2,2,24698,16.051123014754253
kroA100,ACO,2,3,24698,16.051123014754253
kroA100,ACO,2,4,24698,16.051123014754253
kroA100,ACO,2,5,24698,16.051123014754253
kroA100,ACO,2,6,24698,16.051123014754253
kroA100,ACO,2,7,24698,16.051123014754253
kroA100,ACO,2,8,24698,16.051123014754253
kroA100,ACO,2,9,24599,15.585941170942581
kroA100,ACO,2,10,24599,15.585941170942581
kroA100,ACO,2,11,24599,15.585941170942581
kroA100,ABC/BCO,1,0,45027,111.57316041725402
kroA100,ABC/BCO,1,1,44051,106.98712527018138
kroA100,ABC/BCO,1,2,44051,106.98712527018138
kroA100,ABC/BCO,1,3,43700,105.33784418757635
kroA100,ABC/BCO,1,4,43700,105.33784418757635
kroA100,ABC/BCO,1,5,43301,103.46302039282023
kroA100,ABC/BCO,1,6,43301,103.46302039282023
kroA100,ABC/BCO,1,7,43301,103.46302039282023
kroA100,ABC/BCO,1,8,43301,103.46302039282023
kroA100,ABC/BCO,1,9,43301,103.46302039282023
kroA100,ABC/BCO,1,10,42953,101.82783572972465
kroA100,ABC/BCO,1,11,42520,99.79325251386147
kroA100,ABC/BCO,1,12,41609,95.51263978949346
kroA100,ABC/BCO,1,13,41609,95.51263978949346
kroA100,ABC/BCO,1,14,41399,94.52589042383235
kroA100,ABC/BCO,1,15,40988,92.59468095103844
kroA100,ABC/BCO,1,16,40988,92.59468095103844
kroA100,ABC/BCO,1,17,40988,92.59468095103844
kroA100,ABC/BCO,1,18,40988,92.59468095103844
kroA100,ABC/BCO,1,19,40988,92.59468095103844
kroA100,ABC/BCO,1,20,40988,92.59468095103844
kroA100,ABC/BCO,1,21,40988,92.59468095103844
kroA100,ABC/BCO,1,22,40971,92.51480124048491
kroA100,ABC/BCO,1,23,40971,92.51480124048491
kroA100,ABC/BCO,1,24,40971,92.51480124048491
kroA100,ABC/BCO,1,25,40971,92.51480124048491
kroA100,ABC/BCO,1,26,40953,92.43022272342824
kroA100,ABC/BCO,1,27,40953,92.43022272342824
kroA100,ABC/BCO,1,28,40953,92.43022272342824
kroA100,ABC/BCO,1,29,40879,92.08251104219528
kroA100,ABC/BCO,2,0,49494,132.56272906681704
kroA100,ABC/BCO,2,1,49494,132.56272906681704
kroA100,ABC/BCO,2,2,49494,132.56272906681704
kroA100,ABC/BCO,2,3,49162,131.00272530777184
kroA100,ABC/BCO,2,4,48401,127.42693355887604
kroA100,ABC/BCO,2,5,47388,122.66704257118691
kroA100,ABC/BCO,2,6,47388,122.66704257118691
kroA100,ABC/BCO,2,7,47345,122.46499389155154
kroA100,ABC/BCO,2,8,47345,122.46499389155154
kroA100,ABC/BCO,2,9,47345,122.46499389155154
kroA100,ABC/BCO,2,10,46788,119.847758669298
kroA100,ABC/BCO,2,11,44842,110.7038812141716
kroA100,ABC/BCO,2,12,44842,110.7038812141716
kroA100,ABC/BCO,2,13,44842,110.7038812141716
kroA100,ABC/BCO,2,14,43706,105.36603702659525
kroA100,ABC/BCO,2,15,43706,105.36603702659525
kroA100,ABC/BCO,2,16,43688,105.28145850953858
kroA100,ABC/BCO,2,17,43688,105.28145850953858
kroA100,ABC/BCO,2,18,43688,105.28145850953858
kroA100,ABC/BCO,2,19,43688,105.28145850953858
kroA100,ABC/BCO,2,20,43278,103.35494784324781
kroA100,ABC/BCO,2,21,43278,103.35494784324781
kroA100,ABC/BCO,2,22,43097,102.50446386617799
kroA100,ABC/BCO,2,23,43097,102.50446386617799
kroA100,ABC/BCO,2,24,43097,102.50446386617799
kroA100,ABC/BCO,2,25,43085,102.44807818814022
kroA100,ABC/BCO,2,26,42783,101.02903862418945
kroA100,ABC/BCO,2,27,42783,101.02903862418945
kroA100,ABC/BCO,2,28,42783,101.02903862418945
kroA100,ABC/BCO,2,29,42783,101.02903862418945
lin318,MWI-H,1,0,90337,114.93968450355706
lin318,MWI-H,1,1,90269,114.77789145589949
lin318,MWI-H,1,2,90269,114.77789145589949
lin318,MWI-H,1,3,90269,114.77789145589949
lin318,MWI-H,1,4,90269,114.77789145589949
lin318,MWI-H,1,5,90269,114.77789145589949
lin318,MWI-H,1,6,90187,114.58278807490066
lin318,MWI-H,1,7,90187,114.58278807490066
lin318,MWI-H,1,8,90187,114.58278807490066
lin318,MWI-H,1,9,90187,114.58278807490066
lin318,MWI-H,1,10,90187,114.58278807490066
lin318,MWI-H,1,11,90187,114.58278807490066
lin318,MWI-H,1,12,90187,114.58278807490066
lin318,MWI-H,1,13,90187,114.58278807490066
lin318,MWI-H,1,14,90187,114.58278807490066
lin318,MWI-H,1,15,90187,114.58278807490066
lin318,MWI-H,1,16,90187,114.58278807490066
lin318,MWI-H,1,17,90187,114.58278807490066
lin318,MWI-H,1,18,90187,114.58278807490066
lin318,MWI-H,1,19,90187,114.58278807490066
lin318,MWI-H,1,20,90187,114.58278807490066
lin318,MWI-H,1,21,90187,114.58278807490066
lin318,MWI-H,1,22,90187,114.58278807490066
lin318,MWI-H,1,23,90187,114.58278807490066
lin318,MWI-H,1,24,90187,114.58278807490066
lin318,MWI-H,1,25,90187,114.58278807490066
lin318,MWI-H,1,26,90187,114.58278807490066
lin318,MWI-H,1,27,90187,114.58278807490066
lin318,MWI-H,1,28,90187,114.58278807490066
lin318,MWI-H,1,29,90187,114.58278807490066
lin318,MWI-H,2,0,82806,97.02110447548121
lin318,MWI-H,2,1,82806,97.02110447548121
lin318,MWI-H,2,2,82806,97.02110447548121
lin318,MWI-H,2,3,82806,97.02110447548121
lin318,MWI-H,2,4,82806,97.02110447548121
lin318,MWI-H,2,5,82806,97.02110447548121
lin318,MWI-H,2,6,82806,97.02110447548121
lin318,MWI-H,2,7,82806,97.02110447548121
lin318,MWI-H,2,8,82806,97.02110447548121
lin318,MWI-H,2,9,82806,97.02110447548121
lin318,MWI-H,2,10,82806,97.02110447548121
lin318,MWI-H,2,11,82806,97.02110447548121
lin318,MWI-H,2,12,82806,97.02110447548121
lin318,MWI-H,2,13,82806,97.02110447548121
lin318,MWI-H,2,14,82806,97.02110447548121
lin318,MWI-H,2,15,82806,97.02110447548121
lin318,MWI-H,2,16,82806,97.02110447548121
lin318,MWI-H,2,17,82806,97.02110447548121
lin318,MWI-H,2,18,82806,97.02110447548121
lin318,MWI-H,2,19,82806,97.02110447548121
lin318,MWI-H,2,20,82806,97.02110447548121
lin318,MWI-H,2,21,82806,97.02110447548121
lin318,MWI-H,2,22,82806,97.02110447548121
lin318,MWI-H,2,23,82806,97.02110447548121
lin318,MWI-H,2,24,82806,97.02110447548121
lin318,MWI-H,2,25,82806,97.02110447548121
lin318,MWI-H,2,26,82806,97.02110447548121
lin318,MWI-H,2,27,82806,97.02110447548121
lin318,MWI-H,2,28,82806,97.02110447548121
lin318,MWI-H,2,29,82806,97.02110447548121
lin318,SA,1,0,114624,172.72597492207763
lin318,SA,1,1,114624,172.72597492207763
lin318,SA,1,2,114624,172.72597492207763
lin318,SA,1,3,114624,172.72597492207763
lin318,SA,1,4,114624,172.72597492207763
lin318,SA,1,5,114624,172.72597492207763
lin318,SA,1,6,114624,172.72597492207763
lin318,SA,1,7,114624,172.72597492207763
lin318,SA,1,8,114624,172.72597492207763
lin318,SA,1,9,114624,172.72597492207763
lin318,SA,1,10,114624,172.72597492207763
lin318,SA,1,11,114624,172.72597492207763
lin318,SA,1,12,114624,172.72597492207763
lin318,SA,1,13,114624,172.72597492207763
lin318,SA,1,14,114624,172.72597492207763
lin318,SA,1,15,114624,172.72597492207763
lin318,SA,1,16,114624,172.72597492207763
lin318,SA,1,17,114624,172.72597492207763
lin318,SA,1,18,114624,172.72597492207763
lin318,SA,1,19,114624,172.72597492207763
lin318,SA,1,20,114624,172.72597492207763
lin318,SA,1,21,114624,172.72597492207763
lin318,SA,1,22,114624,172.72597492207763
lin318,SA,1,23,114624,172.72597492207763
lin318,SA,1,24,114624,172.72597492207763
lin318,SA,1,25,114624,172.72597492207763
lin318,SA,1,26,114624,172.72597492207763
lin318,SA,1,27,114624,172.72597492207763
lin318,SA,1,28,114624,172.72597492207763
lin318,SA,1,29,114624,172.72597492207763
lin318,SA,1,30,114624,172.72597492207763
lin318,SA,1,31,114624,172.72597492207763
lin318,SA,1,32,114624,172.72597492207763
lin318,SA,1,33,114624,172.72597492207763
lin318,SA,1,34,114624,172.72597492207763
lin318,SA,1,35,114624,172.72597492207763
lin318,SA,1,36,114624,172.72597492207763
lin318,SA,1,37,114624,172.72597492207763
lin318,SA,1,38,114624,172.72597492207763
lin318,SA,1,39,114624,172.72597492207763
lin318,SA,1,40,114624,172.72597492207763
lin318,SA,1,41,114624,172.72597492207763
lin318,SA,1,42,114624,172.72597492207763
lin318,SA,1,43,114624,172.72597492207763
lin318,SA,1,44,114624,172.72597492207763
lin318,SA,1,45,114624,172.72597492207763
lin318,SA,1,46,114624,172.72597492207763
lin318,SA,1,47,114624,172.72597492207763
lin318,SA,1,48,114624,172.72597492207763
lin318,SA,1,49,114624,172.72597492207763
lin318,SA,1,50,114624,172.72597492207763
lin318,SA,1,51,114624,172.72597492207763
lin318,SA,1,52,114624,172.72597492207763
lin318,SA,1,53,114624,172.72597492207763
lin318,SA,1,54,114624,172.72597492207763
lin318,SA,1,55,114624,172.72597492207763
lin318,SA,1,56,114624,172.72597492207763
lin318,SA,1,57,114624,172.72597492207763
lin318,SA,1,58,114624,172.72597492207763
lin318,SA,1,59,114624,172.72597492207763
lin318,SA,1,60,114624,172.72597492207763
lin318,SA,1,61,114624,172.72597492207763
lin318,SA,1,62,114624,172.72597492207763
lin318,SA,1,63,114624,172.72597492207763
lin318,SA,1,64,114624,172.72597492207763
lin318,SA,1,65,114624,172.72597492207763
lin318,SA,1,66,114624,172.72597492207763
lin318,SA,1,67,114624,172.72597492207763
lin318,SA,1,68,114624,172.72597492207763
lin318,SA,1,69,114624,172.72597492207763
lin318,SA,1,70,114624,172.72597492207763
lin318,SA,1,71,114624,172.72597492207763
lin318,SA,1,72,114624,172.72597492207763
lin318,SA,1,73,114624,172.72597492207763
lin318,SA,1,74,114624,172.72597492207763
lin318,SA,1,75,114624,172.72597492207763
lin318,SA,1,76,114624,172.72597492207763
lin318,SA,1,77,114624,172.72597492207763
lin318,SA,1,78,114624,172.72597492207763
lin318,SA,1,79,114624,172.72597492207763
lin318,SA,1,80,114624,172.72597492207763
lin318,SA,1,81,114624,172.72597492207763
lin318,SA,1,82,114624,172.72597492207763
lin318,SA,1,83,114624,172.72597492207763
lin318,SA,1,84,114624,172.72597492207763
lin318,SA,1,85,114624,172.72597492207763
lin318,SA,1,86,114624,172.72597492207763
lin318,SA,1,87,114624,172.72597492207763
lin318,SA,1,88,114624,172.72597492207763
lin318,SA,1,89,114624,172.72597492207763
lin318,SA,1,90,114624,172.72597492207763
lin318,SA,1,91,114624,172.72597492207763
lin318,SA,1,92,114624,172.72597492207763
lin318,SA,1,93,114624,172.72597492207763
lin318,SA,1,94,114624,172.72597492207763
lin318,SA,1,95,114624,172.72597492207763
lin318,SA,1,96,114624,172.72597492207763
lin318,SA,1,97,114624,172.72597492207763
lin318,SA,1,98,114624,172.72597492207763
lin318,SA,1,99,114624,172.72597492207763
lin318,SA,1,100,114624,172.72597492207763
lin318,SA,1,101,114624,172.72597492207763
lin318,SA,1,102,114624,172.72597492207763
lin318,SA,1,103,114624,172.72597492207763
lin318,SA,1,104,114624,172.72597492207763
lin318,SA,1,105,114624,172.72597492207763
lin318,SA,1,106,114624,172.72597492207763
lin318,SA,1,107,114624,172.72597492207763
lin318,SA,1,108,114624,172.72597492207763
lin318,SA,1,109,114624,172.72597492207763
lin318,SA,1,110,114624,172.72597492207763
lin318,SA,1,111,114624,172.72597492207763
lin318,SA,1,112,114624,172.72597492207763
lin318,SA,1,113,114624,172.72597492207763
lin318,SA,1,114,114624,172.72597492207763
lin318,SA,1,115,114624,172.72597492207763
lin318,SA,1,116,114624,172.72597492207763
lin318,SA,1,117,114624,172.72597492207763
lin318,SA,1,118,114624,172.72597492207763
lin318,SA,1,119,114624,172.72597492207763
lin318,SA,1,120,114624,172.72597492207763
lin318,SA,1,121,114624,172.72597492207763
lin318,SA,1,122,114624,172.72597492207763
lin318,SA,1,123,114624,172.72597492207763
lin318,SA,1,124,114624,172.72597492207763
lin318,SA,1,125,114624,172.72597492207763
lin318,SA,1,126,114624,172.72597492207763
lin318,SA,1,127,114624,172.72597492207763
lin318,SA,1,128,114624,172.72597492207763
lin318,SA,1,129,114624,172.72597492207763
lin318,SA,1,130,114624,172.72597492207763
lin318,SA,1,131,114624,172.72597492207763
lin318,SA,1,132,114624,172.72597492207763
lin318,SA,1,133,114624,172.72597492207763
lin318,SA,1,134,114624,172.72597492207763
lin318,SA,1,135,114624,172.72597492207763
lin318,SA,1,136,114624,172.72597492207763
lin318,SA,1,137,114624,172.72597492207763
lin318,SA,1,138,114624,172.72597492207763
lin318,SA,1,139,114624,172.72597492207763
lin318,SA,1,140,114624,172.72597492207763
lin318,SA,1,141,114624,172.72597492207763
lin318,SA,1,142,114624,172.72597492207763
lin318,SA,1,143,114624,172.72597492207763
lin318,SA,1,144,114624,172.72597492207763
lin318,SA,1,145,114624,172.72597492207763
lin318,SA,1,146,114624,172.72597492207763
lin318,SA,1,147,114624,172.72597492207763
lin318,SA,1,148,114624,172.72597492207763
lin318,SA,1,149,114624,172.72597492207763
lin318,SA,1,150,114624,172.72597492207763
lin318,SA,1,151,114624,172.72597492207763
lin318,SA,1,152,114624,172.72597492207763
lin318,SA,1,153,114624,172.72597492207763
lin318,SA,1,154,114624,172.72597492207763
lin318,SA,1,155,114624,172.72597492207763
lin318,SA,1,156,114624,172.72597492207763
lin318,SA,1,157,114624,172.72597492207763
lin318,SA,1,158,114624,172.72597492207763
lin318,SA,1,159,114624,172.72597492207763
lin318,SA,1,160,114624,172.72597492207763
lin318,SA,1,161,114624,172.72597492207763
lin318,SA,1,162,114624,172.72597492207763
lin318,SA,1,163,114624,172.72597492207763
lin318,SA,1,164,114624,172.72597492207763
lin318,SA,1,165,114624,172.72597492207763
lin318,SA,1,166,114624,172.72597492207763
lin318,SA,1,167,114624,172.72597492207763
lin318,SA,1,168,114624,172.72597492207763
lin318,SA,1,169,114624,172.72597492207763
lin318,SA,1,170,114624,172.72597492207763
lin318,SA,1,171,114624,172.72597492207763
lin318,SA,1,172,114624,172.72597492207763
lin318,SA,1,173,114624,172.72597492207763
lin318,SA,1,174,114624,172.72597492207763
lin318,SA,1,175,114624,172.72597492207763
lin318,SA,1,176,114624,172.72597492207763
lin318,SA,1,177,114624,172.72597492207763
lin318,SA,1,178,114624,172.72597492207763
lin318,SA,1,179,114624,172.72597492207763
lin318,SA,1,180,114624,172.72597492207763
lin318,SA,1,181,114624,172.72597492207763
lin318,SA,1,182,114624,172.72597492207763
lin318,SA,1,183,114624,172.72597492207763
lin318,SA,1,184,114624,172.72597492207763
lin318,SA,1,185,114624,172.72597492207763
lin318,SA,1,186,114624,172.72597492207763
lin318,SA,1,187,114624,172.72597492207763
lin318,SA,1,188,114624,172.72597492207763
lin318,SA,1,189,114624,172.72597492207763
lin318,SA,1,190,114624,172.72597492207763
lin318,SA,1,191,114624,172.72597492207763
lin318,SA,1,192,114624,172.72597492207763
lin318,SA,1,193,114624,172.72597492207763
lin318,SA,1,194,114624,172.72597492207763
lin318,SA,1,195,114624,172.72597492207763
lin318,SA,1,196,114624,172.72597492207763
lin318,SA,1,197,114624,172.72597492207763
lin318,SA,1,198,114624,172.72597492207763
lin318,SA,1,199,114624,172.72597492207763
lin318,SA,1,200,114624,172.72597492207763
lin318,SA,1,201,114624,172.72597492207763
lin318,SA,1,202,114624,172.72597492207763
lin318,SA,1,203,114624,172.72597492207763
lin318,SA,1,204,114624,172.72597492207763
lin318,SA,1,205,114624,172.72597492207763
lin318,SA,1,206,114624,172.72597492207763
lin318,SA,1,207,114624,172.72597492207763
lin318,SA,1,208,114624,172.72597492207763
lin318,SA,1,209,114624,172.72597492207763
lin318,SA,1,210,114624,172.72597492207763
lin318,SA,1,211,114624,172.72597492207763
lin318,SA,1,212,114624,172.72597492207763
lin318,SA,1,213,114624,172.72597492207763
lin318,SA,1,214,114624,172.72597492207763
lin318,SA,1,215,114624,172.72597492207763
lin318,SA,1,216,114624,172.72597492207763
lin318,SA,1,217,114624,172.72597492207763
lin318,SA,1,218,114624,172.72597492207763
lin318,SA,1,219,114624,172.72597492207763
lin318,SA,1,220,114624,172.72597492207763
lin318,SA,1,221,114624,172.72597492207763
lin318,SA,1,222,114624,172.72597492207763
lin318,SA,1,223,114624,172.72597492207763
lin318,SA,1,224,114624,172.72597492207763
lin318,SA,1,225,114624,172.72597492207763
lin318,SA,1,226,114624,172.72597492207763
lin318,SA,1,227,114624,172.72597492207763
lin318,SA,1,228,114624,172.72597492207763
lin318,SA,1,229,114624,172.72597492207763
lin318,SA,1,230,114624,172.72597492207763
lin318,SA,1,231,114624,172.72597492207763
lin318,SA,1,232,114624,172.72597492207763
lin318,SA,1,233,114624,172.72597492207763
lin318,SA,1,234,114624,172.72597492207763
lin318,SA,1,235,114624,172.72597492207763
lin318,SA,1,236,114624,172.72597492207763
lin318,SA,1,237,114624,172.72597492207763
lin318,SA,1,238,114624,172.72597492207763
lin318,SA,1,239,114624,172.72597492207763
lin318,SA,1,240,114624,172.72597492207763
lin318,SA,1,241,114624,172.72597492207763
lin318,SA,1,242,114624,172.72597492207763
lin318,SA,1,243,114624,172.72597492207763
lin318,SA,1,244,114624,172.72597492207763
lin318,SA,1,245,114624,172.72597492207763
lin318,SA,1,246,114624,172.72597492207763
lin318,SA,1,247,114624,172.72597492207763
lin318,SA,1,248,114624,172.72597492207763
lin318,SA,1,249,114624,172.72597492207763
lin318,SA,2,0,104329,148.23098336862643
lin318,SA,2,1,104329,148.23098336862643
lin318,SA,2,2,104329,148.23098336862643
lin318,SA,2,3,104329,148.23098336862643
lin318,SA,2,4,104329,148.23098336862643
lin318,SA,2,5,104329,148.23098336862643
lin318,SA,2,6,104329,148.23098336862643
lin318,SA,2,7,104329,148.23098336862643
lin318,SA,2,8,104329,148.23098336862643
lin318,SA,2,9,104329,148.23098336862643
lin318,SA,2,10,104329,148.23098336862643
lin318,SA,2,11,104329,148.23098336862643
lin318,SA,2,12,104329,148.23098336862643
lin318,SA,2,13,104329,148.23098336862643
lin318,SA,2,14,104329,148.23098336862643
lin318,SA,2,15,104329,148.23098336862643
lin318,SA,2,16,104329,148.23098336862643
lin318,SA,2,17,104329,148.23098336862643
lin318,SA,2,18,104329,148.23098336862643
lin318,SA,2,19,104329,148.23098336862643
lin318,SA,2,20,104329,148.23098336862643
lin318,SA,2,21,104329,148.23098336862643
lin318,SA,2,22,104329,148.23098336862643
lin318,SA,2,23,104329,148.23098336862643
lin318,SA,2,24,104329,148.23098336862643
lin318,SA,2,25,104329,148.23098336862643
lin318,SA,2,26,104329,148.23098336862643
lin318,SA,2,27,104329,148.23098336862643
lin318,SA,2,28,104329,148.23098336862643
lin318,SA,2,29,104329,148.23098336862643
lin318,SA,2,30,104329,148.23098336862643
lin318,SA,2,31,104329,148.23098336862643
lin318,SA,2,32,104329,148.23098336862643
lin318,SA,2,33,104329,148.23098336862643
lin318,SA,2,34,104329,148.23098336862643
lin318,SA,2,35,104329,148.23098336862643
lin318,SA,2,36,104329,148.23098336862643
lin318,SA,2,37,104329,148.23098336862643
lin318,SA,2,38,104329,148.23098336862643
lin318,SA,2,39,104329,148.23098336862643
lin318,SA,2,40,104329,148.23098336862643
lin318,SA,2,41,104329,148.23098336862643
lin318,SA,2,42,104329,148.23098336862643
lin318,SA,2,43,104329,148.23098336862643
lin318,SA,2,44,104329,148.23098336862643
lin318,SA,2,45,104329,148.23098336862643
lin318,SA,2,46,104329,148.23098336862643
lin318,SA,2,47,104329,148.23098336862643
lin318,SA,2,48,104329,148.23098336862643
lin318,SA,2,49,104329,148.23098336862643
lin318,SA,2,50,104329,148.23098336862643
lin318,SA,2,51,104329,148.23098336862643
lin318,SA,2,52,104329,148.23098336862643
lin318,SA,2,53,104329,148.23098336862643
lin318,SA,2,54,104329,148.23098336862643
lin318,SA,2,55,104329,148.23098336862643
lin318,SA,2,56,104329,148.23098336862643
lin318,SA,2,57,104329,148.23098336862643
lin318,SA,2,58,104329,148.23098336862643
lin318,SA,2,59,104329,148.23098336862643
lin318,SA,2,60,104329,148.23098336862643
lin318,SA,2,61,104329,148.23098336862643
lin318,SA,2,62,104329,148.23098336862643
lin318,SA,2,63,104329,148.23098336862643
lin318,SA,2,64,104329,148.23098336862643
lin318,SA,2,65,104329,148.23098336862643
lin318,SA,2,66,104329,148.23098336862643
lin318,SA,2,67,104329,148.23098336862643
lin318,SA,2,68,104329,148.23098336862643
lin318,SA,2,69,104329,148.23098336862643
lin318,SA,2,70,104329,148.23098336862643
lin318,SA,2,71,104329,148.23098336862643
lin318,SA,2,72,104329,148.23098336862643
lin318,SA,2,73,104329,148.23098336862643
lin318,SA,2,74,104329,148.23098336862643
lin318,SA,2,75,104329,148.23098336862643
lin318,SA,2,76,104329,148.23098336862643
lin318,SA,2,77,104329,148.23098336862643
lin318,SA,2,78,104329,148.23098336862643
lin318,SA,2,79,104329,148.23098336862643
lin318,SA,2,80,104329,148.23098336862643
lin318,SA,2,81,104329,148.23098336862643
lin318,SA,2,82,104329,148.23098336862643
lin318,SA,2,83,104329,148.23098336862643
lin318,SA,2,84,104329,148.23098336862643
lin318,SA,2,85,104329,148.23098336862643
lin318,SA,2,86,104329,148.23098336862643
lin318,SA,2,87,104329,148.23098336862643
lin318,SA,2,88,104329,148.23098336862643
lin318,SA,2,89,104329,148.23098336862643
lin318,SA,2,90,104329,148.23098336862643
lin318,SA,2,91,104329,148.23098336862643
lin318,SA,2,92,104329,148.23098336862643
lin318,SA,2,93,104329,148.23098336862643
lin318,SA,2,94,104329,148.23098336862643
lin318,SA,2,95,104329,148.23098336862643
lin318,SA,2,96,104329,148.23098336862643
lin318,SA,2,97,104329,148.23098336862643
lin318,SA,2,98,104329,148.23098336862643
lin318,SA,2,99,104329,148.23098336862643
lin318,SA,2,100,104329,148.23098336862643
lin318,SA,2,101,104329,148.23098336862643
lin318,SA,2,102,104329,148.23098336862643
lin318,SA,2,103,104329,148.23098336862643
lin318,SA,2,104,104329,148.23098336862643
lin318,SA,2,105,104329,148.23098336862643
lin318,SA,2,106,104329,148.23098336862643
lin318,SA,2,107,104329,148.23098336862643
lin318,SA,2,108,104329,148.23098336862643
lin318,SA,2,109,104329,148.23098336862643
lin318,SA,2,110,104329,148.23098336862643
lin318,SA,2,111,104329,148.23098336862643
lin318,SA,2,112,104329,148.23098336862643
lin318,SA,2,113,104329,148.23098336862643
lin318,SA,2,114,104329,148.23098336862643
lin318,SA,2,115,104329,148.23098336862643
lin318,SA,2,116,104329,148.23098336862643
lin318,SA,2,117,104329,148.23098336862643
lin318,SA,2,118,104329,148.23098336862643
lin318,SA,2,119,104329,148.23098336862643
lin318,SA,2,120,104329,148.23098336862643
lin318,SA,2,121,104329,148.23098336862643
lin318,SA,2,122,104329,148.23098336862643
lin318,SA,2,123,104329,148.23098336862643
lin318,SA,2,124,104329,148.23098336862643
lin318,SA,2,125,104329,148.23098336862643
lin318,SA,2,126,104329,148.23098336862643
lin318,SA,2,127,104329,148.23098336862643
lin318,SA,2,128,104329,148.23098336862643
lin318,SA,2,129,104329,148.23098336862643
lin318,SA,2,130,104329,148.23098336862643
lin318,SA,2,131,104329,148.23098336862643
lin318,SA,2,132,104329,148.23098336862643
lin318,SA,2,133,104329,148.23098336862643
lin318,SA,2,134,104329,148.23098336862643
lin318,SA,2,135,104329,148.23098336862643
lin318,SA,2,136,104329,148.23098336862643
lin318,SA,2,137,104329,148.23098336862643
lin318,SA,2,138,104329,148.23098336862643
lin318,SA,2,139,104329,148.23098336862643
lin318,SA,2,140,104329,148.23098336862643
lin318,SA,2,141,104329,148.23098336862643
lin318,SA,2,142,104329,148.23098336862643
lin318,SA,2,143,104329,148.23098336862643
lin318,SA,2,144,104329,148.23098336862643
lin318,SA,2,145,104329,148.23098336862643
lin318,SA,2,146,104329,148.23098336862643
lin318,SA,2,147,104329,148.23098336862643
lin318,SA,2,148,104329,148.23098336862643
lin318,SA,2,149,104329,148.23098336862643
lin318,SA,2,150,104329,148.23098336862643
lin318,SA,2,151,104329,148.23098336862643
lin318,SA,2,152,104329,148.23098336862643
lin318,SA,2,153,104329,148.23098336862643
lin318,SA,2,154,104329,148.23098336862643
lin318,SA,2,155,104329,148.23098336862643
lin318,SA,2,156,104329,148.23098336862643
lin318,SA,2,157,104329,148.23098336862643
lin318,SA,2,158,104329,148.23098336862643
lin318,SA,2,159,104329,148.23098336862643
lin318,SA,2,160,104329,148.23098336862643
lin318,SA,2,161,104329,148.23098336862643
lin318,SA,2,162,104329,148.23098336862643
lin318,SA,2,163,104329,148.23098336862643
lin318,SA,2,164,104329,148.23098336862643
lin318,SA,2,165,104329,148.23098336862643
lin318,SA,2,166,104329,148.23098336862643
lin318,SA,2,167,104329,148.23098336862643
lin318,SA,2,168,104329,148.23098336862643
lin318,SA,2,169,104329,148.23098336862643
lin318,SA,2,170,104329,148.23098336862643
lin318,SA,2,171,104329,148.23098336862643
lin318,SA,2,172,104329,148.23098336862643
lin318,SA,2,173,104329,148.23098336862643
lin318,SA,2,174,104329,148.23098336862643
lin318,SA,2,175,104329,148.23098336862643
lin318,SA,2,176,104329,148.23098336862643
lin318,SA,2,177,104329,148.23098336862643
lin318,SA,2,178,104329,148.23098336862643
lin318,SA,2,179,104329,148.23098336862643
lin318,SA,2,180,104329,148.23098336862643
lin318,SA,2,181,104329,148.23098336862643
lin318,SA,2,182,104329,148.23098336862643
lin318,SA,2,183,104329,148.23098336862643
lin318,SA,2,184,104329,148.23098336862643
lin318,SA,2,185,104329,148.23098336862643
lin318,SA,2,186,104329,148.23098336862643
lin318,SA,2,187,104329,148.23098336862643
lin318,SA,2,188,104329,148.23098336862643
lin318,SA,2,189,104329,148.23098336862643
lin318,SA,2,190,104329,148.23098336862643
lin318,SA,2,191,104329,148.23098336862643
lin318,SA,2,192,104329,148.23098336862643
lin318,SA,2,193,104329,148.23098336862643
lin318,SA,2,194,104329,148.23098336862643
lin318,SA,2,195,104329,148.23098336862643
lin318,SA,2,196,104329,148.23098336862643
lin318,SA,2,197,104329,148.23098336862643
lin318,SA,2,198,104329,148.23098336862643
lin318,SA,2,199,104329,148.23098336862643
lin318,SA,2,200,104329,148.23098336862643
lin318,SA,2,201,104329,148.23098336862643
lin318,SA,2,202,104329,148.23098336862643
lin318,SA,2,203,104329,148.23098336862643
lin318,SA,2,204,104329,148.23098336862643
lin318,SA,2,205,104329,148.23098336862643
lin318,SA,2,206,104329,148.23098336862643
lin318,SA,2,207,104329,148.23098336862643
lin318,SA,2,208,104329,148.23098336862643
lin318,SA,2,209,104329,148.23098336862643
lin318,SA,2,210,104329,148.23098336862643
lin318,SA,2,211,104329,148.23098336862643
lin318,SA,2,212,104329,148.23098336862643
lin318,SA,2,213,104329,148.23098336862643
lin318,SA,2,214,104329,148.23098336862643
lin318,SA,2,215,104329,148.23098336862643
lin318,SA,2,216,104329,148.23098336862643
lin318,SA,2,217,104329,148.23098336862643
lin318,SA,2,218,104329,148.23098336862643
lin318,SA,2,219,104329,148.23098336862643
lin318,SA,2,220,104329,148.23098336862643
lin318,SA,2,221,104329,148.23098336862643
lin318,SA,2,222,104329,148.23098336862643
lin318,SA,2,223,104329,148.23098336862643
lin318,SA,2,224,104329,148.23098336862643
lin318,SA,2,225,104329,148.23098336862643
lin318,SA,2,226,104329,148.23098336862643
lin318,SA,2,227,104329,148.23098336862643
lin318,SA,2,228,104329,148.23098336862643
lin318,SA,2,229,104329,148.23098336862643
lin318,SA,2,230,104329,148.23098336862643
lin318,SA,2,231,104329,148.23098336862643
lin318,SA,2,232,104329,148.23098336862643
lin318,SA,2,233,104329,148.23098336862643
lin318,SA,2,234,104329,148.23098336862643
lin318,SA,2,235,104329,148.23098336862643
lin318,SA,2,236,104329,148.23098336862643
lin318,SA,2,237,104329,148.23098336862643
lin318,SA,2,238,104329,148.23098336862643
lin318,SA,2,239,104329,148.23098336862643
lin318,SA,2,240,104329,148.23098336862643
lin318,SA,2,241,104329,148.23098336862643
lin318,SA,2,242,104329,148.23098336862643
lin318,SA,2,243,104329,148.23098336862643
lin318,SA,2,244,104329,148.23098336862643
lin318,SA,2,245,104329,148.23098336862643
lin318,SA,2,246,104329,148.23098336862643
lin318,SA,2,247,104329,148.23098336862643
lin318,SA,2,248,104329,148.23098336862643
lin318,SA,2,249,104329,148.23098336862643
lin318,GA,1,0,115480,174.76266387494348
lin318,GA,1,1,115306,174.34866401770205
lin318,GA,1,2,113883,170.96290656451498
lin318,GA,1,3,113883,170.96290656451498
lin318,GA,1,4,113883,170.96290656451498
lin318,GA,1,5,113883,170.96290656451498
lin318,GA,1,6,113883,170.96290656451498
lin318,GA,1,7,113883,170.96290656451498
lin318,GA,1,8,113883,170.96290656451498
lin318,GA,1,9,113883,170.96290656451498
lin318,GA,1,10,113883,170.96290656451498
lin318,GA,1,11,113883,170.96290656451498
lin318,GA,1,12,113883,170.96290656451498
lin318,GA,1,13,113625,170.34904470722597
lin318,GA,1,14,113625,170.34904470722597
lin318,GA,1,15,113625,170.34904470722597
lin318,GA,1,16,113625,170.34904470722597
lin318,GA,1,17,113625,170.34904470722597
lin318,GA,1,18,113625,170.34904470722597
lin318,GA,1,19,113625,170.34904470722597
lin318,GA,1,20,113625,170.34904470722597
lin318,GA,1,21,113625,170.34904470722597
lin318,GA,1,22,113625,170.34904470722597
lin318,GA,1,23,113625,170.34904470722597
lin318,GA,1,24,113625,170.34904470722597
lin318,GA,1,25,113625,170.34904470722597
lin318,GA,1,26,113625,170.34904470722597
lin318,GA,1,27,113625,170.34904470722597
lin318,GA,1,28,113625,170.34904470722597
lin318,GA,1,29,113625,170.34904470722597
lin318,GA,2,0,112448,167.5485973970354
lin318,GA,2,1,112448,167.5485973970354
lin318,GA,2,2,112448,167.5485973970354
lin318,GA,2,3,112448,167.5485973970354
lin318,GA,2,4,112448,167.5485973970354
lin318,GA,2,5,112448,167.5485973970354
lin318,GA,2,6,112448,167.5485973970354
lin318,GA,2,7,109888,161.45756501463276
lin318,GA,2,8,109888,161.45756501463276
lin318,GA,2,9,109888,161.45756501463276
lin318,GA,2,10,109888,161.45756501463276
lin318,GA,2,11,109888,161.45756501463276
lin318,GA,2,12,109888,161.45756501463276
lin318,GA,2,13,109888,161.45756501463276
lin318,GA,2,14,109888,161.45756501463276
lin318,GA,2,15,109888,161.45756501463276
lin318,GA,2,16,109888,161.45756501463276
lin318,GA,2,17,109888,161.45756501463276
lin318,GA,2,18,109888,161.45756501463276
lin318,GA,2,19,109888,161.45756501463276
lin318,GA,2,20,109888,161.45756501463276
lin318,GA,2,21,109888,161.45756501463276
lin318,GA,2,22,109888,161.45756501463276
lin318,GA,2,23,109888,161.45756501463276
lin318,GA,2,24,109888,161.45756501463276
lin318,GA,2,25,109888,161.45756501463276
lin318,GA,2,26,109888,161.45756501463276
lin318,GA,2,27,109888,161.45756501463276
lin318,GA,2,28,109888,161.45756501463276
lin318,GA,2,29,109888,161.45756501463276
lin318,ACO,1,0,53289,26.791025244474053
lin318,ACO,1,1,53289,26.791025244474053
lin318,ACO,1,2,53289,26.791025244474053
lin318,ACO,1,3,53289,26.791025244474053
lin318,ACO,1,4,53289,26.791025244474053
lin318,ACO,1,5,53289,26.791025244474053
lin318,ACO,1,6,53289,26.791025244474053
lin318,ACO,1,7,53289,26.791025244474053
lin318,ACO,1,8,51528,22.60106117204787
lin318,ACO,1,9,51528,22.60106117204787
lin318,ACO,1,10,51528,22.60106117204787
lin318,ACO,1,11,51528,22.60106117204787
lin318,ACO,2,0,50966,21.263889219348545
lin318,ACO,2,1,50966,21.263889219348545
lin318,ACO,2,2,50966,21.263889219348545
lin318,ACO,2,3,50966,21.263889219348545
lin318,ACO,2,4,50966,21.263889219348545
lin318,ACO,2,5,50966,21.263889219348545
lin318,ACO,2,6,50966,21.263889219348545
lin318,ACO,2,7,49905,18.739441813985582
lin318,ACO,2,8,49905,18.739441813985582
lin318,ACO,2,9,49905,18.739441813985582
lin318,ACO,2,10,49905,18.739441813985582
lin318,ACO,2,11,49905,18.739441813985582
lin318,ABC/BCO,1,0,99788,137.4265388184349
lin318,ABC/BCO,1,1,99788,137.4265388184349
lin318,ABC/BCO,1,2,99788,137.4265388184349
lin318,ABC/BCO,1,3,99788,137.4265388184349
lin318,ABC/BCO,1,4,99671,137.1481596040829
lin318,ABC/BCO,1,5,99671,137.1481596040829
lin318,ABC/BCO,1,6,99643,137.08153893740035
lin318,ABC/BCO,1,7,99643,137.08153893740035
lin318,ABC/BCO,1,8,99643,137.08153893740035
lin318,ABC/BCO,1,9,99643,137.08153893740035
lin318,ABC/BCO,1,10,99606,136.99350448499845
lin318,ABC/BCO,1,11,99601,136.98160793737657
lin318,ABC/BCO,1,12,99601,136.98160793737657
lin318,ABC/BCO,1,13,99590,136.95543553260845
lin318,ABC/BCO,1,14,99590,136.95543553260845
lin318,ABC/BCO,1,15,99590,136.95543553260845
lin318,ABC/BCO,1,16,99590,136.95543553260845
lin318,ABC/BCO,1,17,99590,136.95543553260845
lin318,ABC/BCO,1,18,99590,136.95543553260845
lin318,ABC/BCO,1,19,99590,136.95543553260845
lin318,ABC/BCO,1,20,99590,136.95543553260845
lin318,ABC/BCO,1,21,99590,136.95543553260845
lin318,ABC/BCO,1,22,99590,136.95543553260845
lin318,ABC/BCO,1,23,99590,136.95543553260845
lin318,ABC/BCO,1,24,98845,135.1828499369483
lin318,ABC/BCO,1,25,98795,135.0638844607295
lin318,ABC/BCO,1,26,98795,135.0638844607295
lin318,ABC/BCO,1,27,98705,134.84974660353566
lin318,ABC/BCO,1,28,98705,134.84974660353566
lin318,ABC/BCO,1,29,98705,134.84974660353566
lin318,ABC/BCO,2,0,103327,145.84691522520166
lin318,ABC/BCO,2,1,103327,145.84691522520166
lin318,ABC/BCO,2,2,103264,145.69701872516595
lin318,ABC/BCO,2,3,103264,145.69701872516595
lin318,ABC/BCO,2,4,103264,145.69701872516595
lin318,ABC/BCO,2,5,102938,144.92136382021937
lin318,ABC/BCO,2,6,102938,144.92136382021937
lin318,ABC/BCO,2,7,102938,144.92136382021937
lin318,ABC/BCO,2,8,102938,144.92136382021937
lin318,ABC/BCO,2,9,102938,144.92136382021937
lin318,ABC/BCO,2,10,102938,144.92136382021937
lin318,ABC/BCO,2,11,102857,144.7286397487449
lin318,ABC/BCO,2,12,102704,144.36460539151537
lin318,ABC/BCO,2,13,102704,144.36460539151537
lin318,ABC/BCO,2,14,102442,143.74122629612887
lin318,ABC/BCO,2,15,102442,143.74122629612887
lin318,ABC/BCO,2,16,102442,143.74122629612887
lin318,ABC/BCO,2,17,102442,143.74122629612887
lin318,ABC/BCO,2,18,102442,143.74122629612887
lin318,ABC/BCO,2,19,102442,143.74122629612887
lin318,ABC/BCO,2,20,102442,143.74122629612887
lin318,ABC/BCO,2,21,102442,143.74122629612887
lin318,ABC/BCO,2,22,102251,143.28677817697303
lin318,ABC/BCO,2,23,102251,143.28677817697303
lin318,ABC/BCO,2,24,102251,143.28677817697303
lin318,ABC/BCO,2,25,102251,143.28677817697303
lin318,ABC/BCO,2,26,102251,143.28677817697303
lin318,ABC/BCO,2,27,102251,143.28677817697303
lin318,ABC/BCO,2,28,102251,143.28677817697303
lin318,ABC/BCO,2,29,102251,143.28677817697303
pcb442,MWI-H,1,0,97536,92.08318563157273
pcb442,MWI-H,1,1,97536,92.08318563157273
pcb442,MWI-H,1,2,97536,92.08318563157273
pcb442,MWI-H,1,3,97536,92.08318563157273
pcb442,MWI-H,1,4,97536,92.08318563157273
pcb442,MWI-H,1,5,97536,92.08318563157273
pcb442,MWI-H,1,6,97536,92.08318563157273
pcb442,MWI-H,1,7,97536,92.08318563157273
pcb442,MWI-H,1,8,97536,92.08318563157273
pcb442,MWI-H,1,9,97536,92.08318563157273
pcb442,MWI-H,1,10,97536,92.08318563157273
pcb442,MWI-H,1,11,97536,92.08318563157273
pcb442,MWI-H,1,12,97536,92.08318563157273
pcb442,MWI-H,1,13,97536,92.08318563157273
pcb442,MWI-H,1,14,97536,92.08318563157273
pcb442,MWI-H,1,15,97536,92.08318563157273
pcb442,MWI-H,1,16,97536,92.08318563157273
pcb442,MWI-H,1,17,97536,92.08318563157273
pcb442,MWI-H,1,18,97536,92.08318563157273
pcb442,MWI-H,1,19,97536,92.08318563157273
pcb442,MWI-H,1,20,97536,92.08318563157273
pcb442,MWI-H,1,21,97536,92.08318563157273
pcb442,MWI-H,1,22,97536,92.08318563157273
pcb442,MWI-H,1,23,97536,92.08318563157273
pcb442,MWI-H,1,24,97536,92.08318563157273
pcb442,MWI-H,1,25,97536,92.08318563157273
pcb442,MWI-H,1,26,97536,92.08318563157273
pcb442,MWI-H,1,27,97536,92.08318563157273
pcb442,MWI-H,1,28,97536,92.08318563157273
pcb442,MWI-H,1,29,97536,92.08318563157273
pcb442,MWI-H,2,0,102876,102.59955098664776
pcb442,MWI-H,2,1,102876,102.59955098664776
pcb442,MWI-H,2,2,102876,102.59955098664776
pcb442,MWI-H,2,3,102876,102.59955098664776
pcb442,MWI-H,2,4,102876,102.59955098664776
pcb442,MWI-H,2,5,102876,102.59955098664776
pcb442,MWI-H,2,6,102876,102.59955098664776
pcb442,MWI-H,2,7,102876,102.59955098664776
pcb442,MWI-H,2,8,102876,102.59955098664776
pcb442,MWI-H,2,9,102876,102.59955098664776
pcb442,MWI-H,2,10,102876,102.59955098664776
pcb442,MWI-H,2,11,102876,102.59955098664776
pcb442,MWI-H,2,12,102876,102.59955098664776
pcb442,MWI-H,2,13,102876,102.59955098664776
pcb442,MWI-H,2,14,102876,102.59955098664776
pcb442,MWI-H,2,15,102876,102.59955098664776
pcb442,MWI-H,2,16,102876,102.59955098664776
pcb442,MWI-H,2,17,102876,102.59955098664776
pcb442,MWI-H,2,18,102876,102.59955098664776
pcb442,MWI-H,2,19,102876,102.59955098664776
pcb442,MWI-H,2,20,102876,102.59955098664776
pcb442,MWI-H,2,21,102876,102.59955098664776
pcb442,MWI-H,2,22,102876,102.59955098664776
pcb442,MWI-H,2,23,102876,102.59955098664776
pcb442,MWI-H,2,24,102876,102.59955098664776
pcb442,MWI-H,2,25,102876,102.59955098664776
pcb442,MWI-H,2,26,102876,102.59955098664776
pcb442,MWI-H,2,27,102876,102.59955098664776
pcb442,MWI-H,2,28,102876,102.59955098664776
pcb442,MWI-H,2,29,102876,102.59955098664776
pcb442,SA,1,0,112705,121.95635905313324
pcb442,SA,1,1,112705,121.95635905313324
pcb442,SA,1,2,112705,121.95635905313324
pcb442,SA,1,3,112705,121.95635905313324
pcb442,SA,1,4,112586,121.72200559297333
pcb442,SA,1,5,112586,121.72200559297333
pcb442,SA,1,6,112586,121.72200559297333
pcb442,SA,1,7,112586,121.72200559297333
pcb442,SA,1,8,112586,121.72200559297333
pcb442,SA,1,9,112586,121.72200559297333
pcb442,SA,1,10,112586,121.72200559297333
pcb442,SA,1,11,112586,121.72200559297333
pcb442,SA,1,12,112586,121.72200559297333
pcb442,SA,1,13,112586,121.72200559297333
pcb442,SA,1,14,112586,121.72200559297333
pcb442,SA,1,15,112586,121.72200559297333
pcb442,SA,1,16,112586,121.72200559297333
pcb442,SA,1,17,112586,121.72200559297333
pcb442,SA,1,18,112586,121.72200559297333
pcb442,SA,1,19,112586,121.72200559297333
pcb442,SA,1,20,112586,121.72200559297333
pcb442,SA,1,21,112586,121.72200559297333
pcb442,SA,1,22,112586,121.72200559297333
pcb442,SA,1,23,112586,121.72200559297333
pcb442,SA,1,24,112586,121.72200559297333
pcb442,SA,1,25,112586,121.72200559297333
pcb442,SA,1,26,112586,121.72200559297333
pcb442,SA,1,27,112586,121.72200559297333
pcb442,SA,1,28,112586,121.72200559297333
pcb442,SA,1,29,112586,121.72200559297333
pcb442,SA,1,30,112586,121.72200559297333
pcb442,SA,1,31,112586,121.72200559297333
pcb442,SA,1,32,112586,121.72200559297333
pcb442,SA,1,33,112586,121.72200559297333
pcb442,SA,1,34,112586,121.72200559297333
pcb442,SA,1,35,112586,121.72200559297333
pcb442,SA,1,36,112586,121.72200559297333
pcb442,SA,1,37,112586,121.72200559297333
pcb442,SA,1,38,112586,121.72200559297333
pcb442,SA,1,39,112586,121.72200559297333
pcb442,SA,1,40,112586,121.72200559297333
pcb442,SA,1,41,112586,121.72200559297333
pcb442,SA,1,42,112586,121.72200559297333
pcb442,SA,1,43,112586,121.72200559297333
pcb442,SA,1,44,112586,121.72200559297333
pcb442,SA,1,45,112586,121.72200559297333
pcb442,SA,1,46,112586,121.72200559297333
pcb442,SA,1,47,112586,121.72200559297333
pcb442,SA,1,48,112586,121.72200559297333
pcb442,SA,1,49,112586,121.72200559297333
pcb442,SA,1,50,112586,121.72200559297333
pcb442,SA,1,51,112586,121.72200559297333
pcb442,SA,1,52,112586,121.72200559297333
pcb442,SA,1,53,112586,121.72200559297333
pcb442,SA,1,54,112586,121.72200559297333
pcb442,SA,1,55,112586,121.72200559297333
pcb442,SA,1,56,112586,121.72200559297333
pcb442,SA,1,57,112586,121.72200559297333
pcb442,SA,1,58,112586,121.72200559297333
pcb442,SA,1,59,112586,121.72200559297333
pcb442,SA,1,60,112586,121.72200559297333
pcb442,SA,1,61,112586,121.72200559297333
pcb442,SA,1,62,112586,121.72200559297333
pcb442,SA,1,63,112586,121.72200559297333
pcb442,SA,1,64,112586,121.72200559297333
pcb442,SA,1,65,112586,121.72200559297333
pcb442,SA,1,66,112586,121.72200559297333
pcb442,SA,1,67,112586,121.72200559297333
pcb442,SA,1,68,112586,121.72200559297333
pcb442,SA,1,69,112586,121.72200559297333
pcb442,SA,1,70,112586,121.72200559297333
pcb442,SA,1,71,112586,121.72200559297333
pcb442,SA,1,72,112586,121.72200559297333
pcb442,SA,1,73,112586,121.72200559297333
pcb442,SA,1,74,112586,121.72200559297333
pcb442,SA,1,75,112586,121.72200559297333
pcb442,SA,1,76,112586,121.72200559297333
pcb442,SA,1,77,112586,121.72200559297333
pcb442,SA,1,78,112586,121.72200559297333
pcb442,SA,1,79,112586,121.72200559297333
pcb442,SA,1,80,112586,121.72200559297333
pcb442,SA,1,81,112586,121.72200559297333
pcb442,SA,1,82,112586,121.72200559297333
pcb442,SA,1,83,112586,121.72200559297333
pcb442,SA,1,84,112586,121.72200559297333
pcb442,SA,1,85,112586,121.72200559297333
pcb442,SA,1,86,112586,121.72200559297333
pcb442,SA,1,87,112586,121.72200559297333
pcb442,SA,1,88,112586,121.72200559297333
pcb442,SA,1,89,112586,121.72200559297333
pcb442,SA,1,90,112586,121.72200559297333
pcb442,SA,1,91,112586,121.72200559297333
pcb442,SA,1,92,112586,121.72200559297333
pcb442,SA,1,93,112586,121.72200559297333
pcb442,SA,1,94,112586,121.72200559297333
pcb442,SA,1,95,112586,121.72200559297333
pcb442,SA,1,96,112586,121.72200559297333
pcb442,SA,1,97,112586,121.72200559297333
pcb442,SA,1,98,112586,121.72200559297333
pcb442,SA,1,99,112586,121.72200559297333
pcb442,SA,1,100,112586,121.72200559297333
pcb442,SA,1,101,112586,121.72200559297333
pcb442,SA,1,102,112586,121.72200559297333
pcb442,SA,1,103,112586,121.72200559297333
pcb442,SA,1,104,112586,121.72200559297333
pcb442,SA,1,105,112586,121.72200559297333
pcb442,SA,1,106,112586,121.72200559297333
pcb442,SA,1,107,112586,121.72200559297333
pcb442,SA,1,108,112586,121.72200559297333
pcb442,SA,1,109,112586,121.72200559297333
pcb442,SA,1,110,112586,121.72200559297333
pcb442,SA,1,111,112586,121.72200559297333
pcb442,SA,1,112,112586,121.72200559297333
pcb442,SA,1,113,112586,121.72200559297333
pcb442,SA,1,114,112586,121.72200559297333
pcb442,SA,1,115,112586,121.72200559297333
pcb442,SA,1,116,112586,121.72200559297333
pcb442,SA,1,117,112586,121.72200559297333
pcb442,SA,1,118,112586,121.72200559297333
pcb442,SA,1,119,112586,121.72200559297333
pcb442,SA,1,120,112586,121.72200559297333
pcb442,SA,1,121,112586,121.72200559297333
pcb442,SA,1,122,112586,121.72200559297333
pcb442,SA,1,123,112586,121.72200559297333
pcb442,SA,1,124,112586,121.72200559297333
pcb442,SA,1,125,112586,121.72200559297333
pcb442,SA,1,126,112586,121.72200559297333
pcb442,SA,1,127,112586,121.72200559297333
pcb442,SA,1,128,112586,121.72200559297333
pcb442,SA,1,129,112586,121.72200559297333
pcb442,SA,1,130,112586,121.72200559297333
pcb442,SA,1,131,112586,121.72200559297333
pcb442,SA,1,132,112586,121.72200559297333
pcb442,SA,1,133,112586,121.72200559297333
pcb442,SA,1,134,112586,121.72200559297333
pcb442,SA,1,135,112586,121.72200559297333
pcb442,SA,1,136,112586,121.72200559297333
pcb442,SA,1,137,112586,121.72200559297333
pcb442,SA,1,138,112586,121.72200559297333
pcb442,SA,1,139,112586,121.72200559297333
pcb442,SA,1,140,112586,121.72200559297333
pcb442,SA,1,141,112586,121.72200559297333
pcb442,SA,1,142,112586,121.72200559297333
pcb442,SA,1,143,112586,121.72200559297333
pcb442,SA,1,144,112586,121.72200559297333
pcb442,SA,1,145,112586,121.72200559297333
pcb442,SA,1,146,112586,121.72200559297333
pcb442,SA,1,147,112586,121.72200559297333
pcb442,SA,1,148,112586,121.72200559297333
pcb442,SA,1,149,112586,121.72200559297333
pcb442,SA,1,150,112586,121.72200559297333
pcb442,SA,1,151,112586,121.72200559297333
pcb442,SA,1,152,112586,121.72200559297333
pcb442,SA,1,153,112586,121.72200559297333
pcb442,SA,1,154,112586,121.72200559297333
pcb442,SA,1,155,112586,121.72200559297333
pcb442,SA,1,156,112586,121.72200559297333
pcb442,SA,1,157,112586,121.72200559297333
pcb442,SA,1,158,112586,121.72200559297333
pcb442,SA,1,159,112586,121.72200559297333
pcb442,SA,1,160,112586,121.72200559297333
pcb442,SA,1,161,112586,121.72200559297333
pcb442,SA,1,162,112586,121.72200559297333
pcb442,SA,1,163,112586,121.72200559297333
pcb442,SA,1,164,112586,121.72200559297333
pcb442,SA,1,165,112586,121.72200559297333
pcb442,SA,1,166,112586,121.72200559297333
pcb442,SA,1,167,112586,121.72200559297333
pcb442,SA,1,168,112586,121.72200559297333
pcb442,SA,1,169,112586,121.72200559297333
pcb442,SA,1,170,112586,121.72200559297333
pcb442,SA,1,171,112586,121.72200559297333
pcb442,SA,1,172,112586,121.72200559297333
pcb442,SA,1,173,112586,121.72200559297333
pcb442,SA,1,174,112586,121.72200559297333
pcb442,SA,1,175,112586,121.72200559297333
pcb442,SA,1,176,112586,121.72200559297333
pcb442,SA,1,177,112586,121.72200559297333
pcb442,SA,1,178,112586,121.72200559297333
pcb442,SA,1,179,112586,121.72200559297333
pcb442,SA,1,180,112586,121.72200559297333
pcb442,SA,1,181,112586,121.72200559297333
pcb442,SA,1,182,112586,121.72200559297333
pcb442,SA,1,183,112586,121.72200559297333
pcb442,SA,1,184,112586,121.72200559297333
pcb442,SA,1,185,112586,121.72200559297333
pcb442,SA,1,186,112586,121.72200559297333
pcb442,SA,1,187,112586,121.72200559297333
pcb442,SA,1,188,112586,121.72200559297333
pcb442,SA,1,189,112586,121.72200559297333
pcb442,SA,1,190,112586,121.72200559297333
pcb442,SA,1,191,112586,121.72200559297333
pcb442,SA,1,192,112586,121.72200559297333
pcb442,SA,1,193,112586,121.72200559297333
pcb442,SA,1,194,112586,121.72200559297333
pcb442,SA,1,195,112586,121.72200559297333
pcb442,SA,1,196,112586,121.72200559297333
pcb442,SA,1,197,112586,121.72200559297333
pcb442,SA,1,198,112586,121.72200559297333
pcb442,SA,1,199,112586,121.72200559297333
pcb442,SA,1,200,112586,121.72200559297333
pcb442,SA,1,201,112586,121.72200559297333
pcb442,SA,1,202,112586,121.72200559297333
pcb442,SA,1,203,112586,121.72200559297333
pcb442,SA,1,204,112586,121.72200559297333
pcb442,SA,1,205,112586,121.72200559297333
pcb442,SA,1,206,112586,121.72200559297333
pcb442,SA,1,207,112586,121.72200559297333
pcb442,SA,1,208,112586,121.72200559297333
pcb442,SA,1,209,112586,121.72200559297333
pcb442,SA,1,210,112586,121.72200559297333
pcb442,SA,1,211,112586,121.72200559297333
pcb442,SA,1,212,112586,121.72200559297333
pcb442,SA,1,213,112586,121.72200559297333
pcb442,SA,1,214,112586,121.72200559297333
pcb442,SA,1,215,112586,121.72200559297333
pcb442,SA,1,216,112586,121.72200559297333
pcb442,SA,1,217,112586,121.72200559297333
pcb442,SA,1,218,112586,121.72200559297333
pcb442,SA,1,219,112586,121.72200559297333
pcb442,SA,1,220,112586,121.72200559297333
pcb442,SA,1,221,112586,121.72200559297333
pcb442,SA,1,222,112586,121.72200559297333
pcb442,SA,1,223,112586,121.72200559297333
pcb442,SA,1,224,112586,121.72200559297333
pcb442,SA,1,225,112586,121.72200559297333
pcb442,SA,1,226,112586,121.72200559297333
pcb442,SA,1,227,112586,121.72200559297333
pcb442,SA,1,228,112586,121.72200559297333
pcb442,SA,1,229,112586,121.72200559297333
pcb442,SA,1,230,112586,121.72200559297333
pcb442,SA,1,231,112586,121.72200559297333
pcb442,SA,1,232,112586,121.72200559297333
pcb442,SA,1,233,112586,121.72200559297333
pcb442,SA,1,234,112586,121.72200559297333
pcb442,SA,1,235,112586,121.72200559297333
pcb442,SA,1,236,112586,121.72200559297333
pcb442,SA,1,237,112586,121.72200559297333
pcb442,SA,1,238,112586,121.72200559297333
pcb442,SA,1,239,112586,121.72200559297333
pcb442,SA,1,240,112586,121.72200559297333
pcb442,SA,1,241,112586,121.72200559297333
pcb442,SA,1,242,112586,121.72200559297333
pcb442,SA,1,243,112586,121.72200559297333
pcb442,SA,1,244,112586,121.72200559297333
pcb442,SA,1,245,112586,121.72200559297333
pcb442,SA,1,246,112586,121.72200559297333
pcb442,SA,1,247,112586,121.72200559297333
pcb442,SA,1,248,112586,121.72200559297333
pcb442,SA,1,249,112586,121.72200559297333
pcb442,SA,2,0,115000,126.47603292764583
pcb442,SA,2,1,115000,126.47603292764583
pcb442,SA,2,2,115000,126.47603292764583
pcb442,SA,2,3,115000,126.47603292764583
pcb442,SA,2,4,115000,126.47603292764583
pcb442,SA,2,5,115000,126.47603292764583
pcb442,SA,2,6,115000,126.47603292764583
pcb442,SA,2,7,115000,126.47603292764583
pcb442,SA,2,8,115000,126.47603292764583
pcb442,SA,2,9,115000,126.47603292764583
pcb442,SA,2,10,115000,126.47603292764583
pcb442,SA,2,11,115000,126.47603292764583
pcb442,SA,2,12,115000,126.47603292764583
pcb442,SA,2,13,115000,126.47603292764583
pcb442,SA,2,14,115000,126.47603292764583
pcb442,SA,2,15,115000,126.47603292764583
pcb442,SA,2,16,115000,126.47603292764583
pcb442,SA,2,17,115000,126.47603292764583
pcb442,SA,2,18,115000,126.47603292764583
pcb442,SA,2,19,115000,126.47603292764583
pcb442,SA,2,20,115000,126.47603292764583
pcb442,SA,2,21,115000,126.47603292764583
pcb442,SA,2,22,115000,126.47603292764583
pcb442,SA,2,23,115000,126.47603292764583
pcb442,SA,2,24,115000,126.47603292764583
pcb442,SA,2,25,115000,126.47603292764583
pcb442,SA,2,26,115000,126.47603292764583
pcb442,SA,2,27,115000,126.47603292764583
pcb442,SA,2,28,115000,126.47603292764583
pcb442,SA,2,29,115000,126.47603292764583
pcb442,SA,2,30,115000,126.47603292764583
pcb442,SA,2,31,115000,126.47603292764583
pcb442,SA,2,32,115000,126.47603292764583
pcb442,SA,2,33,115000,126.47603292764583
pcb442,SA,2,34,115000,126.47603292764583
pcb442,SA,2,35,115000,126.47603292764583
pcb442,SA,2,36,115000,126.47603292764583
pcb442,SA,2,37,115000,126.47603292764583
pcb442,SA,2,38,115000,126.47603292764583
pcb442,SA,2,39,115000,126.47603292764583
pcb442,SA,2,40,115000,126.47603292764583
pcb442,SA,2,41,115000,126.47603292764583
pcb442,SA,2,42,115000,126.47603292764583
pcb442,SA,2,43,115000,126.47603292764583
pcb442,SA,2,44,115000,126.47603292764583
pcb442,SA,2,45,115000,126.47603292764583
pcb442,SA,2,46,115000,126.47603292764583
pcb442,SA,2,47,115000,126.47603292764583
pcb442,SA,2,48,115000,126.47603292764583
pcb442,SA,2,49,115000,126.47603292764583
pcb442,SA,2,50,115000,126.47603292764583
pcb442,SA,2,51,115000,126.47603292764583
pcb442,SA,2,52,115000,126.47603292764583
pcb442,SA,2,53,115000,126.47603292764583
pcb442,SA,2,54,115000,126.47603292764583
pcb442,SA,2,55,115000,126.47603292764583
pcb442,SA,2,56,115000,126.47603292764583
pcb442,SA,2,57,115000,126.47603292764583
pcb442,SA,2,58,115000,126.47603292764583
pcb442,SA,2,59,115000,126.47603292764583
pcb442,SA,2,60,115000,126.47603292764583
pcb442,SA,2,61,115000,126.47603292764583
pcb442,SA,2,62,115000,126.47603292764583
pcb442,SA,2,63,115000,126.47603292764583
pcb442,SA,2,64,115000,126.47603292764583
pcb442,SA,2,65,115000,126.47603292764583
pcb442,SA,2,66,115000,126.47603292764583
pcb442,SA,2,67,115000,126.47603292764583
pcb442,SA,2,68,115000,126.47603292764583
pcb442,SA,2,69,115000,126.47603292764583
pcb442,SA,2,70,115000,126.47603292764583
pcb442,SA,2,71,115000,126.47603292764583
pcb442,SA,2,72,115000,126.47603292764583
pcb442,SA,2,73,115000,126.47603292764583
pcb442,SA,2,74,115000,126.47603292764583
pcb442,SA,2,75,115000,126.47603292764583
pcb442,SA,2,76,115000,126.47603292764583
pcb442,SA,2,77,115000,126.47603292764583
pcb442,SA,2,78,115000,126.47603292764583
pcb442,SA,2,79,115000,126.47603292764583
pcb442,SA,2,80,115000,126.47603292764583
pcb442,SA,2,81,115000,126.47603292764583
pcb442,SA,2,82,115000,126.47603292764583
pcb442,SA,2,83,115000,126.47603292764583
pcb442,SA,2,84,115000,126.47603292764583
pcb442,SA,2,85,115000,126.47603292764583
pcb442,SA,2,86,115000,126.47603292764583
pcb442,SA,2,87,115000,126.47603292764583
pcb442,SA,2,88,115000,126.47603292764583
pcb442,SA,2,89,115000,126.47603292764583
pcb442,SA,2,90,115000,126.47603292764583
pcb442,SA,2,91,115000,126.47603292764583
pcb442,SA,2,92,115000,126.47603292764583
pcb442,SA,2,93,115000,126.47603292764583
pcb442,SA,2,94,115000,126.47603292764583
pcb442,SA,2,95,115000,126.47603292764583
pcb442,SA,2,96,115000,126.47603292764583
pcb442,SA,2,97,115000,126.47603292764583
pcb442,SA,2,98,115000,126.47603292764583
pcb442,SA,2,99,115000,126.47603292764583
pcb442,SA,2,100,115000,126.47603292764583
pcb442,SA,2,101,115000,126.47603292764583
pcb442,SA,2,102,115000,126.47603292764583
pcb442,SA,2,103,115000,126.47603292764583
pcb442,SA,2,104,115000,126.47603292764583
pcb442,SA,2,105,115000,126.47603292764583
pcb442,SA,2,106,115000,126.47603292764583
pcb442,SA,2,107,115000,126.47603292764583
pcb442,SA,2,108,115000,126.47603292764583
pcb442,SA,2,109,115000,126.47603292764583
pcb442,SA,2,110,115000,126.47603292764583
pcb442,SA,2,111,115000,126.47603292764583
pcb442,SA,2,112,115000,126.47603292764583
pcb442,SA,2,113,115000,126.47603292764583
pcb442,SA,2,114,115000,126.47603292764583
pcb442,SA,2,115,115000,126.47603292764583
pcb442,SA,2,116,115000,126.47603292764583
pcb442,SA,2,117,115000,126.47603292764583
pcb442,SA,2,118,115000,126.47603292764583
pcb442,SA,2,119,115000,126.47603292764583
pcb442,SA,2,120,115000,126.47603292764583
pcb442,SA,2,121,115000,126.47603292764583
pcb442,SA,2,122,115000,126.47603292764583
pcb442,SA,2,123,115000,126.47603292764583
pcb442,SA,2,124,115000,126.47603292764583
pcb442,SA,2,125,115000,126.47603292764583
pcb442,SA,2,126,115000,126.47603292764583
pcb442,SA,2,127,115000,126.47603292764583
pcb442,SA,2,128,115000,126.47603292764583
pcb442,SA,2,129,115000,126.47603292764583
pcb442,SA,2,130,115000,126.47603292764583
pcb442,SA,2,131,115000,126.47603292764583
pcb442,SA,2,132,115000,126.47603292764583
pcb442,SA,2,133,115000,126.47603292764583
pcb442,SA,2,134,115000,126.47603292764583
pcb442,SA,2,135,115000,126.47603292764583
pcb442,SA,2,136,115000,126.47603292764583
pcb442,SA,2,137,115000,126.47603292764583
pcb442,SA,2,138,115000,126.47603292764583
pcb442,SA,2,139,115000,126.47603292764583
pcb442,SA,2,140,115000,126.47603292764583
pcb442,SA,2,141,115000,126.47603292764583
pcb442,SA,2,142,115000,126.47603292764583
pcb442,SA,2,143,115000,126.47603292764583
pcb442,SA,2,144,115000,126.47603292764583
pcb442,SA,2,145,115000,126.47603292764583
pcb442,SA,2,146,115000,126.47603292764583
pcb442,SA,2,147,115000,126.47603292764583
pcb442,SA,2,148,115000,126.47603292764583
pcb442,SA,2,149,115000,126.47603292764583
pcb442,SA,2,150,115000,126.47603292764583
pcb442,SA,2,151,115000,126.47603292764583
pcb442,SA,2,152,115000,126.47603292764583
pcb442,SA,2,153,115000,126.47603292764583
pcb442,SA,2,154,115000,126.47603292764583
pcb442,SA,2,155,115000,126.47603292764583
pcb442,SA,2,156,115000,126.47603292764583
pcb442,SA,2,157,115000,126.47603292764583
pcb442,SA,2,158,115000,126.47603292764583
pcb442,SA,2,159,115000,126.47603292764583
pcb442,SA,2,160,115000,126.47603292764583
pcb442,SA,2,161,115000,126.47603292764583
pcb442,SA,2,162,115000,126.47603292764583
pcb442,SA,2,163,115000,126.47603292764583
pcb442,SA,2,164,115000,126.47603292764583
pcb442,SA,2,165,115000,126.47603292764583
pcb442,SA,2,166,115000,126.47603292764583
pcb442,SA,2,167,115000,126.47603292764583
pcb442,SA,2,168,115000,126.47603292764583
pcb442,SA,2,169,115000,126.47603292764583
pcb442,SA,2,170,115000,126.47603292764583
pcb442,SA,2,171,115000,126.47603292764583
pcb442,SA,2,172,115000,126.47603292764583
pcb442,SA,2,173,115000,126.47603292764583
pcb442,SA,2,174,115000,126.47603292764583
pcb442,SA,2,175,115000,126.47603292764583
pcb442,SA,2,176,115000,126.47603292764583
pcb442,SA,2,177,115000,126.47603292764583
pcb442,SA,2,178,115000,126.47603292764583
pcb442,SA,2,179,115000,126.47603292764583
pcb442,SA,2,180,115000,126.47603292764583
pcb442,SA,2,181,115000,126.47603292764583
pcb442,SA,2,182,115000,126.47603292764583
pcb442,SA,2,183,115000,126.47603292764583
pcb442,SA,2,184,115000,126.47603292764583
pcb442,SA,2,185,115000,126.47603292764583
pcb442,SA,2,186,115000,126.47603292764583
pcb442,SA,2,187,115000,126.47603292764583
pcb442,SA,2,188,115000,126.47603292764583
pcb442,SA,2,189,115000,126.47603292764583
pcb442,SA,2,190,115000,126.47603292764583
pcb442,SA,2,191,115000,126.47603292764583
pcb442,SA,2,192,115000,126.47603292764583
pcb442,SA,2,193,115000,126.47603292764583
pcb442,SA,2,194,115000,126.47603292764583
pcb442,SA,2,195,115000,126.47603292764583
pcb442,SA,2,196,115000,126.47603292764583
pcb442,SA,2,197,115000,126.47603292764583
pcb442,SA,2,198,115000,126.47603292764583
pcb442,SA,2,199,115000,126.47603292764583
pcb442,SA,2,200,115000,126.47603292764583
pcb442,SA,2,201,115000,126.47603292764583
pcb442,SA,2,202,115000,126.47603292764583
pcb442,SA,2,203,115000,126.47603292764583
pcb442,SA,2,204,115000,126.47603292764583
pcb442,SA,2,205,115000,126.47603292764583
pcb442,SA,2,206,115000,126.47603292764583
pcb442,SA,2,207,115000,126.47603292764583
pcb442,SA,2,208,115000,126.47603292764583
pcb442,SA,2,209,115000,126.47603292764583
pcb442,SA,2,210,115000,126.47603292764583
pcb442,SA,2,211,115000,126.47603292764583
pcb442,SA,2,212,115000,126.47603292764583
pcb442,SA,2,213,115000,126.47603292764583
pcb442,SA,2,214,115000,126.47603292764583
pcb442,SA,2,215,115000,126.47603292764583
pcb442,SA,2,216,115000,126.47603292764583
pcb442,SA,2,217,115000,126.47603292764583
pcb442,SA,2,218,115000,126.47603292764583
pcb442,SA,2,219,115000,126.47603292764583
pcb442,SA,2,220,115000,126.47603292764583
pcb442,SA,2,221,115000,126.47603292764583
pcb442,SA,2,222,115000,126.47603292764583
pcb442,SA,2,223,115000,126.47603292764583
pcb442,SA,2,224,115000,126.47603292764583
pcb442,SA,2,225,115000,126.47603292764583
pcb442,SA,2,226,115000,126.47603292764583
pcb442,SA,2,227,115000,126.47603292764583
pcb442,SA,2,228,115000,126.47603292764583
pcb442,SA,2,229,115000,126.47603292764583
pcb442,SA,2,230,115000,126.47603292764583
pcb442,SA,2,231,115000,126.47603292764583
pcb442,SA,2,232,115000,126.47603292764583
pcb442,SA,2,233,115000,126.47603292764583
pcb442,SA,2,234,115000,126.47603292764583
pcb442,SA,2,235,115000,126.47603292764583
pcb442,SA,2,236,115000,126.47603292764583
pcb442,SA,2,237,115000,126.47603292764583
pcb442,SA,2,238,115000,126.47603292764583
pcb442,SA,2,239,115000,126.47603292764583
pcb442,SA,2,240,115000,126.47603292764583
pcb442,SA,2,241,115000,126.47603292764583
pcb442,SA,2,242,115000,126.47603292764583
pcb442,SA,2,243,115000,126.47603292764583
pcb442,SA,2,244,115000,126.47603292764583
pcb442,SA,2,245,115000,126.47603292764583
pcb442,SA,2,246,115000,126.47603292764583
pcb442,SA,2,247,115000,126.47603292764583
pcb442,SA,2,248,115000,126.47603292764583
pcb442,SA,2,249,115000,126.47603292764583
pcb442,GA,1,0,136588,168.9905077001851
pcb442,GA,1,1,130377,156.75883256528417
pcb442,GA,1,2,130377,156.75883256528417
pcb442,GA,1,3,130377,156.75883256528417
pcb442,GA,1,4,130377,156.75883256528417
pcb442,GA,1,5,130377,156.75883256528417
pcb442,GA,1,6,130377,156.75883256528417
pcb442,GA,1,7,130377,156.75883256528417
pcb442,GA,1,8,130377,156.75883256528417
pcb442,GA,1,9,130377,156.75883256528417
pcb442,GA,1,10,130377,156.75883256528417
pcb442,GA,1,11,130377,156.75883256528417
pcb442,GA,1,12,130377,156.75883256528417
pcb442,GA,1,13,130377,156.75883256528417
pcb442,GA,1,14,130377,156.75883256528417
pcb442,GA,1,15,130377,156.75883256528417
pcb442,GA,1,16,130377,156.75883256528417
pcb442,GA,1,17,130377,156.75883256528417
pcb442,GA,1,18,130377,156.75883256528417
pcb442,GA,1,19,129895,155.80960258379613
pcb442,GA,1,20,129895,155.80960258379613
pcb442,GA,1,21,129895,155.80960258379613
pcb442,GA,1,22,129895,155.80960258379613
pcb442,GA,1,23,129895,155.80960258379613
pcb442,GA,1,24,129895,155.80960258379613
pcb442,GA,1,25,129895,155.80960258379613
pcb442,GA,1,26,129895,155.80960258379613
pcb442,GA,1,27,129895,155.80960258379613
pcb442,GA,1,28,129895,155.80960258379613
pcb442,GA,1,29,129895,155.80960258379613
pcb442,GA,2,0,126211,148.5544921028792
pcb442,GA,2,1,126211,148.5544921028792
pcb442,GA,2,2,126211,148.5544921028792
pcb442,GA,2,3,126211,148.5544921028792
pcb442,GA,2,4,126211,148.5544921028792
pcb442,GA,2,5,126211,148.5544921028792
pcb442,GA,2,6,125251,146.66390956713536
pcb442,GA,2,7,125251,146.66390956713536
pcb442,GA,2,8,125251,146.66390956713536
pcb442,GA,2,9,125251,146.66390956713536
pcb442,GA,2,10,125251,146.66390956713536
pcb442,GA,2,11,125251,146.66390956713536
pcb442,GA,2,12,125251,146.66390956713536
pcb442,GA,2,13,125251,146.66390956713536
pcb442,GA,2,14,125251,146.66390956713536
pcb442,GA,2,15,125251,146.66390956713536
pcb442,GA,2,16,125251,146.66390956713536
pcb442,GA,2,17,125251,146.66390956713536
pcb442,GA,2,18,125251,146.66390956713536
pcb442,GA,2,19,125251,146.66390956713536
pcb442,GA,2,20,125251,146.66390956713536
pcb442,GA,2,21,125251,146.66390956713536
pcb442,GA,2,22,125214,146.5910433652369
pcb442,GA,2,23,125214,146.5910433652369
pcb442,GA,2,24,125214,146.5910433652369
pcb442,GA,2,25,125214,146.5910433652369
pcb442,GA,2,26,125214,146.5910433652369
pcb442,GA,2,27,125214,146.5910433652369
pcb442,GA,2,28,125214,146.5910433652369
pcb442,GA,2,29,125214,146.5910433652369
pcb442,ACO,1,0,62021,22.141478593091495
pcb442,ACO,1,1,62021,22.141478593091495
pcb442,ACO,1,2,62021,22.141478593091495
pcb442,ACO,1,3,62021,22.141478593091495
pcb442,ACO,1,4,62021,22.141478593091495
pcb442,ACO,1,5,62021,22.141478593091495
pcb442,ACO,1,6,62021,22.141478593091495
pcb442,ACO,1,7,62021,22.141478593091495
pcb442,ACO,1,8,62021,22.141478593091495
pcb442,ACO,1,9,62021,22.141478593091495
pcb442,ACO,1,10,62021,22.141478593091495
pcb442,ACO,1,11,62021,22.141478593091495
pcb442,ACO,2,0,60448,19.043680334002914
pcb442,ACO,2,1,60448,19.043680334002914
pcb442,ACO,2,2,60448,19.043680334002914
pcb442,ACO,2,3,60448,19.043680334002914
pcb442,ACO,2,4,60448,19.043680334002914
pcb442,ACO,2,5,60448,19.043680334002914
pcb442,ACO,2,6,60448,19.043680334002914
pcb442,ACO,2,7,60448,19.043680334002914
pcb442,ACO,2,8,60448,19.043680334002914
pcb442,ACO,2,9,60448,19.043680334002914
pcb442,ACO,2,10,60448,19.043680334002914
pcb442,ACO,2,11,60448,19.043680334002914
pcb442,ABC/BCO,1,0,112440,121.43447949899563
pcb442,ABC/BCO,1,1,112301,121.16073890267438
pcb442,ABC/BCO,1,2,112301,121.16073890267438
pcb442,ABC/BCO,1,3,112301,121.16073890267438
pcb442,ABC/BCO,1,4,112301,121.16073890267438
pcb442,ABC/BCO,1,5,112301,121.16073890267438
pcb442,ABC/BCO,1,6,112301,121.16073890267438
pcb442,ABC/BCO,1,7,112301,121.16073890267438
pcb442,ABC/BCO,1,8,112295,121.14892276182599
pcb442,ABC/BCO,1,9,112295,121.14892276182599
pcb442,ABC/BCO,1,10,112290,121.13907597778565
pcb442,ABC/BCO,1,11,112290,121.13907597778565
pcb442,ABC/BCO,1,12,112175,120.91259994485802
pcb442,ABC/BCO,1,13,112175,120.91259994485802
pcb442,ABC/BCO,1,14,112175,120.91259994485802
pcb442,ABC/BCO,1,15,112092,120.7491433297885
pcb442,ABC/BCO,1,16,112092,120.7491433297885
pcb442,ABC/BCO,1,17,112001,120.56993186025444
pcb442,ABC/BCO,1,18,112001,120.56993186025444
pcb442,ABC/BCO,1,19,112001,120.56993186025444
pcb442,ABC/BCO,1,20,111864,120.30012997754933
pcb442,ABC/BCO,1,21,111864,120.30012997754933
pcb442,ABC/BCO,1,22,111864,120.30012997754933
pcb442,ABC/BCO,1,23,111864,120.30012997754933
pcb442,ABC/BCO,1,24,111864,120.30012997754933
pcb442,ABC/BCO,1,25,111864,120.30012997754933
pcb442,ABC/BCO,1,26,111864,120.30012997754933
pcb442,ABC/BCO,1,27,111864,120.30012997754933
pcb442,ABC/BCO,1,28,111864,120.30012997754933
pcb442,ABC/BCO,1,29,111864,120.30012997754933
pcb442,ABC/BCO,2,0,111999,120.5659931466383
pcb442,ABC/BCO,2,1,111999,120.5659931466383
pcb442,ABC/BCO,2,2,111999,120.5659931466383
pcb442,ABC/BCO,2,3,111999,120.5659931466383
pcb442,ABC/BCO,2,4,111998,120.56402378983024
pcb442,ABC/BCO,2,5,111998,120.56402378983024
pcb442,ABC/BCO,2,6,111391,119.36862420733388
pcb442,ABC/BCO,2,7,111391,119.36862420733388
pcb442,ABC/BCO,2,8,111391,119.36862420733388
pcb442,ABC/BCO,2,9,111391,119.36862420733388
pcb442,ABC/BCO,2,10,111391,119.36862420733388
pcb442,ABC/BCO,2,11,111391,119.36862420733388
pcb442,ABC/BCO,2,12,111093,118.78175587853008
pcb442,ABC/BCO,2,13,111093,118.78175587853008
pcb442,ABC/BCO,2,14,111093,118.78175587853008
pcb442,ABC/BCO,2,15,111093,118.78175587853008
pcb442,ABC/BCO,2,16,111093,118.78175587853008
pcb442,ABC/BCO,2,17,111093,118.78175587853008
pcb442,ABC/BCO,2,18,111027,118.65177832919768
pcb442,ABC/BCO,2,19,111027,118.65177832919768
pcb442,ABC/BCO,2,20,111027,118.65177832919768
pcb442,ABC/BCO,2,21,111027,118.65177832919768
pcb442,ABC/BCO,2,22,111027,118.65177832919768
pcb442,ABC/BCO,2,23,111027,118.65177832919768
pcb442,ABC/BCO,2,24,111027,118.65177832919768
pcb442,ABC/BCO,2,25,111027,118.65177832919768
pcb442,ABC/BCO,2,26,110951,118.50210721178463
pcb442,ABC/BCO,2,27,110951,118.50210721178463
pcb442,ABC/BCO,2,28,110951,118.50210721178463
pcb442,ABC/BCO,2,29,110951,118.50210721178463
pr439,MWI-H,1,0,237310,121.33616870458975
pr439,MWI-H,1,1,237310,121.33616870458975
pr439,MWI-H,1,2,237310,121.33616870458975
pr439,MWI-H,1,3,237310,121.33616870458975
pr439,MWI-H,1,4,237310,121.33616870458975
pr439,MWI-H,1,5,237310,121.33616870458975
pr439,MWI-H,1,6,237310,121.33616870458975
pr439,MWI-H,1,7,237310,121.33616870458975
pr439,MWI-H,1,8,237310,121.33616870458975
pr439,MWI-H,1,9,237310,121.33616870458975
pr439,MWI-H,1,10,237310,121.33616870458975
pr439,MWI-H,1,11,237310,121.33616870458975
pr439,MWI-H,1,12,237310,121.33616870458975
pr439,MWI-H,1,13,237310,121.33616870458975
pr439,MWI-H,1,14,237310,121.33616870458975
pr439,MWI-H,1,15,237310,121.33616870458975
pr439,MWI-H,1,16,237310,121.33616870458975
pr439,MWI-H,1,17,237310,121.33616870458975
pr439,MWI-H,1,18,237310,121.33616870458975
pr439,MWI-H,1,19,237310,121.33616870458975
pr439,MWI-H,1,20,237310,121.33616870458975
pr439,MWI-H,1,21,237310,121.33616870458975
pr439,MWI-H,1,22,237310,121.33616870458975
pr439,MWI-H,1,23,237310,121.33616870458975
pr439,MWI-H,1,24,237310,121.33616870458975
pr439,MWI-H,1,25,237310,121.33616870458975
pr439,MWI-H,1,26,237310,121.33616870458975
pr439,MWI-H,1,27,237310,121.33616870458975
pr439,MWI-H,1,28,237310,121.33616870458975
pr439,MWI-H,1,29,237310,121.33616870458975
pr439,MWI-H,2,0,246990,130.36458770530794
pr439,MWI-H,2,1,246990,130.36458770530794
pr439,MWI-H,2,2,246990,130.36458770530794
pr439,MWI-H,2,3,246990,130.36458770530794
pr439,MWI-H,2,4,246990,130.36458770530794
pr439,MWI-H,2,5,246990,130.36458770530794
pr439,MWI-H,2,6,246990,130.36458770530794
pr439,MWI-H,2,7,246990,130.36458770530794
pr439,MWI-H,2,8,246990,130.36458770530794
pr439,MWI-H,2,9,246990,130.36458770530794
pr439,MWI-H,2,10,246990,130.36458770530794
pr439,MWI-H,2,11,246990,130.36458770530794
pr439,MWI-H,2,12,246990,130.36458770530794
pr439,MWI-H,2,13,246990,130.36458770530794
pr439,MWI-H,2,14,246990,130.36458770530794
pr439,MWI-H,2,15,246990,130.36458770530794
pr439,MWI-H,2,16,246990,130.36458770530794
pr439,MWI-H,2,17,246990,130.36458770530794
pr439,MWI-H,2,18,246990,130.36458770530794
pr439,MWI-H,2,19,246990,130.36458770530794
pr439,MWI-H,2,20,246990,130.36458770530794
pr439,MWI-H,2,21,246990,130.36458770530794
pr439,MWI-H,2,22,246990,130.36458770530794
pr439,MWI-H,2,23,246990,130.36458770530794
pr439,MWI-H,2,24,246990,130.36458770530794
pr439,MWI-H,2,25,246990,130.36458770530794
pr439,MWI-H,2,26,246990,130.36458770530794
pr439,MWI-H,2,27,246990,130.36458770530794
pr439,MWI-H,2,28,246990,130.36458770530794
pr439,MWI-H,2,29,246990,130.36458770530794
pr439,SA,1,0,303191,182.78258112053126
pr439,SA,1,1,303191,182.78258112053126
pr439,SA,1,2,303191,182.78258112053126
pr439,SA,1,3,303191,182.78258112053126
pr439,SA,1,4,303191,182.78258112053126
pr439,SA,1,5,303191,182.78258112053126
pr439,SA,1,6,303191,182.78258112053126
pr439,SA,1,7,303191,182.78258112053126
pr439,SA,1,8,303191,182.78258112053126
pr439,SA,1,9,303191,182.78258112053126
pr439,SA,1,10,303191,182.78258112053126
pr439,SA,1,11,303191,182.78258112053126
pr439,SA,1,12,303191,182.78258112053126
pr439,SA,1,13,303191,182.78258112053126
pr439,SA,1,14,303191,182.78258112053126
pr439,SA,1,15,303191,182.78258112053126
pr439,SA,1,16,303191,182.78258112053126
pr439,SA,1,17,303191,182.78258112053126
pr439,SA,1,18,303191,182.78258112053126
pr439,SA,1,19,303191,182.78258112053126
pr439,SA,1,20,303191,182.78258112053126
pr439,SA,1,21,303191,182.78258112053126
pr439,SA,1,22,303191,182.78258112053126
pr439,SA,1,23,303191,182.78258112053126
pr439,SA,1,24,303191,182.78258112053126
pr439,SA,1,25,303191,182.78258112053126
pr439,SA,1,26,303191,182.78258112053126
pr439,SA,1,27,303191,182.78258112053126
pr439,SA,1,28,303191,182.78258112053126
pr439,SA,1,29,303191,182.78258112053126
pr439,SA,1,30,303191,182.78258112053126
pr439,SA,1,31,303191,182.78258112053126
pr439,SA,1,32,303191,182.78258112053126
pr439,SA,1,33,303191,182.78258112053126
pr439,SA,1,34,303191,182.78258112053126
pr439,SA,1,35,303191,182.78258112053126
pr439,SA,1,36,303191,182.78258112053126
pr439,SA,1,37,303191,182.78258112053126
pr439,SA,1,38,303191,182.78258112053126
pr439,SA,1,39,303191,182.78258112053126
pr439,SA,1,40,303191,182.78258112053126
pr439,SA,1,41,303191,182.78258112053126
pr439,SA,1,42,303191,182.78258112053126
pr439,SA,1,43,303191,182.78258112053126
pr439,SA,1,44,303191,182.78258112053126
pr439,SA,1,45,303191,182.78258112053126
pr439,SA,1,46,303191,182.78258112053126
pr439,SA,1,47,303191,182.78258112053126
pr439,SA,1,48,303191,182.78258112053126
pr439,SA,1,49,303191,182.78258112053126
pr439,SA,1,50,303191,182.78258112053126
pr439,SA,1,51,303191,182.78258112053126
pr439,SA,1,52,303191,182.78258112053126
pr439,SA,1,53,303191,182.78258112053126
pr439,SA,1,54,303191,182.78258112053126
pr439,SA,1,55,303191,182.78258112053126
pr439,SA,1,56,303191,182.78258112053126
pr439,SA,1,57,303191,182.78258112053126
pr439,SA,1,58,303191,182.78258112053126
pr439,SA,1,59,303191,182.78258112053126
pr439,SA,1,60,303191,182.78258112053126
pr439,SA,1,61,303191,182.78258112053126
pr439,SA,1,62,303191,182.78258112053126
pr439,SA,1,63,303191,182.78258112053126
pr439,SA,1,64,303191,182.78258112053126
pr439,SA,1,65,303191,182.78258112053126
pr439,SA,1,66,303191,182.78258112053126
pr439,SA,1,67,303191,182.78258112053126
pr439,SA,1,68,303191,182.78258112053126
pr439,SA,1,69,303191,182.78258112053126
pr439,SA,1,70,303191,182.78258112053126
pr439,SA,1,71,303191,182.78258112053126
pr439,SA,1,72,303191,182.78258112053126
pr439,SA,1,73,303191,182.78258112053126
pr439,SA,1,74,303191,182.78258112053126
pr439,SA,1,75,303191,182.78258112053126
pr439,SA,1,76,303191,182.78258112053126
pr439,SA,1,77,303191,182.78258112053126
pr439,SA,1,78,303191,182.78258112053126
pr439,SA,1,79,303191,182.78258112053126
pr439,SA,1,80,303191,182.78258112053126
pr439,SA,1,81,303191,182.78258112053126
pr439,SA,1,82,303191,182.78258112053126
pr439,SA,1,83,303191,182.78258112053126
pr439,SA,1,84,303191,182.78258112053126
pr439,SA,1,85,303191,182.78258112053126
pr439,SA,1,86,303191,182.78258112053126
pr439,SA,1,87,303191,182.78258112053126
pr439,SA,1,88,303191,182.78258112053126
pr439,SA,1,89,303191,182.78258112053126
pr439,SA,1,90,303191,182.78258112053126
pr439,SA,1,91,303191,182.78258112053126
pr439,SA,1,92,303191,182.78258112053126
pr439,SA,1,93,303191,182.78258112053126
pr439,SA,1,94,303191,182.78258112053126
pr439,SA,1,95,303191,182.78258112053126
pr439,SA,1,96,303191,182.78258112053126
pr439,SA,1,97,303191,182.78258112053126
pr439,SA,1,98,303191,182.78258112053126
pr439,SA,1,99,303191,182.78258112053126
pr439,SA,1,100,303191,182.78258112053126
pr439,SA,1,101,303191,182.78258112053126
pr439,SA,1,102,303191,182.78258112053126
pr439,SA,1,103,303191,182.78258112053126
pr439,SA,1,104,303191,182.78258112053126
pr439,SA,1,105,303191,182.78258112053126
pr439,SA,1,106,303191,182.78258112053126
pr439,SA,1,107,303191,182.78258112053126
pr439,SA,1,108,303191,182.78258112053126
pr439,SA,1,109,303191,182.78258112053126
pr439,SA,1,110,303191,182.78258112053126
pr439,SA,1,111,303191,182.78258112053126
pr439,SA,1,112,303191,182.78258112053126
pr439,SA,1,113,303191,182.78258112053126
pr439,SA,1,114,303191,182.78258112053126
pr439,SA,1,115,303191,182.78258112053126
pr439,SA,1,116,303191,182.78258112053126
pr439,SA,1,117,303191,182.78258112053126
pr439,SA,1,118,303191,182.78258112053126
pr439,SA,1,119,303191,182.78258112053126
pr439,SA,1,120,303191,182.78258112053126
pr439,SA,1,121,303191,182.78258112053126
pr439,SA,1,122,303191,182.78258112053126
pr439,SA,1,123,303191,182.78258112053126
pr439,SA,1,124,303191,182.78258112053126
pr439,SA,1,125,303191,182.78258112053126
pr439,SA,1,126,303191,182.78258112053126
pr439,SA,1,127,303191,182.78258112053126
pr439,SA,1,128,303191,182.78258112053126
pr439,SA,1,129,303191,182.78258112053126
pr439,SA,1,130,303191,182.78258112053126
pr439,SA,1,131,303191,182.78258112053126
pr439,SA,1,132,303191,182.78258112053126
pr439,SA,1,133,303191,182.78258112053126
pr439,SA,1,134,303191,182.78258112053126
pr439,SA,1,135,303191,182.78258112053126
pr439,SA,1,136,303191,182.78258112053126
pr439,SA,1,137,303191,182.78258112053126
pr439,SA,1,138,303191,182.78258112053126
pr439,SA,1,139,303191,182.78258112053126
pr439,SA,1,140,303191,182.78258112053126
pr439,SA,1,141,303191,182.78258112053126
pr439,SA,1,142,303191,182.78258112053126
pr439,SA,1,143,303191,182.78258112053126
pr439,SA,1,144,303191,182.78258112053126
pr439,SA,1,145,303191,182.78258112053126
pr439,SA,1,146,303191,182.78258112053126
pr439,SA,1,147,303191,182.78258112053126
pr439,SA,1,148,303191,182.78258112053126
pr439,SA,1,149,303191,182.78258112053126
pr439,SA,1,150,303191,182.78258112053126
pr439,SA,1,151,303191,182.78258112053126
pr439,SA,1,152,303191,182.78258112053126
pr439,SA,1,153,303191,182.78258112053126
pr439,SA,1,154,303191,182.78258112053126
pr439,SA,1,155,303191,182.78258112053126
pr439,SA,1,156,303191,182.78258112053126
pr439,SA,1,157,303191,182.78258112053126
pr439,SA,1,158,303191,182.78258112053126
pr439,SA,1,159,303191,182.78258112053126
pr439,SA,1,160,303191,182.78258112053126
pr439,SA,1,161,303191,182.78258112053126
pr439,SA,1,162,303191,182.78258112053126
pr439,SA,1,163,303191,182.78258112053126
pr439,SA,1,164,303191,182.78258112053126
pr439,SA,1,165,303191,182.78258112053126
pr439,SA,1,166,303191,182.78258112053126
pr439,SA,1,167,303191,182.78258112053126
pr439,SA,1,168,303191,182.78258112053126
pr439,SA,1,169,303191,182.78258112053126
pr439,SA,1,170,303191,182.78258112053126
pr439,SA,1,171,303191,182.78258112053126
pr439,SA,1,172,303191,182.78258112053126
pr439,SA,1,173,303191,182.78258112053126
pr439,SA,1,174,303191,182.78258112053126
pr439,SA,1,175,303191,182.78258112053126
pr439,SA,1,176,303191,182.78258112053126
pr439,SA,1,177,303191,182.78258112053126
pr439,SA,1,178,303191,182.78258112053126
pr439,SA,1,179,303191,182.78258112053126
pr439,SA,1,180,303191,182.78258112053126
pr439,SA,1,181,303191,182.78258112053126
pr439,SA,1,182,303191,182.78258112053126
pr439,SA,1,183,303191,182.78258112053126
pr439,SA,1,184,303191,182.78258112053126
pr439,SA,1,185,303191,182.78258112053126
pr439,SA,1,186,303191,182.78258112053126
pr439,SA,1,187,303191,182.78258112053126
pr439,SA,1,188,303191,182.78258112053126
pr439,SA,1,189,303191,182.78258112053126
pr439,SA,1,190,303191,182.78258112053126
pr439,SA,1,191,303191,182.78258112053126
pr439,SA,1,192,303191,182.78258112053126
pr439,SA,1,193,303191,182.78258112053126
pr439,SA,1,194,303191,182.78258112053126
pr439,SA,1,195,303191,182.78258112053126
pr439,SA,1,196,303191,182.78258112053126
pr439,SA,1,197,303191,182.78258112053126
pr439,SA,1,198,303191,182.78258112053126
pr439,SA,1,199,303191,182.78258112053126
pr439,SA,1,200,303191,182.78258112053126
pr439,SA,1,201,303191,182.78258112053126
pr439,SA,1,202,303191,182.78258112053126
pr439,SA,1,203,303191,182.78258112053126
pr439,SA,1,204,303191,182.78258112053126
pr439,SA,1,205,303191,182.78258112053126
pr439,SA,1,206,303191,182.78258112053126
pr439,SA,1,207,303191,182.78258112053126
pr439,SA,1,208,303191,182.78258112053126
pr439,SA,1,209,303191,182.78258112053126
pr439,SA,1,210,303191,182.78258112053126
pr439,SA,1,211,303191,182.78258112053126
pr439,SA,1,212,303191,182.78258112053126
pr439,SA,1,213,303191,182.78258112053126
pr439,SA,1,214,303191,182.78258112053126
pr439,SA,1,215,303191,182.78258112053126
pr439,SA,1,216,303191,182.78258112053126
pr439,SA,1,217,303191,182.78258112053126
pr439,SA,1,218,303191,182.78258112053126
pr439,SA,1,219,303191,182.78258112053126
pr439,SA,1,220,303191,182.78258112053126
pr439,SA,1,221,303191,182.78258112053126
pr439,SA,1,222,303191,182.78258112053126
pr439,SA,1,223,303191,182.78258112053126
pr439,SA,1,224,303191,182.78258112053126
pr439,SA,1,225,303191,182.78258112053126
pr439,SA,1,226,303191,182.78258112053126
pr439,SA,1,227,303191,182.78258112053126
pr439,SA,1,228,303191,182.78258112053126
pr439,SA,1,229,303191,182.78258112053126
pr439,SA,1,230,303191,182.78258112053126
pr439,SA,1,231,303191,182.78258112053126
pr439,SA,1,232,303191,182.78258112053126
pr439,SA,1,233,303191,182.78258112053126
pr439,SA,1,234,303191,182.78258112053126
pr439,SA,1,235,303191,182.78258112053126
pr439,SA,1,236,303191,182.78258112053126
pr439,SA,1,237,303191,182.78258112053126
pr439,SA,1,238,303191,182.78258112053126
pr439,SA,1,239,303191,182.78258112053126
pr439,SA,1,240,303191,182.78258112053126
pr439,SA,1,241,303191,182.78258112053126
pr439,SA,1,242,303191,182.78258112053126
pr439,SA,1,243,303191,182.78258112053126
pr439,SA,1,244,303191,182.78258112053126
pr439,SA,1,245,303191,182.78258112053126
pr439,SA,1,246,303191,182.78258112053126
pr439,SA,1,247,303191,182.78258112053126
pr439,SA,1,248,303191,182.78258112053126
pr439,SA,1,249,303191,182.78258112053126
pr439,SA,2,0,276517,157.90406372123823
pr439,SA,2,1,276517,157.90406372123823
pr439,SA,2,2,276517,157.90406372123823
pr439,SA,2,3,276517,157.90406372123823
pr439,SA,2,4,276517,157.90406372123823
pr439,SA,2,5,276517,157.90406372123823
pr439,SA,2,6,276517,157.90406372123823
pr439,SA,2,7,276517,157.90406372123823
pr439,SA,2,8,276517,157.90406372123823
pr439,SA,2,9,276517,157.90406372123823
pr439,SA,2,10,276517,157.90406372123823
pr439,SA,2,11,276517,157.90406372123823
pr439,SA,2,12,276517,157.90406372123823
pr439,SA,2,13,276517,157.90406372123823
pr439,SA,2,14,276517,157.90406372123823
pr439,SA,2,15,276517,157.90406372123823
pr439,SA,2,16,276517,157.90406372123823
pr439,SA,2,17,276517,157.90406372123823
pr439,SA,2,18,276517,157.90406372123823
pr439,SA,2,19,276517,157.90406372123823
pr439,SA,2,20,276517,157.90406372123823
pr439,SA,2,21,276517,157.90406372123823
pr439,SA,2,22,276517,157.90406372123823
pr439,SA,2,23,276517,157.90406372123823
pr439,SA,2,24,276517,157.90406372123823
pr439,SA,2,25,276517,157.90406372123823
pr439,SA,2,26,276517,157.90406372123823
pr439,SA,2,27,276517,157.90406372123823
pr439,SA,2,28,276517,157.90406372123823
pr439,SA,2,29,276517,157.90406372123823
pr439,SA,2,30,276517,157.90406372123823
pr439,SA,2,31,276517,157.90406372123823
pr439,SA,2,32,276517,157.90406372123823
pr439,SA,2,33,276517,157.90406372123823
pr439,SA,2,34,276517,157.90406372123823
pr439,SA,2,35,276517,157.90406372123823
pr439,SA,2,36,276517,157.90406372123823
pr439,SA,2,37,276517,157.90406372123823
pr439,SA,2,38,276517,157.90406372123823
pr439,SA,2,39,276517,157.90406372123823
pr439,SA,2,40,276517,157.90406372123823
pr439,SA,2,41,276517,157.90406372123823
pr439,SA,2,42,276517,157.90406372123823
pr439,SA,2,43,276517,157.90406372123823
pr439,SA,2,44,276517,157.90406372123823
pr439,SA,2,45,276517,157.90406372123823
pr439,SA,2,46,276517,157.90406372123823
pr439,SA,2,47,276517,157.90406372123823
pr439,SA,2,48,276517,157.90406372123823
pr439,SA,2,49,276517,157.90406372123823
pr439,SA,2,50,276517,157.90406372123823
pr439,SA,2,51,276517,157.90406372123823
pr439,SA,2,52,276517,157.90406372123823
pr439,SA,2,53,276517,157.90406372123823
pr439,SA,2,54,276517,157.90406372123823
pr439,SA,2,55,276517,157.90406372123823
pr439,SA,2,56,276517,157.90406372123823
pr439,SA,2,57,276517,157.90406372123823
pr439,SA,2,58,276517,157.90406372123823
pr439,SA,2,59,276517,157.90406372123823
pr439,SA,2,60,276517,157.90406372123823
pr439,SA,2,61,276517,157.90406372123823
pr439,SA,2,62,276517,157.90406372123823
pr439,SA,2,63,276517,157.90406372123823
pr439,SA,2,64,276517,157.90406372123823
pr439,SA,2,65,276517,157.90406372123823
pr439,SA,2,66,276517,157.90406372123823
pr439,SA,2,67,276517,157.90406372123823
pr439,SA,2,68,276517,157.90406372123823
pr439,SA,2,69,276517,157.90406372123823
pr439,SA,2,70,276517,157.90406372123823
pr439,SA,2,71,276517,157.90406372123823
pr439,SA,2,72,276517,157.90406372123823
pr439,SA,2,73,276517,157.90406372123823
pr439,SA,2,74,276517,157.90406372123823
pr439,SA,2,75,276517,157.90406372123823
pr439,SA,2,76,276517,157.90406372123823
pr439,SA,2,77,276517,157.90406372123823
pr439,SA,2,78,276517,157.90406372123823
pr439,SA,2,79,276517,157.90406372123823
pr439,SA,2,80,276517,157.90406372123823
pr439,SA,2,81,276517,157.90406372123823
pr439,SA,2,82,276517,157.90406372123823
pr439,SA,2,83,276517,157.90406372123823
pr439,SA,2,84,276517,157.90406372123823
pr439,SA,2,85,276517,157.90406372123823
pr439,SA,2,86,276517,157.90406372123823
pr439,SA,2,87,276517,157.90406372123823
pr439,SA,2,88,276517,157.90406372123823
pr439,SA,2,89,276517,157.90406372123823
pr439,SA,2,90,276517,157.90406372123823
pr439,SA,2,91,276517,157.90406372123823
pr439,SA,2,92,276517,157.90406372123823
pr439,SA,2,93,276517,157.90406372123823
pr439,SA,2,94,276517,157.90406372123823
pr439,SA,2,95,276517,157.90406372123823
pr439,SA,2,96,276517,157.90406372123823
pr439,SA,2,97,276517,157.90406372123823
pr439,SA,2,98,276517,157.90406372123823
pr439,SA,2,99,276517,157.90406372123823
pr439,SA,2,100,276517,157.90406372123823
pr439,SA,2,101,276517,157.90406372123823
pr439,SA,2,102,276517,157.90406372123823
pr439,SA,2,103,276517,157.90406372123823
pr439,SA,2,104,276517,157.90406372123823
pr439,SA,2,105,276517,157.90406372123823
pr439,SA,2,106,276517,157.90406372123823
pr439,SA,2,107,276517,157.90406372123823
pr439,SA,2,108,276517,157.90406372123823
pr439,SA,2,109,276517,157.90406372123823
pr439,SA,2,110,276517,157.90406372123823
pr439,SA,2,111,276517,157.90406372123823
pr439,SA,2,112,276517,157.90406372123823
pr439,SA,2,113,276517,157.90406372123823
pr439,SA,2,114,276517,157.90406372123823
pr439,SA,2,115,276517,157.90406372123823
pr439,SA,2,116,276517,157.90406372123823
pr439,SA,2,117,276517,157.90406372123823
pr439,SA,2,118,276517,157.90406372123823
pr439,SA,2,119,276517,157.90406372123823
pr439,SA,2,120,276517,157.90406372123823
pr439,SA,2,121,276517,157.90406372123823
pr439,SA,2,122,276517,157.90406372123823
pr439,SA,2,123,276517,157.90406372123823
pr439,SA,2,124,276517,157.90406372123823
pr439,SA,2,125,276517,157.90406372123823
pr439,SA,2,126,276517,157.90406372123823
pr439,SA,2,127,276517,157.90406372123823
pr439,SA,2,128,276517,157.90406372123823
pr439,SA,2,129,276517,157.90406372123823
pr439,SA,2,130,276517,157.90406372123823
pr439,SA,2,131,276517,157.90406372123823
pr439,SA,2,132,276517,157.90406372123823
pr439,SA,2,133,276517,157.90406372123823
pr439,SA,2,134,276517,157.90406372123823
pr439,SA,2,135,276517,157.90406372123823
pr439,SA,2,136,276517,157.90406372123823
pr439,SA,2,137,276517,157.90406372123823
pr439,SA,2,138,276517,157.90406372123823
pr439,SA,2,139,276517,157.90406372123823
pr439,SA,2,140,276517,157.90406372123823
pr439,SA,2,141,276517,157.90406372123823
pr439,SA,2,142,276517,157.90406372123823
pr439,SA,2,143,276517,157.90406372123823
pr439,SA,2,144,276517,157.90406372123823
pr439,SA,2,145,276517,157.90406372123823
pr439,SA,2,146,276517,157.90406372123823
pr439,SA,2,147,276517,157.90406372123823
pr439,SA,2,148,276517,157.90406372123823
pr439,SA,2,149,276517,157.90406372123823
pr439,SA,2,150,276517,157.90406372123823
pr439,SA,2,151,276517,157.90406372123823
pr439,SA,2,152,276517,157.90406372123823
pr439,SA,2,153,276517,157.90406372123823
pr439,SA,2,154,276517,157.90406372123823
pr439,SA,2,155,276517,157.90406372123823
pr439,SA,2,156,276517,157.90406372123823
pr439,SA,2,157,276517,157.90406372123823
pr439,SA,2,158,276517,157.90406372123823
pr439,SA,2,159,276517,157.90406372123823
pr439,SA,2,160,276517,157.90406372123823
pr439,SA,2,161,276517,157.90406372123823
pr439,SA,2,162,276517,157.90406372123823
pr439,SA,2,163,276517,157.90406372123823
pr439,SA,2,164,276517,157.90406372123823
pr439,SA,2,165,276517,157.90406372123823
pr439,SA,2,166,276517,157.90406372123823
pr439,SA,2,167,276517,157.90406372123823
pr439,SA,2,168,276517,157.90406372123823
pr439,SA,2,169,276517,157.90406372123823
pr439,SA,2,170,276517,157.90406372123823
pr439,SA,2,171,276517,157.90406372123823
pr439,SA,2,172,276517,157.90406372123823
pr439,SA,2,173,276517,157.90406372123823
pr439,SA,2,174,276517,157.90406372123823
pr439,SA,2,175,276517,157.90406372123823
pr439,SA,2,176,276517,157.90406372123823
pr439,SA,2,177,276517,157.90406372123823
pr439,SA,2,178,276517,157.90406372123823
pr439,SA,2,179,276517,157.90406372123823
pr439,SA,2,180,276517,157.90406372123823
pr439,SA,2,181,276517,157.90406372123823
pr439,SA,2,182,276517,157.90406372123823
pr439,SA,2,183,276517,157.90406372123823
pr439,SA,2,184,276517,157.90406372123823
pr439,SA,2,185,276517,157.90406372123823
pr439,SA,2,186,276517,157.90406372123823
pr439,SA,2,187,276517,157.90406372123823
pr439,SA,2,188,276517,157.90406372123823
pr439,SA,2,189,276517,157.90406372123823
pr439,SA,2,190,276517,157.90406372123823
pr439,SA,2,191,276517,157.90406372123823
pr439,SA,2,192,276517,157.90406372123823
pr439,SA,2,193,276517,157.90406372123823
pr439,SA,2,194,276517,157.90406372123823
pr439,SA,2,195,276517,157.90406372123823
pr439,SA,2,196,276517,157.90406372123823
pr439,SA,2,197,276517,157.90406372123823
pr439,SA,2,198,276517,157.90406372123823
pr439,SA,2,199,276517,157.90406372123823
pr439,SA,2,200,276517,157.90406372123823
pr439,SA,2,201,276517,157.90406372123823
pr439,SA,2,202,276517,157.90406372123823
pr439,SA,2,203,276517,157.90406372123823
pr439,SA,2,204,276517,157.90406372123823
pr439,SA,2,205,276517,157.90406372123823
pr439,SA,2,206,276517,157.90406372123823
pr439,SA,2,207,276517,157.90406372123823
pr439,SA,2,208,276517,157.90406372123823
pr439,SA,2,209,276517,157.90406372123823
pr439,SA,2,210,276517,157.90406372123823
pr439,SA,2,211,276517,157.90406372123823
pr439,SA,2,212,276517,157.90406372123823
pr439,SA,2,213,276517,157.90406372123823
pr439,SA,2,214,276517,157.90406372123823
pr439,SA,2,215,276517,157.90406372123823
pr439,SA,2,216,276517,157.90406372123823
pr439,SA,2,217,276517,157.90406372123823
pr439,SA,2,218,276517,157.90406372123823
pr439,SA,2,219,276517,157.90406372123823
pr439,SA,2,220,276517,157.90406372123823
pr439,SA,2,221,276517,157.90406372123823
pr439,SA,2,222,276517,157.90406372123823
pr439,SA,2,223,276517,157.90406372123823
pr439,SA,2,224,276517,157.90406372123823
pr439,SA,2,225,276517,157.90406372123823
pr439,SA,2,226,276517,157.90406372123823
pr439,SA,2,227,276517,157.90406372123823
pr439,SA,2,228,276517,157.90406372123823
pr439,SA,2,229,276517,157.90406372123823
pr439,SA,2,230,276517,157.90406372123823
pr439,SA,2,231,276517,157.90406372123823
pr439,SA,2,232,276517,157.90406372123823
pr439,SA,2,233,276517,157.90406372123823
pr439,SA,2,234,276517,157.90406372123823
pr439,SA,2,235,276517,157.90406372123823
pr439,SA,2,236,276517,157.90406372123823
pr439,SA,2,237,276517,157.90406372123823
pr439,SA,2,238,276517,157.90406372123823
pr439,SA,2,239,276517,157.90406372123823
pr439,SA,2,240,276517,157.90406372123823
pr439,SA,2,241,276517,157.90406372123823
pr439,SA,2,242,276517,157.90406372123823
pr439,SA,2,243,276517,157.90406372123823
pr439,SA,2,244,276517,157.90406372123823
pr439,SA,2,245,276517,157.90406372123823
pr439,SA,2,246,276517,157.90406372123823
pr439,SA,2,247,276517,157.90406372123823
pr439,SA,2,248,276517,157.90406372123823
pr439,SA,2,249,276517,157.90406372123823
pr439,GA,1,0,323248,201.48950259753585
pr439,GA,1,1,323248,201.48950259753585
pr439,GA,1,2,323248,201.48950259753585
pr439,GA,1,3,323248,201.48950259753585
pr439,GA,1,4,323248,201.48950259753585
pr439,GA,1,5,323248,201.48950259753585
pr439,GA,1,6,323248,201.48950259753585
pr439,GA,1,7,323248,201.48950259753585
pr439,GA,1,8,323248,201.48950259753585
pr439,GA,1,9,323248,201.48950259753585
pr439,GA,1,10,323248,201.48950259753585
pr439,GA,1,11,323248,201.48950259753585
pr439,GA,1,12,323248,201.48950259753585
pr439,GA,1,13,323248,201.48950259753585
pr439,GA,1,14,323248,201.48950259753585
pr439,GA,1,15,323248,201.48950259753585
pr439,GA,1,16,323248,201.48950259753585
pr439,GA,1,17,323248,201.48950259753585
pr439,GA,1,18,322598,200.88325545389256
pr439,GA,1,19,322598,200.88325545389256
pr439,GA,1,20,322598,200.88325545389256
pr439,GA,1,21,322598,200.88325545389256
pr439,GA,1,22,322598,200.88325545389256
pr439,GA,1,23,322598,200.88325545389256
pr439,GA,1,24,322598,200.88325545389256
pr439,GA,1,25,322598,200.88325545389256
pr439,GA,1,26,322598,200.88325545389256
pr439,GA,1,27,322598,200.88325545389256
pr439,GA,1,28,322598,200.88325545389256
pr439,GA,1,29,322598,200.88325545389256
pr439,GA,2,0,313110,192.0339125325275
pr439,GA,2,1,313110,192.0339125325275
pr439,GA,2,2,313110,192.0339125325275
pr439,GA,2,3,313110,192.0339125325275
pr439,GA,2,4,313110,192.0339125325275
pr439,GA,2,5,313110,192.0339125325275
pr439,GA,2,6,313110,192.0339125325275
pr439,GA,2,7,313110,192.0339125325275
pr439,GA,2,8,313110,192.0339125325275
pr439,GA,2,9,313110,192.0339125325275
pr439,GA,2,10,313110,192.0339125325275
pr439,GA,2,11,313110,192.0339125325275
pr439,GA,2,12,313110,192.0339125325275
pr439,GA,2,13,313110,192.0339125325275
pr439,GA,2,14,313110,192.0339125325275
pr439,GA,2,15,313110,192.0339125325275
pr439,GA,2,16,313110,192.0339125325275
pr439,GA,2,17,313110,192.0339125325275
pr439,GA,2,18,313110,192.0339125325275
pr439,GA,2,19,313110,192.0339125325275
pr439,GA,2,20,313110,192.0339125325275
pr439,GA,2,21,313110,192.0339125325275
pr439,GA,2,22,313110,192.0339125325275
pr439,GA,2,23,311178,190.23195948403705
pr439,GA,2,24,311178,190.23195948403705
pr439,GA,2,25,311178,190.23195948403705
pr439,GA,2,26,306375,185.75225943646996
pr439,GA,2,27,306375,185.75225943646996
pr439,GA,2,28,306124,185.51815477023234
pr439,GA,2,29,306124,185.51815477023234
pr439,ACO,1,0,135796,26.65528787412444
pr439,ACO,1,1,135796,26.65528787412444
pr439,ACO,1,2,135796,26.65528787412444
pr439,ACO,1,3,135796,26.65528787412444
pr439,ACO,1,4,135796,26.65528787412444
pr439,ACO,1,5,135796,26.65528787412444
pr439,ACO,1,6,135796,26.65528787412444
pr439,ACO,1,7,135796,26.65528787412444
pr439,ACO,1,8,135796,26.65528787412444
pr439,ACO,1,9,135796,26.65528787412444
pr439,ACO,1,10,135796,26.65528787412444
pr439,ACO,1,11,135796,26.65528787412444
pr439,ACO,2,0,133912,24.898103845472267
pr439,ACO,2,1,133912,24.898103845472267
pr439,ACO,2,2,133912,24.898103845472267
pr439,ACO,2,3,133912,24.898103845472267
pr439,ACO,2,4,133912,24.898103845472267
pr439,ACO,2,5,133912,24.898103845472267
pr439,ACO,2,6,133912,24.898103845472267
pr439,ACO,2,7,133912,24.898103845472267
pr439,ACO,2,8,133912,24.898103845472267
pr439,ACO,2,9,133912,24.898103845472267
pr439,ACO,2,10,133912,24.898103845472267
pr439,ACO,2,11,133912,24.898103845472267
pr439,ABC/BCO,1,0,274223,155.76447764813415
pr439,ABC/BCO,1,1,274042,155.59566113582733
pr439,ABC/BCO,1,2,273887,155.45109450926626
pr439,ABC/BCO,1,3,273887,155.45109450926626
pr439,ABC/BCO,1,4,273887,155.45109450926626
pr439,ABC/BCO,1,5,273887,155.45109450926626
pr439,ABC/BCO,1,6,273887,155.45109450926626
pr439,ABC/BCO,1,7,273752,155.32518164097112
pr439,ABC/BCO,1,8,273752,155.32518164097112
pr439,ABC/BCO,1,9,273752,155.32518164097112
pr439,ABC/BCO,1,10,273752,155.32518164097112
pr439,ABC/BCO,1,11,273711,155.28694143652592
pr439,ABC/BCO,1,12,273711,155.28694143652592
pr439,ABC/BCO,1,13,273711,155.28694143652592
pr439,ABC/BCO,1,14,272536,154.19103313840156
pr439,ABC/BCO,1,15,272456,154.11641810533777
pr439,ABC/BCO,1,16,272456,154.11641810533777
pr439,ABC/BCO,1,17,272456,154.11641810533777
pr439,ABC/BCO,1,18,272456,154.11641810533777
pr439,ABC/BCO,1,19,272456,154.11641810533777
pr439,ABC/BCO,1,20,272431,154.09310090750535
pr439,ABC/BCO,1,21,272431,154.09310090750535
pr439,ABC/BCO,1,22,272431,154.09310090750535
pr439,ABC/BCO,1,23,272431,154.09310090750535
pr439,ABC/BCO,1,24,272431,154.09310090750535
pr439,ABC/BCO,1,25,272431,154.09310090750535
pr439,ABC/BCO,1,26,271981,153.67339134652153
pr439,ABC/BCO,1,27,271981,153.67339134652153
pr439,ABC/BCO,1,28,271981,153.67339134652153
pr439,ABC/BCO,1,29,271981,153.67339134652153
pr439,ABC/BCO,2,0,278091,159.37211449676823
pr439,ABC/BCO,2,1,278091,159.37211449676823
pr439,ABC/BCO,2,2,278091,159.37211449676823
pr439,ABC/BCO,2,3,278091,159.37211449676823
pr439,ABC/BCO,2,4,278091,159.37211449676823
pr439,ABC/BCO,2,5,278091,159.37211449676823
pr439,ABC/BCO,2,6,278091,159.37211449676823
pr439,ABC/BCO,2,7,278091,159.37211449676823
pr439,ABC/BCO,2,8,278091,159.37211449676823
pr439,ABC/BCO,2,9,278091,159.37211449676823
pr439,ABC/BCO,2,10,278091,159.37211449676823
pr439,ABC/BCO,2,11,278091,159.37211449676823
pr439,ABC/BCO,2,12,278091,159.37211449676823
pr439,ABC/BCO,2,13,276322,157.72218957814525
pr439,ABC/BCO,2,14,276322,157.72218957814525
pr439,ABC/BCO,2,15,276322,157.72218957814525
pr439,ABC/BCO,2,16,276034,157.45357545911563
pr439,ABC/BCO,2,17,275847,157.27916281932903
pr439,ABC/BCO,2,18,275847,157.27916281932903
pr439,ABC/BCO,2,19,275733,157.17283639721313
pr439,ABC/BCO,2,20,275733,157.17283639721313
pr439,ABC/BCO,2,21,275733,157.17283639721313
pr439,ABC/BCO,2,22,275600,157.04878890474458
pr439,ABC/BCO,2,23,275600,157.04878890474458
pr439,ABC/BCO,2,24,275600,157.04878890474458
pr439,ABC/BCO,2,25,275600,157.04878890474458
pr439,ABC/BCO,2,26,275600,157.04878890474458
pr439,ABC/BCO,2,27,275600,157.04878890474458
pr439,ABC/BCO,2,28,275559,157.01054870029938
pr439,ABC/BCO,2,29,275559,157.01054870029938
pr76,MWI-H,1,0,216045,99.74759382020913
pr76,MWI-H,1,1,216045,99.74759382020913
pr76,MWI-H,1,2,215939,99.64958995552844
pr76,MWI-H,1,3,215863,99.57932303368189
pr76,MWI-H,1,4,215863,99.57932303368189
pr76,MWI-H,1,5,215863,99.57932303368189
pr76,MWI-H,1,6,215863,99.57932303368189
pr76,MWI-H,1,7,215863,99.57932303368189
pr76,MWI-H,1,8,215863,99.57932303368189
pr76,MWI-H,1,9,215833,99.55158609084774
pr76,MWI-H,1,10,215833,99.55158609084774
pr76,MWI-H,1,11,215833,99.55158609084774
pr76,MWI-H,1,12,215833,99.55158609084774
pr76,MWI-H,1,13,215833,99.55158609084774
pr76,MWI-H,1,14,215833,99.55158609084774
pr76,MWI-H,1,15,215833,99.55158609084774
pr76,MWI-H,1,16,215833,99.55158609084774
pr76,MWI-H,1,17,215833,99.55158609084774
pr76,MWI-H,1,18,215220,98.98482789226972
pr76,MWI-H,1,19,215220,98.98482789226972
pr76,MWI-H,1,20,215220,98.98482789226972
pr76,MWI-H,1,21,215220,98.98482789226972
pr76,MWI-H,1,22,215220,98.98482789226972
pr76,MWI-H,1,23,215220,98.98482789226972
pr76,MWI-H,1,24,215220,98.98482789226972
pr76,MWI-H,1,25,215220,98.98482789226972
pr76,MWI-H,1,26,215220,98.98482789226972
pr76,MWI-H,1,27,212037,96.04193825756525
pr76,MWI-H,1,28,212037,96.04193825756525
pr76,MWI-H,1,29,212037,96.04193825756525
pr76,MWI-H,2,0,196100,81.30714965929789
pr76,MWI-H,2,1,196100,81.30714965929789
pr76,MWI-H,2,2,196100,81.30714965929789
pr76,MWI-H,2,3,196100,81.30714965929789
pr76,MWI-H,2,4,196100,81.30714965929789
pr76,MWI-H,2,5,196100,81.30714965929789
pr76,MWI-H,2,6,196100,81.30714965929789
pr76,MWI-H,2,7,196100,81.30714965929789
pr76,MWI-H,2,8,196100,81.30714965929789
pr76,MWI-H,2,9,196030,81.24243012601818
pr76,MWI-H,2,10,196030,81.24243012601818
pr76,MWI-H,2,11,196030,81.24243012601818
pr76,MWI-H,2,12,196030,81.24243012601818
pr76,MWI-H,2,13,196030,81.24243012601818
pr76,MWI-H,2,14,196030,81.24243012601818
pr76,MWI-H,2,15,196030,81.24243012601818
pr76,MWI-H,2,16,196030,81.24243012601818
pr76,MWI-H,2,17,196030,81.24243012601818
pr76,MWI-H,2,18,196030,81.24243012601818
pr76,MWI-H,2,19,196030,81.24243012601818
pr76,MWI-H,2,20,196030,81.24243012601818
pr76,MWI-H,2,21,196030,81.24243012601818
pr76,MWI-H,2,22,196030,81.24243012601818
pr76,MWI-H,2,23,196030,81.24243012601818
pr76,MWI-H,2,24,196030,81.24243012601818
pr76,MWI-H,2,25,195755,80.98817481670504
pr76,MWI-H,2,26,195755,80.98817481670504
pr76,MWI-H,2,27,195755,80.98817481670504
pr76,MWI-H,2,28,195755,80.98817481670504
pr76,MWI-H,2,29,195755,80.98817481670504
pr76,SA,1,0,248453,129.71088859919192
pr76,SA,1,1,248453,129.71088859919192
pr76,SA,1,2,242017,123.76038979650329
pr76,SA,1,3,242017,123.76038979650329
pr76,SA,1,4,242017,123.76038979650329
pr76,SA,1,5,242017,123.76038979650329
pr76,SA,1,6,242017,123.76038979650329
pr76,SA,1,7,242017,123.76038979650329
pr76,SA,1,8,242017,123.76038979650329
pr76,SA,1,9,242017,123.76038979650329
pr76,SA,1,10,242017,123.76038979650329
pr76,SA,1,11,242017,123.76038979650329
pr76,SA,1,12,242017,123.76038979650329
pr76,SA,1,13,242017,123.76038979650329
pr76,SA,1,14,242017,123.76038979650329
pr76,SA,1,15,242017,123.76038979650329
pr76,SA,1,16,242017,123.76038979650329
pr76,SA,1,17,242017,123.76038979650329
pr76,SA,1,18,242017,123.76038979650329
pr76,SA,1,19,242017,123.76038979650329
pr76,SA,1,20,242017,123.76038979650329
pr76,SA,1,21,242017,123.76038979650329
pr76,SA,1,22,242017,123.76038979650329
pr76,SA,1,23,242017,123.76038979650329
pr76,SA,1,24,242017,123.76038979650329
pr76,SA,1,25,242017,123.76038979650329
pr76,SA,1,26,242017,123.76038979650329
pr76,SA,1,27,242017,123.76038979650329
pr76,SA,1,28,242017,123.76038979650329
pr76,SA,1,29,242017,123.76038979650329
pr76,SA,1,30,242017,123.76038979650329
pr76,SA,1,31,242017,123.76038979650329
pr76,SA,1,32,242017,123.76038979650329
pr76,SA,1,33,242017,123.76038979650329
pr76,SA,1,34,241674,123.44326408343272
pr76,SA,1,35,237777,119.84023520927524
pr76,SA,1,36,237777,119.84023520927524
pr76,SA,1,37,237777,119.84023520927524
pr76,SA,1,38,237777,119.84023520927524
pr76,SA,1,39,237777,119.84023520927524
pr76,SA,1,40,237777,119.84023520927524
pr76,SA,1,41,237777,119.84023520927524
pr76,SA,1,42,237777,119.84023520927524
pr76,SA,1,43,236605,118.75664530922069
pr76,SA,1,44,236605,118.75664530922069
pr76,SA,1,45,236605,118.75664530922069
pr76,SA,1,46,235293,117.54361634260671
pr76,SA,1,47,233192,115.60110577945431
pr76,SA,1,48,233192,115.60110577945431
pr76,SA,1,49,233192,115.60110577945431
pr76,SA,1,50,233192,115.60110577945431
pr76,SA,1,51,233192,115.60110577945431
pr76,SA,1,52,233192,115.60110577945431
pr76,SA,1,53,233192,115.60110577945431
pr76,SA,1,54,233192,115.60110577945431
pr76,SA,1,55,233192,115.60110577945431
pr76,SA,1,56,233192,115.60110577945431
pr76,SA,1,57,233192,115.60110577945431
pr76,SA,1,58,233192,115.60110577945431
pr76,SA,1,59,233192,115.60110577945431
pr76,SA,1,60,233192,115.60110577945431
pr76,SA,1,61,233192,115.60110577945431
pr76,SA,1,62,233192,115.60110577945431
pr76,SA,1,63,233192,115.60110577945431
pr76,SA,1,64,233192,115.60110577945431
pr76,SA,1,65,233192,115.60110577945431
pr76,SA,1,66,233192,115.60110577945431
pr76,SA,1,67,233192,115.60110577945431
pr76,SA,1,68,227897,110.70553536922493
pr76,SA,1,69,227897,110.70553536922493
pr76,SA,1,70,227897,110.70553536922493
pr76,SA,1,71,227897,110.70553536922493
pr76,SA,1,72,227897,110.70553536922493
pr76,SA,1,73,227897,110.70553536922493
pr76,SA,1,74,227897,110.70553536922493
pr76,SA,1,75,227897,110.70553536922493
pr76,SA,1,76,227897,110.70553536922493
pr76,SA,1,77,227020,109.89469207370631
pr76,SA,1,78,227020,109.89469207370631
pr76,SA,1,79,227020,109.89469207370631
pr76,SA,1,80,227020,109.89469207370631
pr76,SA,1,81,227020,109.89469207370631
pr76,SA,1,82,227020,109.89469207370631
pr76,SA,1,83,226721,109.61824721012583
pr76,SA,1,84,226721,109.61824721012583
pr76,SA,1,85,226721,109.61824721012583
pr76,SA,1,86,226721,109.61824721012583
pr76,SA,1,87,226721,109.61824721012583
pr76,SA,1,88,226721,109.61824721012583
pr76,SA,1,89,226721,109.61824721012583
pr76,SA,1,90,226721,109.61824721012583
pr76,SA,1,91,226721,109.61824721012583
pr76,SA,1,92,226721,109.61824721012583
pr76,SA,1,93,226721,109.61824721012583
pr76,SA,1,94,226721,109.61824721012583
pr76,SA,1,95,226721,109.61824721012583
pr76,SA,1,96,226721,109.61824721012583
pr76,SA,1,97,226721,109.61824721012583
pr76,SA,1,98,226721,109.61824721012583
pr76,SA,1,99,226721,109.61824721012583
pr76,SA,1,100,226721,109.61824721012583
pr76,SA,1,101,226721,109.61824721012583
pr76,SA,1,102,226721,109.61824721012583
pr76,SA,1,103,226721,109.61824721012583
pr76,SA,1,104,226721,109.61824721012583
pr76,SA,1,105,226721,109.61824721012583
pr76,SA,1,106,226721,109.61824721012583
pr76,SA,1,107,226226,109.16058765336219
pr76,SA,1,108,226226,109.16058765336219
pr76,SA,1,109,226226,109.16058765336219
pr76,SA,1,110,226226,109.16058765336219
pr76,SA,1,111,226226,109.16058765336219
pr76,SA,1,112,226226,109.16058765336219
pr76,SA,1,113,226226,109.16058765336219
pr76,SA,1,114,226226,109.16058765336219
pr76,SA,1,115,226226,109.16058765336219
pr76,SA,1,116,226226,109.16058765336219
pr76,SA,1,117,226226,109.16058765336219
pr76,SA,1,118,226226,109.16058765336219
pr76,SA,1,119,226226,109.16058765336219
pr76,SA,1,120,225936,108.89246387263196
pr76,SA,1,121,225936,108.89246387263196
pr76,SA,1,122,225936,108.89246387263196
pr76,SA,1,123,225936,108.89246387263196
pr76,SA,1,124,225936,108.89246387263196
pr76,SA,1,125,225936,108.89246387263196
pr76,SA,1,126,225936,108.89246387263196
pr76,SA,1,127,225936,108.89246387263196
pr76,SA,1,128,225936,108.89246387263196
pr76,SA,1,129,225936,108.89246387263196
pr76,SA,1,130,225936,108.89246387263196
pr76,SA,1,131,225936,108.89246387263196
pr76,SA,1,132,225936,108.89246387263196
pr76,SA,1,133,225936,108.89246387263196
pr76,SA,1,134,225936,108.89246387263196
pr76,SA,1,135,225936,108.89246387263196
pr76,SA,1,136,225936,108.89246387263196
pr76,SA,1,137,225936,108.89246387263196
pr76,SA,1,138,225936,108.89246387263196
pr76,SA,1,139,225936,108.89246387263196
pr76,SA,1,140,225936,108.89246387263196
pr76,SA,1,141,225936,108.89246387263196
pr76,SA,1,142,225936,108.89246387263196
pr76,SA,1,143,225936,108.89246387263196
pr76,SA,1,144,225936,108.89246387263196
pr76,SA,1,145,225936,108.89246387263196
pr76,SA,1,146,225534,108.5207888386542
pr76,SA,1,147,225534,108.5207888386542
pr76,SA,1,148,225534,108.5207888386542
pr76,SA,1,149,225534,108.5207888386542
pr76,SA,1,150,225534,108.5207888386542
pr76,SA,1,151,225534,108.5207888386542
pr76,SA,1,152,225534,108.5207888386542
pr76,SA,1,153,225534,108.5207888386542
pr76,SA,1,154,225534,108.5207888386542
pr76,SA,1,155,225534,108.5207888386542
pr76,SA,1,156,225534,108.5207888386542
pr76,SA,1,157,225534,108.5207888386542
pr76,SA,1,158,225534,108.5207888386542
pr76,SA,1,159,225534,108.5207888386542
pr76,SA,1,160,225534,108.5207888386542
pr76,SA,1,161,225534,108.5207888386542
pr76,SA,1,162,225534,108.5207888386542
pr76,SA,1,163,225534,108.5207888386542
pr76,SA,1,164,225534,108.5207888386542
pr76,SA,1,165,225534,108.5207888386542
pr76,SA,1,166,225534,108.5207888386542
pr76,SA,1,167,225534,108.5207888386542
pr76,SA,1,168,225534,108.5207888386542
pr76,SA,1,169,225534,108.5207888386542
pr76,SA,1,170,225534,108.5207888386542
pr76,SA,1,171,225534,108.5207888386542
pr76,SA,1,172,225534,108.5207888386542
pr76,SA,1,173,225534,108.5207888386542
pr76,SA,1,174,225534,108.5207888386542
pr76,SA,1,175,225534,108.5207888386542
pr76,SA,1,176,225534,108.5207888386542
pr76,SA,1,177,225534,108.5207888386542
pr76,SA,1,178,225534,108.5207888386542
pr76,SA,1,179,225534,108.5207888386542
pr76,SA,1,180,225534,108.5207888386542
pr76,SA,1,181,225534,108.5207888386542
pr76,SA,1,182,225534,108.5207888386542
pr76,SA,1,183,225534,108.5207888386542
pr76,SA,1,184,225534,108.5207888386542
pr76,SA,1,185,225534,108.5207888386542
pr76,SA,1,186,225534,108.5207888386542
pr76,SA,1,187,225534,108.5207888386542
pr76,SA,1,188,225534,108.5207888386542
pr76,SA,1,189,225534,108.5207888386542
pr76,SA,1,190,225534,108.5207888386542
pr76,SA,1,191,225534,108.5207888386542
pr76,SA,1,192,225534,108.5207888386542
pr76,SA,1,193,225534,108.5207888386542
pr76,SA,1,194,225534,108.5207888386542
pr76,SA,1,195,225534,108.5207888386542
pr76,SA,1,196,225534,108.5207888386542
pr76,SA,1,197,225534,108.5207888386542
pr76,SA,1,198,225534,108.5207888386542
pr76,SA,1,199,225534,108.5207888386542
pr76,SA,1,200,225534,108.5207888386542
pr76,SA,1,201,225534,108.5207888386542
pr76,SA,1,202,225534,108.5207888386542
pr76,SA,1,203,225534,108.5207888386542
pr76,SA,1,204,225534,108.5207888386542
pr76,SA,1,205,225534,108.5207888386542
pr76,SA,1,206,225534,108.5207888386542
pr76,SA,1,207,225534,108.5207888386542
pr76,SA,1,208,225534,108.5207888386542
pr76,SA,1,209,225534,108.5207888386542
pr76,SA,1,210,225534,108.5207888386542
pr76,SA,1,211,225534,108.5207888386542
pr76,SA,1,212,225534,108.5207888386542
pr76,SA,1,213,225534,108.5207888386542
pr76,SA,1,214,225534,108.5207888386542
pr76,SA,1,215,225534,108.5207888386542
pr76,SA,1,216,225534,108.5207888386542
pr76,SA,1,217,225534,108.5207888386542
pr76,SA,1,218,225534,108.5207888386542
pr76,SA,1,219,225534,108.5207888386542
pr76,SA,1,220,225534,108.5207888386542
pr76,SA,1,221,225534,108.5207888386542
pr76,SA,1,222,225534,108.5207888386542
pr76,SA,1,223,225534,108.5207888386542
pr76,SA,1,224,225534,108.5207888386542
pr76,SA,1,225,225534,108.5207888386542
pr76,SA,1,226,225534,108.5207888386542
pr76,SA,1,227,225534,108.5207888386542
pr76,SA,1,228,225534,108.5207888386542
pr76,SA,1,229,225534,108.5207888386542
pr76,SA,1,230,225534,108.5207888386542
pr76,SA,1,231,225534,108.5207888386542
pr76,SA,1,232,225534,108.5207888386542
pr76,SA,1,233,225534,108.5207888386542
pr76,SA,1,234,225534,108.5207888386542
pr76,SA,1,235,225534,108.5207888386542
pr76,SA,1,236,225534,108.5207888386542
pr76,SA,1,237,225534,108.5207888386542
pr76,SA,1,238,225534,108.5207888386542
pr76,SA,1,239,225534,108.5207888386542
pr76,SA,1,240,225534,108.5207888386542
pr76,SA,1,241,225534,108.5207888386542
pr76,SA,1,242,225534,108.5207888386542
pr76,SA,1,243,225534,108.5207888386542
pr76,SA,1,244,225534,108.5207888386542
pr76,SA,1,245,225534,108.5207888386542
pr76,SA,1,246,225534,108.5207888386542
pr76,SA,1,247,225534,108.5207888386542
pr76,SA,1,248,220397,103.77129966068473
pr76,SA,1,249,220137,103.53091282278868
pr76,SA,2,0,217559,101.14738486857311
pr76,SA,2,1,217559,101.14738486857311
pr76,SA,2,2,217559,101.14738486857311
pr76,SA,2,3,217559,101.14738486857311
pr76,SA,2,4,217559,101.14738486857311
pr76,SA,2,5,217559,101.14738486857311
pr76,SA,2,6,217559,101.14738486857311
pr76,SA,2,7,217559,101.14738486857311
pr76,SA,2,8,217559,101.14738486857311
pr76,SA,2,9,217559,101.14738486857311
pr76,SA,2,10,217559,101.14738486857311
pr76,SA,2,11,217559,101.14738486857311
pr76,SA,2,12,217559,101.14738486857311
pr76,SA,2,13,217559,101.14738486857311
pr76,SA,2,14,217559,101.14738486857311
pr76,SA,2,15,217559,101.14738486857311
pr76,SA,2,16,217559,101.14738486857311
pr76,SA,2,17,217559,101.14738486857311
pr76,SA,2,18,217559,101.14738486857311
pr76,SA,2,19,217559,101.14738486857311
pr76,SA,2,20,217559,101.14738486857311
pr76,SA,2,21,217559,101.14738486857311
pr76,SA,2,22,217559,101.14738486857311
pr76,SA,2,23,217559,101.14738486857311
pr76,SA,2,24,217559,101.14738486857311
pr76,SA,2,25,217559,101.14738486857311
pr76,SA,2,26,217559,101.14738486857311
pr76,SA,2,27,217559,101.14738486857311
pr76,SA,2,28,217559,101.14738486857311
pr76,SA,2,29,217559,101.14738486857311
pr76,SA,2,30,217559,101.14738486857311
pr76,SA,2,31,217559,101.14738486857311
pr76,SA,2,32,217086,100.71006573655451
pr76,SA,2,33,217086,100.71006573655451
pr76,SA,2,34,217086,100.71006573655451
pr76,SA,2,35,217086,100.71006573655451
pr76,SA,2,36,217086,100.71006573655451
pr76,SA,2,37,217086,100.71006573655451
pr76,SA,2,38,214950,98.73519540676227
pr76,SA,2,39,214950,98.73519540676227
pr76,SA,2,40,214950,98.73519540676227
pr76,SA,2,41,214950,98.73519540676227
pr76,SA,2,42,214950,98.73519540676227
pr76,SA,2,43,214950,98.73519540676227
pr76,SA,2,44,214950,98.73519540676227
pr76,SA,2,45,214950,98.73519540676227
pr76,SA,2,46,214950,98.73519540676227
pr76,SA,2,47,214950,98.73519540676227
pr76,SA,2,48,214950,98.73519540676227
pr76,SA,2,49,214950,98.73519540676227
pr76,SA,2,50,211778,95.80247598443033
pr76,SA,2,51,211778,95.80247598443033
pr76,SA,2,52,211778,95.80247598443033
pr76,SA,2,53,211778,95.80247598443033
pr76,SA,2,54,211778,95.80247598443033
pr76,SA,2,55,211778,95.80247598443033
pr76,SA,2,56,211778,95.80247598443033
pr76,SA,2,57,211778,95.80247598443033
pr76,SA,2,58,211778,95.80247598443033
pr76,SA,2,59,211778,95.80247598443033
pr76,SA,2,60,211778,95.80247598443033
pr76,SA,2,61,211778,95.80247598443033
pr76,SA,2,62,211778,95.80247598443033
pr76,SA,2,63,211778,95.80247598443033
pr76,SA,2,64,211778,95.80247598443033
pr76,SA,2,65,211778,95.80247598443033
pr76,SA,2,66,211778,95.80247598443033
pr76,SA,2,67,211778,95.80247598443033
pr76,SA,2,68,211778,95.80247598443033
pr76,SA,2,69,211778,95.80247598443033
pr76,SA,2,70,211778,95.80247598443033
pr76,SA,2,71,211778,95.80247598443033
pr76,SA,2,72,211778,95.80247598443033
pr76,SA,2,73,211778,95.80247598443033
pr76,SA,2,74,211778,95.80247598443033
pr76,SA,2,75,211778,95.80247598443033
pr76,SA,2,76,211778,95.80247598443033
pr76,SA,2,77,211778,95.80247598443033
pr76,SA,2,78,211778,95.80247598443033
pr76,SA,2,79,211424,95.47518005898723
pr76,SA,2,80,211424,95.47518005898723
pr76,SA,2,81,211424,95.47518005898723
pr76,SA,2,82,211424,95.47518005898723
pr76,SA,2,83,211424,95.47518005898723
pr76,SA,2,84,209193,93.4124760768868
pr76,SA,2,85,209193,93.4124760768868
pr76,SA,2,86,209193,93.4124760768868
pr76,SA,2,87,209193,93.4124760768868
pr76,SA,2,88,209193,93.4124760768868
pr76,SA,2,89,209193,93.4124760768868
pr76,SA,2,90,209193,93.4124760768868
pr76,SA,2,91,209193,93.4124760768868
pr76,SA,2,92,209193,93.4124760768868
pr76,SA,2,93,209193,93.4124760768868
pr76,SA,2,94,209193,93.4124760768868
pr76,SA,2,95,209193,93.4124760768868
pr76,SA,2,96,209193,93.4124760768868
pr76,SA,2,97,209193,93.4124760768868
pr76,SA,2,98,209193,93.4124760768868
pr76,SA,2,99,209193,93.4124760768868
pr76,SA,2,100,209193,93.4124760768868
pr76,SA,2,101,209193,93.4124760768868
pr76,SA,2,102,209193,93.4124760768868
pr76,SA,2,103,209193,93.4124760768868
pr76,SA,2,104,209193,93.4124760768868
pr76,SA,2,105,209193,93.4124760768868
pr76,SA,2,106,208074,92.3778881091726
pr76,SA,2,107,208074,92.3778881091726
pr76,SA,2,108,208074,92.3778881091726
pr76,SA,2,109,208074,92.3778881091726
pr76,SA,2,110,208074,92.3778881091726
pr76,SA,2,111,208074,92.3778881091726
pr76,SA,2,112,208074,92.3778881091726
pr76,SA,2,113,208074,92.3778881091726
pr76,SA,2,114,208074,92.3778881091726
pr76,SA,2,115,208074,92.3778881091726
pr76,SA,2,116,208074,92.3778881091726
pr76,SA,2,117,208074,92.3778881091726
pr76,SA,2,118,208074,92.3778881091726
pr76,SA,2,119,208074,92.3778881091726
pr76,SA,2,120,208074,92.3778881091726
pr76,SA,2,121,208074,92.3778881091726
pr76,SA,2,122,208074,92.3778881091726
pr76,SA,2,123,208074,92.3778881091726
pr76,SA,2,124,208074,92.3778881091726
pr76,SA,2,125,206991,91.3765844728594
pr76,SA,2,126,206991,91.3765844728594
pr76,SA,2,127,206991,91.3765844728594
pr76,SA,2,128,206991,91.3765844728594
pr76,SA,2,129,206991,91.3765844728594
pr76,SA,2,130,206991,91.3765844728594
pr76,SA,2,131,206991,91.3765844728594
pr76,SA,2,132,206991,91.3765844728594
pr76,SA,2,133,206991,91.3765844728594
pr76,SA,2,134,206991,91.3765844728594
pr76,SA,2,135,206991,91.3765844728594
pr76,SA,2,136,206991,91.3765844728594
pr76,SA,2,137,206991,91.3765844728594
pr76,SA,2,138,206991,91.3765844728594
pr76,SA,2,139,206991,91.3765844728594
pr76,SA,2,140,206991,91.3765844728594
pr76,SA,2,141,206991,91.3765844728594
pr76,SA,2,142,204238,88.83125768544458
pr76,SA,2,143,204238,88.83125768544458
pr76,SA,2,144,204238,88.83125768544458
pr76,SA,2,145,204238,88.83125768544458
pr76,SA,2,146,204238,88.83125768544458
pr76,SA,2,147,204238,88.83125768544458
pr76,SA,2,148,204238,88.83125768544458
pr76,SA,2,149,204238,88.83125768544458
pr76,SA,2,150,204238,88.83125768544458
pr76,SA,2,151,204238,88.83125768544458
pr76,SA,2,152,204238,88.83125768544458
pr76,SA,2,153,204238,88.83125768544458
pr76,SA,2,154,204238,88.83125768544458
pr76,SA,2,155,204238,88.83125768544458
pr76,SA,2,156,204238,88.83125768544458
pr76,SA,2,157,204238,88.83125768544458
pr76,SA,2,158,204238,88.83125768544458
pr76,SA,2,159,204238,88.83125768544458
pr76,SA,2,160,204238,88.83125768544458
pr76,SA,2,161,204238,88.83125768544458
pr76,SA,2,162,204238,88.83125768544458
pr76,SA,2,163,204238,88.83125768544458
pr76,SA,2,164,204238,88.83125768544458
pr76,SA,2,165,204238,88.83125768544458
pr76,SA,2,166,203199,87.87063489862147
pr76,SA,2,167,203199,87.87063489862147
pr76,SA,2,168,203199,87.87063489862147
pr76,SA,2,169,203199,87.87063489862147
pr76,SA,2,170,203199,87.87063489862147
pr76,SA,2,171,203199,87.87063489862147
pr76,SA,2,172,203199,87.87063489862147
pr76,SA,2,173,203199,87.87063489862147
pr76,SA,2,174,203199,87.87063489862147
pr76,SA,2,175,203199,87.87063489862147
pr76,SA,2,176,203199,87.87063489862147
pr76,SA,2,177,203199,87.87063489862147
pr76,SA,2,178,203199,87.87063489862147
pr76,SA,2,179,203199,87.87063489862147
pr76,SA,2,180,203199,87.87063489862147
pr76,SA,2,181,203199,87.87063489862147
pr76,SA,2,182,203199,87.87063489862147
pr76,SA,2,183,203199,87.87063489862147
pr76,SA,2,184,203199,87.87063489862147
pr76,SA,2,185,203199,87.87063489862147
pr76,SA,2,186,203199,87.87063489862147
pr76,SA,2,187,203199,87.87063489862147
pr76,SA,2,188,203199,87.87063489862147
pr76,SA,2,189,203199,87.87063489862147
pr76,SA,2,190,203199,87.87063489862147
pr76,SA,2,191,202888,87.58309525790735
pr76,SA,2,192,202888,87.58309525790735
pr76,SA,2,193,202888,87.58309525790735
pr76,SA,2,194,202888,87.58309525790735
pr76,SA,2,195,202888,87.58309525790735
pr76,SA,2,196,202888,87.58309525790735
pr76,SA,2,197,202888,87.58309525790735
pr76,SA,2,198,202888,87.58309525790735
pr76,SA,2,199,202888,87.58309525790735
pr76,SA,2,200,202888,87.58309525790735
pr76,SA,2,201,202888,87.58309525790735
pr76,SA,2,202,202888,87.58309525790735
pr76,SA,2,203,202888,87.58309525790735
pr76,SA,2,204,202888,87.58309525790735
pr76,SA,2,205,202888,87.58309525790735
pr76,SA,2,206,202888,87.58309525790735
pr76,SA,2,207,202888,87.58309525790735
pr76,SA,2,208,202888,87.58309525790735
pr76,SA,2,209,202888,87.58309525790735
pr76,SA,2,210,202888,87.58309525790735
pr76,SA,2,211,202888,87.58309525790735
pr76,SA,2,212,202888,87.58309525790735
pr76,SA,2,213,202888,87.58309525790735
pr76,SA,2,214,202888,87.58309525790735
pr76,SA,2,215,202888,87.58309525790735
pr76,SA,2,216,202888,87.58309525790735
pr76,SA,2,217,202888,87.58309525790735
pr76,SA,2,218,202888,87.58309525790735
pr76,SA,2,219,202888,87.58309525790735
pr76,SA,2,220,202888,87.58309525790735
pr76,SA,2,221,202888,87.58309525790735
pr76,SA,2,222,202888,87.58309525790735
pr76,SA,2,223,202888,87.58309525790735
pr76,SA,2,224,202888,87.58309525790735
pr76,SA,2,225,202888,87.58309525790735
pr76,SA,2,226,202888,87.58309525790735
pr76,SA,2,227,202888,87.58309525790735
pr76,SA,2,228,202888,87.58309525790735
pr76,SA,2,229,202888,87.58309525790735
pr76,SA,2,230,202888,87.58309525790735
pr76,SA,2,231,202888,87.58309525790735
pr76,SA,2,232,202888,87.58309525790735
pr76,SA,2,233,202888,87.58309525790735
pr76,SA,2,234,202888,87.58309525790735
pr76,SA,2,235,202888,87.58309525790735
pr76,SA,2,236,202888,87.58309525790735
pr76,SA,2,237,202888,87.58309525790735
pr76,SA,2,238,202888,87.58309525790735
pr76,SA,2,239,202888,87.58309525790735
pr76,SA,2,240,202888,87.58309525790735
pr76,SA,2,241,202888,87.58309525790735
pr76,SA,2,242,202888,87.58309525790735
pr76,SA,2,243,202888,87.58309525790735
pr76,SA,2,244,202888,87.58309525790735
pr76,SA,2,245,202888,87.58309525790735
pr76,SA,2,246,202888,87.58309525790735
pr76,SA,2,247,202888,87.58309525790735
pr76,SA,2,248,202888,87.58309525790735
pr76,SA,2,249,202888,87.58309525790735
pr76,GA,1,0,262728,142.90905056444677
pr76,GA,1,1,262728,142.90905056444677
pr76,GA,1,2,262728,142.90905056444677
pr76,GA,1,3,262526,142.72228848269677
pr76,GA,1,4,257916,138.4600449338474
pr76,GA,1,5,256008,136.69597536959478
pr76,GA,1,6,255660,136.3742268327185
pr76,GA,1,7,255660,136.3742268327185
pr76,GA,1,8,255660,136.3742268327185
pr76,GA,1,9,255660,136.3742268327185
pr76,GA,1,10,255660,136.3742268327185
pr76,GA,1,11,255660,136.3742268327185
pr76,GA,1,12,255660,136.3742268327185
pr76,GA,1,13,255660,136.3742268327185
pr76,GA,1,14,255660,136.3742268327185
pr76,GA,1,15,255660,136.3742268327185
pr76,GA,1,16,255660,136.3742268327185
pr76,GA,1,17,251362,132.4004474893444
pr76,GA,1,18,251362,132.4004474893444
pr76,GA,1,19,250975,132.04264092678372
pr76,GA,1,20,250975,132.04264092678372
pr76,GA,1,21,250975,132.04264092678372
pr76,GA,1,22,249359,130.54854427278357
pr76,GA,1,23,249359,130.54854427278357
pr76,GA,1,24,249359,130.54854427278357
pr76,GA,1,25,246903,128.27781321942695
pr76,GA,1,26,240947,122.7711055020849
pr76,GA,1,27,240947,122.7711055020849
pr76,GA,1,28,240337,122.20712099779028
pr76,GA,1,29,240337,122.20712099779028
pr76,GA,2,0,271443,150.96663245777052
pr76,GA,2,1,271443,150.96663245777052
pr76,GA,2,2,271443,150.96663245777052
pr76,GA,2,3,271443,150.96663245777052
pr76,GA,2,4,271443,150.96663245777052
pr76,GA,2,5,271443,150.96663245777052
pr76,GA,2,6,271443,150.96663245777052
pr76,GA,2,7,271443,150.96663245777052
pr76,GA,2,8,271443,150.96663245777052
pr76,GA,2,9,270564,150.1539400327296
pr76,GA,2,10,270564,150.1539400327296
pr76,GA,2,11,270564,150.1539400327296
pr76,GA,2,12,268333,148.09123605062916
pr76,GA,2,13,261540,141.81066762821402
pr76,GA,2,14,261540,141.81066762821402
pr76,GA,2,15,261540,141.81066762821402
pr76,GA,2,16,261540,141.81066762821402
pr76,GA,2,17,261540,141.81066762821402
pr76,GA,2,18,260546,140.89165025564216
pr76,GA,2,19,257056,137.6649192392681
pr76,GA,2,20,257056,137.6649192392681
pr76,GA,2,21,257056,137.6649192392681
pr76,GA,2,22,254420,135.22776652890653
pr76,GA,2,23,254420,135.22776652890653
pr76,GA,2,24,254420,135.22776652890653
pr76,GA,2,25,254420,135.22776652890653
pr76,GA,2,26,254420,135.22776652890653
pr76,GA,2,27,253856,134.7063120036243
pr76,GA,2,28,253856,134.7063120036243
pr76,GA,2,29,253856,134.7063120036243
pr76,ACO,1,0,153663,42.07139489085513
pr76,ACO,1,1,153663,42.07139489085513
pr76,ACO,1,2,150855,39.47521704157768
pr76,ACO,1,3,142951,32.16745716953744
pr76,ACO,1,4,137915,27.51134903244298
pr76,ACO,1,5,137915,27.51134903244298
pr76,ACO,1,6,137915,27.51134903244298
pr76,ACO,1,7,137915,27.51134903244298
pr76,ACO,1,8,137915,27.51134903244298
pr76,ACO,1,9,137252,26.898362595808024
pr76,ACO,1,10,135673,25.438474837970027
pr76,ACO,1,11,135673,25.438474837970027
pr76,ACO,2,0,153150,41.59709316839098
pr76,ACO,2,1,152192,40.71136012722011
pr76,ACO,2,2,145467,34.4936621085624
pr76,ACO,2,3,145467,34.4936621085624
pr76,ACO,2,4,144403,33.509925202710825
pr76,ACO,2,5,144359,33.469244353220724
pr76,ACO,2,6,144359,33.469244353220724
pr76,ACO,2,7,144122,33.25012250483085
pr76,ACO,2,8,144122,33.25012250483085
pr76,ACO,2,9,132138,22.17013840734474
pr76,ACO,2,10,132138,22.17013840734474
pr76,ACO,2,11,132138,22.17013840734474
pr76,ABC/BCO,1,0,251261,132.30706644846939
pr76,ABC/BCO,1,1,242074,123.8130899878882
pr76,ABC/BCO,1,2,240612,122.46137630710344
pr76,ABC/BCO,1,3,239956,121.85486182379645
pr76,ABC/BCO,1,4,239956,121.85486182379645
pr76,ABC/BCO,1,5,235122,117.385515768452
pr76,ABC/BCO,1,6,234663,116.96114054308934
pr76,ABC/BCO,1,7,233661,116.03472665242838
pr76,ABC/BCO,1,8,232782,115.22203422738745
pr76,ABC/BCO,1,9,231359,113.9063785722871
pr76,ABC/BCO,1,10,221506,104.79664198078754
pr76,ABC/BCO,1,11,214412,98.23777956526965
pr76,ABC/BCO,1,12,213975,97.83374476465204
pr76,ABC/BCO,1,13,213342,97.24849527085125
pr76,ABC/BCO,1,14,210269,94.40730775987204
pr76,ABC/BCO,1,15,208380,92.66080492608104
pr76,ABC/BCO,1,16,207383,91.73901385922576
pr76,ABC/BCO,1,17,207383,91.73901385922576
pr76,ABC/BCO,1,18,206890,91.28320343198439
pr76,ABC/BCO,1,19,204865,89.41095979067853
pr76,ABC/BCO,1,20,202127,86.8795014746808
pr76,ABC/BCO,1,21,202127,86.8795014746808
pr76,ABC/BCO,1,22,201346,86.15741639623147
pr76,ABC/BCO,1,23,198486,83.5131611793748
pr76,ABC/BCO,1,24,198486,83.5131611793748
pr76,ABC/BCO,1,25,195979,81.1952773232001
pr76,ABC/BCO,1,26,195979,81.1952773232001
pr76,ABC/BCO,1,27,191446,77.0042252609584
pr76,ABC/BCO,1,28,191446,77.0042252609584
pr76,ABC/BCO,1,29,191446,77.0042252609584
pr76,ABC/BCO,2,0,234446,116.76050998992224
pr76,ABC/BCO,2,1,233593,115.97185624867093
pr76,ABC/BCO,2,2,233308,115.70835529174641
pr76,ABC/BCO,2,3,222094,105.34028606033709
pr76,ABC/BCO,2,4,218549,102.06270398210043
pr76,ABC/BCO,2,5,215955,99.66438299170666
pr76,ABC/BCO,2,6,213695,97.57486663153321
pr76,ABC/BCO,2,7,210716,94.82058820810104
pr76,ABC/BCO,2,8,210716,94.82058820810104
pr76,ABC/BCO,2,9,210716,94.82058820810104
pr76,ABC/BCO,2,10,208199,92.49345870431495
pr76,ABC/BCO,2,11,208199,92.49345870431495
pr76,ABC/BCO,2,12,206749,91.15283980066384
pr76,ABC/BCO,2,13,206706,91.11308351593487
pr76,ABC/BCO,2,14,206706,91.11308351593487
pr76,ABC/BCO,2,15,205977,90.43907580506476
pr76,ABC/BCO,2,16,205977,90.43907580506476
pr76,ABC/BCO,2,17,205977,90.43907580506476
pr76,ABC/BCO,2,18,204891,89.43499847446814
pr76,ABC/BCO,2,19,201840,86.61415138823399
pr76,ABC/BCO,2,20,201840,86.61415138823399
pr76,ABC/BCO,2,21,201840,86.61415138823399
pr76,ABC/BCO,2,22,198492,83.51870856794164
pr76,ABC/BCO,2,23,198492,83.51870856794164
pr76,ABC/BCO,2,24,198492,83.51870856794164
pr76,ABC/BCO,2,25,198453,83.48265054225723
pr76,ABC/BCO,2,26,194413,79.74740890725691
pr76,ABC/BCO,2,27,194413,79.74740890725691
pr76,ABC/BCO,2,28,194413,79.74740890725691
pr76,ABC/BCO,2,29,194350,79.68916132730517
rat99,MWI-H,1,0,2156,78.03468208092485
rat99,MWI-H,1,1,2156,78.03468208092485
rat99,MWI-H,1,2,2156,78.03468208092485
rat99,MWI-H,1,3,2156,78.03468208092485
rat99,MWI-H,1,4,2156,78.03468208092485
rat99,MWI-H,1,5,2156,78.03468208092485
rat99,MWI-H,1,6,2156,78.03468208092485
rat99,MWI-H,1,7,2156,78.03468208092485
rat99,MWI-H,1,8,2156,78.03468208092485
rat99,MWI-H,1,9,2156,78.03468208092485
rat99,MWI-H,1,10,2156,78.03468208092485
rat99,MWI-H,1,11,2156,78.03468208092485
rat99,MWI-H,1,12,2156,78.03468208092485
rat99,MWI-H,1,13,2156,78.03468208092485
rat99,MWI-H,1,14,2156,78.03468208092485
rat99,MWI-H,1,15,2156,78.03468208092485
rat99,MWI-H,1,16,2156,78.03468208092485
rat99,MWI-H,1,17,2156,78.03468208092485
rat99,MWI-H,1,18,2156,78.03468208092485
rat99,MWI-H,1,19,2156,78.03468208092485
rat99,MWI-H,1,20,2156,78.03468208092485
rat99,MWI-H,1,21,2156,78.03468208092485
rat99,MWI-H,1,22,2156,78.03468208092485
rat99,MWI-H,1,23,2156,78.03468208092485
rat99,MWI-H,1,24,2156,78.03468208092485
rat99,MWI-H,1,25,2156,78.03468208092485
rat99,MWI-H,1,26,2156,78.03468208092485
rat99,MWI-H,1,27,2156,78.03468208092485
rat99,MWI-H,1,28,2156,78.03468208092485
rat99,MWI-H,1,29,2156,78.03468208092485
rat99,MWI-H,2,0,2159,78.2824112303881
rat99,MWI-H,2,1,2159,78.2824112303881
rat99,MWI-H,2,2,2159,78.2824112303881
rat99,MWI-H,2,3,2159,78.2824112303881
rat99,MWI-H,2,4,2159,78.2824112303881
rat99,MWI-H,2,5,2159,78.2824112303881
rat99,MWI-H,2,6,2159,78.2824112303881
rat99,MWI-H,2,7,2159,78.2824112303881
rat99,MWI-H,2,8,2159,78.2824112303881
rat99,MWI-H,2,9,2159,78.2824112303881
rat99,MWI-H,2,10,2159,78.2824112303881
rat99,MWI-H,2,11,2159,78.2824112303881
rat99,MWI-H,2,12,2159,78.2824112303881
rat99,MWI-H,2,13,2159,78.2824112303881
rat99,MWI-H,2,14,2159,78.2824112303881
rat99,MWI-H,2,15,2159,78.2824112303881
rat99,MWI-H,2,16,2159,78.2824112303881
rat99,MWI-H,2,17,2159,78.2824112303881
rat99,MWI-H,2,18,2153,77.7869529314616
rat99,MWI-H,2,19,2153,77.7869529314616
rat99,MWI-H,2,20,2153,77.7869529314616
rat99,MWI-H,2,21,2153,77.7869529314616
rat99,MWI-H,2,22,2153,77.7869529314616
rat99,MWI-H,2,23,2118,74.89677952105698
rat99,MWI-H,2,24,2118,74.89677952105698
rat99,MWI-H,2,25,2118,74.89677952105698
rat99,MWI-H,2,26,2118,74.89677952105698
rat99,MWI-H,2,27,2118,74.89677952105698
rat99,MWI-H,2,28,2118,74.89677952105698
rat99,MWI-H,2,29,2118,74.89677952105698
rat99,SA,1,0,2711,123.86457473162676
rat99,SA,1,1,2711,123.86457473162676
rat99,SA,1,2,2711,123.86457473162676
rat99,SA,1,3,2711,123.86457473162676
rat99,SA,1,4,2711,123.86457473162676
rat99,SA,1,5,2711,123.86457473162676
rat99,SA,1,6,2711,123.86457473162676
rat99,SA,1,7,2711,123.86457473162676
rat99,SA,1,8,2711,123.86457473162676
rat99,SA,1,9,2711,123.86457473162676
rat99,SA,1,10,2711,123.86457473162676
rat99,SA,1,11,2711,123.86457473162676
rat99,SA,1,12,2711,123.86457473162676
rat99,SA,1,13,2711,123.86457473162676
rat99,SA,1,14,2711,123.86457473162676
rat99,SA,1,15,2711,123.86457473162676
rat99,SA,1,16,2711,123.86457473162676
rat99,SA,1,17,2711,123.86457473162676
rat99,SA,1,18,2711,123.86457473162676
rat99,SA,1,19,2711,123.86457473162676
rat99,SA,1,20,2711,123.86457473162676
rat99,SA,1,21,2711,123.86457473162676
rat99,SA,1,22,2711,123.86457473162676
rat99,SA,1,23,2711,123.86457473162676
rat99,SA,1,24,2711,123.86457473162676
rat99,SA,1,25,2711,123.86457473162676
rat99,SA,1,26,2711,123.86457473162676
rat99,SA,1,27,2711,123.86457473162676
rat99,SA,1,28,2711,123.86457473162676
rat99,SA,1,29,2711,123.86457473162676
rat99,SA,1,30,2711,123.86457473162676
rat99,SA,1,31,2711,123.86457473162676
rat99,SA,1,32,2711,123.86457473162676
rat99,SA,1,33,2711,123.86457473162676
rat99,SA,1,34,2711,123.86457473162676
rat99,SA,1,35,2711,123.86457473162676
rat99,SA,1,36,2711,123.86457473162676
rat99,SA,1,37,2711,123.86457473162676
rat99,SA,1,38,2711,123.86457473162676
rat99,SA,1,39,2711,123.86457473162676
rat99,SA,1,40,2711,123.86457473162676
rat99,SA,1,41,2711,123.86457473162676
rat99,SA,1,42,2711,123.86457473162676
rat99,SA,1,43,2711,123.86457473162676
rat99,SA,1,44,2711,123.86457473162676
rat99,SA,1,45,2711,123.86457473162676
rat99,SA,1,46,2711,123.86457473162676
rat99,SA,1,47,2711,123.86457473162676
rat99,SA,1,48,2711,123.86457473162676
rat99,SA,1,49,2711,123.86457473162676
rat99,SA,1,50,2711,123.86457473162676
rat99,SA,1,51,2711,123.86457473162676
rat99,SA,1,52,2711,123.86457473162676
rat99,SA,1,53,2711,123.86457473162676
rat99,SA,1,54,2711,123.86457473162676
rat99,SA,1,55,2711,123.86457473162676
rat99,SA,1,56,2711,123.86457473162676
rat99,SA,1,57,2711,123.86457473162676
rat99,SA,1,58,2711,123.86457473162676
rat99,SA,1,59,2711,123.86457473162676
rat99,SA,1,60,2711,123.86457473162676
rat99,SA,1,61,2711,123.86457473162676
rat99,SA,1,62,2711,123.86457473162676
rat99,SA,1,63,2711,123.86457473162676
rat99,SA,1,64,2711,123.86457473162676
rat99,SA,1,65,2711,123.86457473162676
rat99,SA,1,66,2711,123.86457473162676
rat99,SA,1,67,2711,123.86457473162676
rat99,SA,1,68,2711,123.86457473162676
rat99,SA,1,69,2711,123.86457473162676
rat99,SA,1,70,2711,123.86457473162676
rat99,SA,1,71,2711,123.86457473162676
rat99,SA,1,72,2711,123.86457473162676
rat99,SA,1,73,2711,123.86457473162676
rat99,SA,1,74,2711,123.86457473162676
rat99,SA,1,75,2711,123.86457473162676
rat99,SA,1,76,2711,123.86457473162676
rat99,SA,1,77,2711,123.86457473162676
rat99,SA,1,78,2711,123.86457473162676
rat99,SA,1,79,2711,123.86457473162676
rat99,SA,1,80,2711,123.86457473162676
rat99,SA,1,81,2711,123.86457473162676
rat99,SA,1,82,2711,123.86457473162676
rat99,SA,1,83,2711,123.86457473162676
rat99,SA,1,84,2711,123.86457473162676
rat99,SA,1,85,2711,123.86457473162676
rat99,SA,1,86,2711,123.86457473162676
rat99,SA,1,87,2711,123.86457473162676
rat99,SA,1,88,2711,123.86457473162676
rat99,SA,1,89,2711,123.86457473162676
rat99,SA,1,90,2711,123.86457473162676
rat99,SA,1,91,2711,123.86457473162676
rat99,SA,1,92,2711,123.86457473162676
rat99,SA,1,93,2711,123.86457473162676
rat99,SA,1,94,2711,123.86457473162676
rat99,SA,1,95,2711,123.86457473162676
rat99,SA,1,96,2711,123.86457473162676
rat99,SA,1,97,2711,123.86457473162676
rat99,SA,1,98,2711,123.86457473162676
rat99,SA,1,99,2711,123.86457473162676
rat99,SA,1,100,2711,123.86457473162676
rat99,SA,1,101,2711,123.86457473162676
rat99,SA,1,102,2711,123.86457473162676
rat99,SA,1,103,2711,123.86457473162676
rat99,SA,1,104,2711,123.86457473162676
rat99,SA,1,105,2711,123.86457473162676
rat99,SA,1,106,2711,123.86457473162676
rat99,SA,1,107,2711,123.86457473162676
rat99,SA,1,108,2711,123.86457473162676
rat99,SA,1,109,2711,123.86457473162676
rat99,SA,1,110,2711,123.86457473162676
rat99,SA,1,111,2711,123.86457473162676
rat99,SA,1,112,2711,123.86457473162676
rat99,SA,1,113,2711,123.86457473162676
rat99,SA,1,114,2711,123.86457473162676
rat99,SA,1,115,2711,123.86457473162676
rat99,SA,1,116,2711,123.86457473162676
rat99,SA,1,117,2711,123.86457473162676
rat99,SA,1,118,2711,123.86457473162676
rat99,SA,1,119,2711,123.86457473162676
rat99,SA,1,120,2711,123.86457473162676
rat99,SA,1,121,2711,123.86457473162676
rat99,SA,1,122,2711,123.86457473162676
rat99,SA,1,123,2711,123.86457473162676
rat99,SA,1,124,2711,123.86457473162676
rat99,SA,1,125,2711,123.86457473162676
rat99,SA,1,126,2711,123.86457473162676
rat99,SA,1,127,2711,123.86457473162676
rat99,SA,1,128,2711,123.86457473162676
rat99,SA,1,129,2711,123.86457473162676
rat99,SA,1,130,2711,123.86457473162676
rat99,SA,1,131,2711,123.86457473162676
rat99,SA,1,132,2711,123.86457473162676
rat99,SA,1,133,2711,123.86457473162676
rat99,SA,1,134,2711,123.86457473162676
rat99,SA,1,135,2711,123.86457473162676
rat99,SA,1,136,2711,123.86457473162676
rat99,SA,1,137,2711,123.86457473162676
rat99,SA,1,138,2711,123.86457473162676
rat99,SA,1,139,2711,123.86457473162676
rat99,SA,1,140,2711,123.86457473162676
rat99,SA,1,141,2711,123.86457473162676
rat99,SA,1,142,2711,123.86457473162676
rat99,SA,1,143,2711,123.86457473162676
rat99,SA,1,144,2711,123.86457473162676
rat99,SA,1,145,2711,123.86457473162676
rat99,SA,1,146,2711,123.86457473162676
rat99,SA,1,147,2711,123.86457473162676
rat99,SA,1,148,2711,123.86457473162676
rat99,SA,1,149,2711,123.86457473162676
rat99,SA,1,150,2711,123.86457473162676
rat99,SA,1,151,2711,123.86457473162676
rat99,SA,1,152,2711,123.86457473162676
rat99,SA,1,153,2711,123.86457473162676
rat99,SA,1,154,2711,123.86457473162676
rat99,SA,1,155,2711,123.86457473162676
rat99,SA,1,156,2711,123.86457473162676
rat99,SA,1,157,2711,123.86457473162676
rat99,SA,1,158,2711,123.86457473162676
rat99,SA,1,159,2711,123.86457473162676
rat99,SA,1,160,2711,123.86457473162676
rat99,SA,1,161,2711,123.86457473162676
rat99,SA,1,162,2711,123.86457473162676
rat99,SA,1,163,2711,123.86457473162676
rat99,SA,1,164,2711,123.86457473162676
rat99,SA,1,165,2711,123.86457473162676
rat99,SA,1,166,2711,123.86457473162676
rat99,SA,1,167,2711,123.86457473162676
rat99,SA,1,168,2711,123.86457473162676
rat99,SA,1,169,2711,123.86457473162676
rat99,SA,1,170,2711,123.86457473162676
rat99,SA,1,171,2711,123.86457473162676
rat99,SA,1,172,2711,123.86457473162676
rat99,SA,1,173,2711,123.86457473162676
rat99,SA,1,174,2711,123.86457473162676
rat99,SA,1,175,2711,123.86457473162676
rat99,SA,1,176,2711,123.86457473162676
rat99,SA,1,177,2711,123.86457473162676
rat99,SA,1,178,2711,123.86457473162676
rat99,SA,1,179,2711,123.86457473162676
rat99,SA,1,180,2711,123.86457473162676
rat99,SA,1,181,2711,123.86457473162676
rat99,SA,1,182,2711,123.86457473162676
rat99,SA,1,183,2711,123.86457473162676
rat99,SA,1,184,2711,123.86457473162676
rat99,SA,1,185,2711,123.86457473162676
rat99,SA,1,186,2711,123.86457473162676
rat99,SA,1,187,2711,123.86457473162676
rat99,SA,1,188,2711,123.86457473162676
rat99,SA,1,189,2711,123.86457473162676
rat99,SA,1,190,2711,123.86457473162676
rat99,SA,1,191,2711,123.86457473162676
rat99,SA,1,192,2711,123.86457473162676
rat99,SA,1,193,2711,123.86457473162676
rat99,SA,1,194,2711,123.86457473162676
rat99,SA,1,195,2711,123.86457473162676
rat99,SA,1,196,2711,123.86457473162676
rat99,SA,1,197,2711,123.86457473162676
rat99,SA,1,198,2711,123.86457473162676
rat99,SA,1,199,2711,123.86457473162676
rat99,SA,1,200,2711,123.86457473162676
rat99,SA,1,201,2711,123.86457473162676
rat99,SA,1,202,2711,123.86457473162676
rat99,SA,1,203,2711,123.86457473162676
rat99,SA,1,204,2711,123.86457473162676
rat99,SA,1,205,2711,123.86457473162676
rat99,SA,1,206,2711,123.86457473162676
rat99,SA,1,207,2711,123.86457473162676
rat99,SA,1,208,2711,123.86457473162676
rat99,SA,1,209,2711,123.86457473162676
rat99,SA,1,210,2711,123.86457473162676
rat99,SA,1,211,2711,123.86457473162676
rat99,SA,1,212,2711,123.86457473162676
rat99,SA,1,213,2711,123.86457473162676
rat99,SA,1,214,2711,123.86457473162676
rat99,SA,1,215,2711,123.86457473162676
rat99,SA,1,216,2711,123.86457473162676
rat99,SA,1,217,2711,123.86457473162676
rat99,SA,1,218,2711,123.86457473162676
rat99,SA,1,219,2711,123.86457473162676
rat99,SA,1,220,2711,123.86457473162676
rat99,SA,1,221,2711,123.86457473162676
rat99,SA,1,222,2711,123.86457473162676
rat99,SA,1,223,2711,123.86457473162676
rat99,SA,1,224,2711,123.86457473162676
rat99,SA,1,225,2711,123.86457473162676
rat99,SA,1,226,2711,123.86457473162676
rat99,SA,1,227,2711,123.86457473162676
rat99,SA,1,228,2711,123.86457473162676
rat99,SA,1,229,2711,123.86457473162676
rat99,SA,1,230,2711,123.86457473162676
rat99,SA,1,231,2711,123.86457473162676
rat99,SA,1,232,2711,123.86457473162676
rat99,SA,1,233,2711,123.86457473162676
rat99,SA,1,234,2711,123.86457473162676
rat99,SA,1,235,2711,123.86457473162676
rat99,SA,1,236,2711,123.86457473162676
rat99,SA,1,237,2711,123.86457473162676
rat99,SA,1,238,2711,123.86457473162676
rat99,SA,1,239,2711,123.86457473162676
rat99,SA,1,240,2711,123.86457473162676
rat99,SA,1,241,2711,123.86457473162676
rat99,SA,1,242,2711,123.86457473162676
rat99,SA,1,243,2711,123.86457473162676
rat99,SA,1,244,2711,123.86457473162676
rat99,SA,1,245,2711,123.86457473162676
rat99,SA,1,246,2711,123.86457473162676
rat99,SA,1,247,2711,123.86457473162676
rat99,SA,1,248,2711,123.86457473162676
rat99,SA,1,249,2711,123.86457473162676
rat99,SA,2,0,2994,147.233691164327
rat99,SA,2,1,2994,147.233691164327
rat99,SA,2,2,2994,147.233691164327
rat99,SA,2,3,2994,147.233691164327
rat99,SA,2,4,2994,147.233691164327
rat99,SA,2,5,2994,147.233691164327
rat99,SA,2,6,2994,147.233691164327
rat99,SA,2,7,2994,147.233691164327
rat99,SA,2,8,2994,147.233691164327
rat99,SA,2,9,2994,147.233691164327
rat99,SA,2,10,2994,147.233691164327
rat99,SA,2,11,2994,147.233691164327
rat99,SA,2,12,2994,147.233691164327
rat99,SA,2,13,2994,147.233691164327
rat99,SA,2,14,2994,147.233691164327
rat99,SA,2,15,2994,147.233691164327
rat99,SA,2,16,2994,147.233691164327
rat99,SA,2,17,2994,147.233691164327
rat99,SA,2,18,2994,147.233691164327
rat99,SA,2,19,2994,147.233691164327
rat99,SA,2,20,2994,147.233691164327
rat99,SA,2,21,2994,147.233691164327
rat99,SA,2,22,2994,147.233691164327
rat99,SA,2,23,2994,147.233691164327
rat99,SA,2,24,2994,147.233691164327
rat99,SA,2,25,2994,147.233691164327
rat99,SA,2,26,2994,147.233691164327
rat99,SA,2,27,2994,147.233691164327
rat99,SA,2,28,2994,147.233691164327
rat99,SA,2,29,2994,147.233691164327
rat99,SA,2,30,2994,147.233691164327
rat99,SA,2,31,2994,147.233691164327
rat99,SA,2,32,2994,147.233691164327
rat99,SA,2,33,2994,147.233691164327
rat99,SA,2,34,2994,147.233691164327
rat99,SA,2,35,2994,147.233691164327
rat99,SA,2,36,2994,147.233691164327
rat99,SA,2,37,2994,147.233691164327
rat99,SA,2,38,2994,147.233691164327
rat99,SA,2,39,2994,147.233691164327
rat99,SA,2,40,2994,147.233691164327
rat99,SA,2,41,2994,147.233691164327
rat99,SA,2,42,2994,147.233691164327
rat99,SA,2,43,2994,147.233691164327
rat99,SA,2,44,2994,147.233691164327
rat99,SA,2,45,2994,147.233691164327
rat99,SA,2,46,2994,147.233691164327
rat99,SA,2,47,2994,147.233691164327
rat99,SA,2,48,2994,147.233691164327
rat99,SA,2,49,2994,147.233691164327
rat99,SA,2,50,2994,147.233691164327
rat99,SA,2,51,2994,147.233691164327
rat99,SA,2,52,2994,147.233691164327
rat99,SA,2,53,2994,147.233691164327
rat99,SA,2,54,2994,147.233691164327
rat99,SA,2,55,2994,147.233691164327
rat99,SA,2,56,2994,147.233691164327
rat99,SA,2,57,2994,147.233691164327
rat99,SA,2,58,2994,147.233691164327
rat99,SA,2,59,2994,147.233691164327
rat99,SA,2,60,2994,147.233691164327
rat99,SA,2,61,2994,147.233691164327
rat99,SA,2,62,2994,147.233691164327
rat99,SA,2,63,2994,147.233691164327
rat99,SA,2,64,2994,147.233691164327
rat99,SA,2,65,2994,147.233691164327
rat99,SA,2,66,2994,147.233691164327
rat99,SA,2,67,2994,147.233691164327
rat99,SA,2,68,2994,147.233691164327
rat99,SA,2,69,2994,147.233691164327
rat99,SA,2,70,2994,147.233691164327
rat99,SA,2,71,2994,147.233691164327
rat99,SA,2,72,2994,147.233691164327
rat99,SA,2,73,2994,147.233691164327
rat99,SA,2,74,2994,147.233691164327
rat99,SA,2,75,2994,147.233691164327
rat99,SA,2,76,2994,147.233691164327
rat99,SA,2,77,2994,147.233691164327
rat99,SA,2,78,2994,147.233691164327
rat99,SA,2,79,2994,147.233691164327
rat99,SA,2,80,2994,147.233691164327
rat99,SA,2,81,2994,147.233691164327
rat99,SA,2,82,2994,147.233691164327
rat99,SA,2,83,2994,147.233691164327
rat99,SA,2,84,2994,147.233691164327
rat99,SA,2,85,2994,147.233691164327
rat99,SA,2,86,2994,147.233691164327
rat99,SA,2,87,2994,147.233691164327
rat99,SA,2,88,2994,147.233691164327
rat99,SA,2,89,2994,147.233691164327
rat99,SA,2,90,2994,147.233691164327
rat99,SA,2,91,2994,147.233691164327
rat99,SA,2,92,2994,147.233691164327
rat99,SA,2,93,2994,147.233691164327
rat99,SA,2,94,2994,147.233691164327
rat99,SA,2,95,2994,147.233691164327
rat99,SA,2,96,2994,147.233691164327
rat99,SA,2,97,2994,147.233691164327
rat99,SA,2,98,2994,147.233691164327
rat99,SA,2,99,2994,147.233691164327
rat99,SA,2,100,2994,147.233691164327
rat99,SA,2,101,2994,147.233691164327
rat99,SA,2,102,2994,147.233691164327
rat99,SA,2,103,2994,147.233691164327
rat99,SA,2,104,2994,147.233691164327
rat99,SA,2,105,2994,147.233691164327
rat99,SA,2,106,2994,147.233691164327
rat99,SA,2,107,2994,147.233691164327
rat99,SA,2,108,2994,147.233691164327
rat99,SA,2,109,2994,147.233691164327
rat99,SA,2,110,2994,147.233691164327
rat99,SA,2,111,2994,147.233691164327
rat99,SA,2,112,2994,147.233691164327
rat99,SA,2,113,2994,147.233691164327
rat99,SA,2,114,2994,147.233691164327
rat99,SA,2,115,2994,147.233691164327
rat99,SA,2,116,2994,147.233691164327
rat99,SA,2,117,2994,147.233691164327
rat99,SA,2,118,2994,147.233691164327
rat99,SA,2,119,2994,147.233691164327
rat99,SA,2,120,2994,147.233691164327
rat99,SA,2,121,2994,147.233691164327
rat99,SA,2,122,2994,147.233691164327
rat99,SA,2,123,2994,147.233691164327
rat99,SA,2,124,2994,147.233691164327
rat99,SA,2,125,2994,147.233691164327
rat99,SA,2,126,2994,147.233691164327
rat99,SA,2,127,2994,147.233691164327
rat99,SA,2,128,2994,147.233691164327
rat99,SA,2,129,2994,147.233691164327
rat99,SA,2,130,2994,147.233691164327
rat99,SA,2,131,2994,147.233691164327
rat99,SA,2,132,2994,147.233691164327
rat99,SA,2,133,2994,147.233691164327
rat99,SA,2,134,2994,147.233691164327
rat99,SA,2,135,2994,147.233691164327
rat99,SA,2,136,2994,147.233691164327
rat99,SA,2,137,2994,147.233691164327
rat99,SA,2,138,2994,147.233691164327
rat99,SA,2,139,2994,147.233691164327
rat99,SA,2,140,2994,147.233691164327
rat99,SA,2,141,2994,147.233691164327
rat99,SA,2,142,2994,147.233691164327
rat99,SA,2,143,2994,147.233691164327
rat99,SA,2,144,2994,147.233691164327
rat99,SA,2,145,2994,147.233691164327
rat99,SA,2,146,2994,147.233691164327
rat99,SA,2,147,2994,147.233691164327
rat99,SA,2,148,2994,147.233691164327
rat99,SA,2,149,2994,147.233691164327
rat99,SA,2,150,2994,147.233691164327
rat99,SA,2,151,2994,147.233691164327
rat99,SA,2,152,2994,147.233691164327
rat99,SA,2,153,2994,147.233691164327
rat99,SA,2,154,2994,147.233691164327
rat99,SA,2,155,2994,147.233691164327
rat99,SA,2,156,2994,147.233691164327
rat99,SA,2,157,2994,147.233691164327
rat99,SA,2,158,2994,147.233691164327
rat99,SA,2,159,2994,147.233691164327
rat99,SA,2,160,2994,147.233691164327
rat99,SA,2,161,2994,147.233691164327
rat99,SA,2,162,2994,147.233691164327
rat99,SA,2,163,2994,147.233691164327
rat99,SA,2,164,2994,147.233691164327
rat99,SA,2,165,2994,147.233691164327
rat99,SA,2,166,2994,147.233691164327
rat99,SA,2,167,2994,147.233691164327
rat99,SA,2,168,2994,147.233691164327
rat99,SA,2,169,2994,147.233691164327
rat99,SA,2,170,2994,147.233691164327
rat99,SA,2,171,2994,147.233691164327
rat99,SA,2,172,2994,147.233691164327
rat99,SA,2,173,2994,147.233691164327
rat99,SA,2,174,2994,147.233691164327
rat99,SA,2,175,2994,147.233691164327
rat99,SA,2,176,2994,147.233691164327
rat99,SA,2,177,2994,147.233691164327
rat99,SA,2,178,2994,147.233691164327
rat99,SA,2,179,2994,147.233691164327
rat99,SA,2,180,2994,147.233691164327
rat99,SA,2,181,2994,147.233691164327
rat99,SA,2,182,2994,147.233691164327
rat99,SA,2,183,2994,147.233691164327
rat99,SA,2,184,2994,147.233691164327
rat99,SA,2,185,2994,147.233691164327
rat99,SA,2,186,2994,147.233691164327
rat99,SA,2,187,2994,147.233691164327
rat99,SA,2,188,2994,147.233691164327
rat99,SA,2,189,2994,147.233691164327
rat99,SA,2,190,2994,147.233691164327
rat99,SA,2,191,2994,147.233691164327
rat99,SA,2,192,2994,147.233691164327
rat99,SA,2,193,2994,147.233691164327
rat99,SA,2,194,2994,147.233691164327
rat99,SA,2,195,2994,147.233691164327
rat99,SA,2,196,2994,147.233691164327
rat99,SA,2,197,2994,147.233691164327
rat99,SA,2,198,2994,147.233691164327
rat99,SA,2,199,2994,147.233691164327
rat99,SA,2,200,2994,147.233691164327
rat99,SA,2,201,2994,147.233691164327
rat99,SA,2,202,2994,147.233691164327
rat99,SA,2,203,2994,147.233691164327
rat99,SA,2,204,2994,147.233691164327
rat99,SA,2,205,2994,147.233691164327
rat99,SA,2,206,2994,147.233691164327
rat99,SA,2,207,2994,147.233691164327
rat99,SA,2,208,2994,147.233691164327
rat99,SA,2,209,2994,147.233691164327
rat99,SA,2,210,2994,147.233691164327
rat99,SA,2,211,2994,147.233691164327
rat99,SA,2,212,2994,147.233691164327
rat99,SA,2,213,2994,147.233691164327
rat99,SA,2,214,2994,147.233691164327
rat99,SA,2,215,2994,147.233691164327
rat99,SA,2,216,2994,147.233691164327
rat99,SA,2,217,2994,147.233691164327
rat99,SA,2,218,2994,147.233691164327
rat99,SA,2,219,2994,147.233691164327
rat99,SA,2,220,2994,147.233691164327
rat99,SA,2,221,2994,147.233691164327
rat99,SA,2,222,2994,147.233691164327
rat99,SA,2,223,2994,147.233691164327
rat99,SA,2,224,2994,147.233691164327
rat99,SA,2,225,2994,147.233691164327
rat99,SA,2,226,2994,147.233691164327
rat99,SA,2,227,2994,147.233691164327
rat99,SA,2,228,2994,147.233691164327
rat99,SA,2,229,2994,147.233691164327
rat99,SA,2,230,2994,147.233691164327
rat99,SA,2,231,2994,147.233691164327
rat99,SA,2,232,2994,147.233691164327
rat99,SA,2,233,2994,147.233691164327
rat99,SA,2,234,2994,147.233691164327
rat99,SA,2,235,2994,147.233691164327
rat99,SA,2,236,2994,147.233691164327
rat99,SA,2,237,2994,147.233691164327
rat99,SA,2,238,2994,147.233691164327
rat99,SA,2,239,2994,147.233691164327
rat99,SA,2,240,2994,147.233691164327
rat99,SA,2,241,2994,147.233691164327
rat99,SA,2,242,2994,147.233691164327
rat99,SA,2,243,2994,147.233691164327
rat99,SA,2,244,2994,147.233691164327
rat99,SA,2,245,2994,147.233691164327
rat99,SA,2,246,2994,147.233691164327
rat99,SA,2,247,2994,147.233691164327
rat99,SA,2,248,2994,147.233691164327
rat99,SA,2,249,2994,147.233691164327
rat99,GA,1,0,2841,134.59950454170107
rat99,GA,1,1,2841,134.59950454170107
rat99,GA,1,2,2835,134.10404624277456
rat99,GA,1,3,2777,129.31461601981835
rat99,GA,1,4,2752,127.25020644095788
rat99,GA,1,5,2752,127.25020644095788
rat99,GA,1,6,2738,126.09413707679603
rat99,GA,1,7,2738,126.09413707679603
rat99,GA,1,8,2738,126.09413707679603
rat99,GA,1,9,2696,122.62592898431049
rat99,GA,1,10,2693,122.37819983484724
rat99,GA,1,11,2693,122.37819983484724
rat99,GA,1,12,2693,122.37819983484724
rat99,GA,1,13,2689,122.04789430222957
rat99,GA,1,14,2689,122.04789430222957
rat99,GA,1,15,2679,121.22213047068539
rat99,GA,1,16,2679,121.22213047068539
rat99,GA,1,17,2660,119.65317919075144
rat99,GA,1,18,2596,114.36829066886871
rat99,GA,1,19,2596,114.36829066886871
rat99,GA,1,20,2596,114.36829066886871
rat99,GA,1,21,2596,114.36829066886871
rat99,GA,1,22,2584,113.3773740710157
rat99,GA,1,23,2580,113.04706853839802
rat99,GA,1,24,2577,112.79933938893477
rat99,GA,1,25,2571,112.30388109000826
rat99,GA,1,26,2571,112.30388109000826
rat99,GA,1,27,2567,111.97357555739059
rat99,GA,1,28,2567,111.97357555739059
rat99,GA,1,29,2549,110.48720066061107
rat99,GA,2,0,2746,126.75474814203137
rat99,GA,2,1,2746,126.75474814203137
rat99,GA,2,2,2746,126.75474814203137
rat99,GA,2,3,2746,126.75474814203137
rat99,GA,2,4,2733,125.68125516102394
rat99,GA,2,5,2733,125.68125516102394
rat99,GA,2,6,2722,124.77291494632536
rat99,GA,2,7,2700,122.95623451692816
rat99,GA,2,8,2663,119.9009083402147
rat99,GA,2,9,2663,119.9009083402147
rat99,GA,2,10,2663,119.9009083402147
rat99,GA,2,11,2663,119.9009083402147
rat99,GA,2,12,2663,119.9009083402147
rat99,GA,2,13,2663,119.9009083402147
rat99,GA,2,14,2663,119.9009083402147
rat99,GA,2,15,2663,119.9009083402147
rat99,GA,2,16,2637,117.75392237819983
rat99,GA,2,17,2637,117.75392237819983
rat99,GA,2,18,2637,117.75392237819983
rat99,GA,2,19,2637,117.75392237819983
rat99,GA,2,20,2637,117.75392237819983
rat99,GA,2,21,2637,117.75392237819983
rat99,GA,2,22,2626,116.84558216350123
rat99,GA,2,23,2592,114.03798513625104
rat99,GA,2,24,2529,108.8356729975227
rat99,GA,2,25,2529,108.8356729975227
rat99,GA,2,26,2522,108.25763831544178
rat99,GA,2,27,2522,108.25763831544178
rat99,GA,2,28,2500,106.44095788604459
rat99,GA,2,29,2500,106.44095788604459
rat99,ACO,1,0,1572,29.81007431874484
rat99,ACO,1,1,1548,27.82824112303881
rat99,ACO,1,2,1445,19.322873658133773
rat99,ACO,1,3,1440,18.909991742361683
rat99,ACO,1,4,1440,18.909991742361683
rat99,ACO,1,5,1440,18.909991742361683
rat99,ACO,1,6,1440,18.909991742361683
rat99,ACO,1,7,1440,18.909991742361683
rat99,ACO,1,8,1440,18.909991742361683
rat99,ACO,1,9,1440,18.909991742361683
rat99,ACO,1,10,1440,18.909991742361683
rat99,ACO,1,11,1440,18.909991742361683
rat99,ACO,2,0,1515,25.103220478943022
rat99,ACO,2,1,1515,25.103220478943022
rat99,ACO,2,2,1515,25.103220478943022
rat99,ACO,2,3,1489,22.95623451692816
rat99,ACO,2,4,1489,22.95623451692816
rat99,ACO,2,5,1489,22.95623451692816
rat99,ACO,2,6,1489,22.95623451692816
rat99,ACO,2,7,1489,22.95623451692816
rat99,ACO,2,8,1489,22.95623451692816
rat99,ACO,2,9,1489,22.95623451692816
rat99,ACO,2,10,1489,22.95623451692816
rat99,ACO,2,11,1489,22.95623451692816
rat99,ABC/BCO,1,0,2693,122.37819983484724
rat99,ABC/BCO,1,1,2693,122.37819983484724
rat99,ABC/BCO,1,2,2687,121.88274153592073
rat99,ABC/BCO,1,3,2687,121.88274153592073
rat99,ABC/BCO,1,4,2687,121.88274153592073
rat99,ABC/BCO,1,5,2687,121.88274153592073
rat99,ABC/BCO,1,6,2617,116.10239471511147
rat99,ABC/BCO,1,7,2610,115.52436003303055
rat99,ABC/BCO,1,8,2574,112.55161023947151
rat99,ABC/BCO,1,9,2569,112.13872832369943
rat99,ABC/BCO,1,10,2561,111.47811725846408
rat99,ABC/BCO,1,11,2561,111.47811725846408
rat99,ABC/BCO,1,12,2561,111.47811725846408
rat99,ABC/BCO,1,13,2557,111.14781172584641
rat99,ABC/BCO,1,14,2557,111.14781172584641
rat99,ABC/BCO,1,15,2533,109.16597853014038
rat99,ABC/BCO,1,16,2533,109.16597853014038
rat99,ABC/BCO,1,17,2456,102.80759702725021
rat99,ABC/BCO,1,18,2456,102.80759702725021
rat99,ABC/BCO,1,19,2445,101.89925681255161
rat99,ABC/BCO,1,20,2429,100.57803468208093
rat99,ABC/BCO,1,21,2420,99.83484723369116
rat99,ABC/BCO,1,22,2417,99.58711808422791
rat99,ABC/BCO,1,23,2417,99.58711808422791
rat99,ABC/BCO,1,24,2417,99.58711808422791
rat99,ABC/BCO,1,25,2404,98.51362510322048
rat99,ABC/BCO,1,26,2404,98.51362510322048
rat99,ABC/BCO,1,27,2404,98.51362510322048
rat99,ABC/BCO,1,28,2404,98.51362510322048
rat99,ABC/BCO,1,29,2398,98.01816680429397
rat99,ABC/BCO,2,0,2320,91.57720891824938
rat99,ABC/BCO,2,1,2311,90.83402146985962
rat99,ABC/BCO,2,2,2287,88.85218827415359
rat99,ABC/BCO,2,3,2287,88.85218827415359
rat99,ABC/BCO,2,4,2287,88.85218827415359
rat99,ABC/BCO,2,5,2287,88.85218827415359
rat99,ABC/BCO,2,6,2287,88.85218827415359
rat99,ABC/BCO,2,7,2270,87.44838976052849
rat99,ABC/BCO,2,8,2246,85.46655656482245
rat99,ABC/BCO,2,9,2205,82.08092485549133
rat99,ABC/BCO,2,10,2197,81.42031379025599
rat99,ABC/BCO,2,11,2197,81.42031379025599
rat99,ABC/BCO,2,12,2197,81.42031379025599
rat99,ABC/BCO,2,13,2162,78.53014037985136
rat99,ABC/BCO,2,14,2162,78.53014037985136
rat99,ABC/BCO,2,15,2162,78.53014037985136
rat99,ABC/BCO,2,16,2162,78.53014037985136
rat99,ABC/BCO,2,17,2149,77.45664739884393
rat99,ABC/BCO,2,18,2149,77.45664739884393
rat99,ABC/BCO,2,19,2149,77.45664739884393
rat99,ABC/BCO,2,20,2138,76.54830718414533
rat99,ABC/BCO,2,21,2119,74.9793559042114
rat99,ABC/BCO,2,22,2119,74.9793559042114
rat99,ABC/BCO,2,23,2119,74.9793559042114
rat99,ABC/BCO,2,24,2093,72.83236994219654
rat99,ABC/BCO,2,25,2060,70.10734929810074
rat99,ABC/BCO,2,26,2060,70.10734929810074
rat99,ABC/BCO,2,27,2060,70.10734929810074
rat99,ABC/BCO,2,28,2051,69.36416184971098
rat99,ABC/BCO,2,29,2044,68.78612716763006
tsp225,MWI-H,1,0,7155,82.71195097037794
tsp225,MWI-H,1,1,7155,82.71195097037794
tsp225,MWI-H,1,2,7151,82.60980592441267
tsp225,MWI-H,1,3,7151,82.60980592441267
tsp225,MWI-H,1,4,7151,82.60980592441267
tsp225,MWI-H,1,5,7151,82.60980592441267
tsp225,MWI-H,1,6,7151,82.60980592441267
tsp225,MWI-H,1,7,7151,82.60980592441267
tsp225,MWI-H,1,8,7151,82.60980592441267
tsp225,MWI-H,1,9,7151,82.60980592441267
tsp225,MWI-H,1,10,7151,82.60980592441267
tsp225,MWI-H,1,11,7151,82.60980592441267
tsp225,MWI-H,1,12,7151,82.60980592441267
tsp225,MWI-H,1,13,7151,82.60980592441267
tsp225,MWI-H,1,14,7151,82.60980592441267
tsp225,MWI-H,1,15,7151,82.60980592441267
tsp225,MWI-H,1,16,7151,82.60980592441267
tsp225,MWI-H,1,17,7151,82.60980592441267
tsp225,MWI-H,1,18,7151,82.60980592441267
tsp225,MWI-H,1,19,7151,82.60980592441267
tsp225,MWI-H,1,20,7151,82.60980592441267
tsp225,MWI-H,1,21,7151,82.60980592441267
tsp225,MWI-H,1,22,7151,82.60980592441267
tsp225,MWI-H,1,23,7151,82.60980592441267
tsp225,MWI-H,1,24,7151,82.60980592441267
tsp225,MWI-H,1,25,7151,82.60980592441267
tsp225,MWI-H,1,26,7151,82.60980592441267
tsp225,MWI-H,1,27,7151,82.60980592441267
tsp225,MWI-H,1,28,7151,82.60980592441267
tsp225,MWI-H,1,29,7151,82.60980592441267
tsp225,MWI-H,2,0,7532,92.3391215526047
tsp225,MWI-H,2,1,7532,92.3391215526047
tsp225,MWI-H,2,2,7532,92.3391215526047
tsp225,MWI-H,2,3,7532,92.3391215526047
tsp225,MWI-H,2,4,7532,92.3391215526047
tsp225,MWI-H,2,5,7532,92.3391215526047
tsp225,MWI-H,2,6,7532,92.3391215526047
tsp225,MWI-H,2,7,7532,92.3391215526047
tsp225,MWI-H,2,8,7532,92.3391215526047
tsp225,MWI-H,2,9,7532,92.3391215526047
tsp225,MWI-H,2,10,7532,92.3391215526047
tsp225,MWI-H,2,11,7532,92.3391215526047
tsp225,MWI-H,2,12,7532,92.3391215526047
tsp225,MWI-H,2,13,7532,92.3391215526047
tsp225,MWI-H,2,14,7532,92.3391215526047
tsp225,MWI-H,2,15,7532,92.3391215526047
tsp225,MWI-H,2,16,7532,92.3391215526047
tsp225,MWI-H,2,17,7532,92.3391215526047
tsp225,MWI-H,2,18,7532,92.3391215526047
tsp225,MWI-H,2,19,7532,92.3391215526047
tsp225,MWI-H,2,20,7532,92.3391215526047
tsp225,MWI-H,2,21,7532,92.3391215526047
tsp225,MWI-H,2,22,7532,92.3391215526047
tsp225,MWI-H,2,23,7532,92.3391215526047
tsp225,MWI-H,2,24,7532,92.3391215526047
tsp225,MWI-H,2,25,7532,92.3391215526047
tsp225,MWI-H,2,26,7532,92.3391215526047
tsp225,MWI-H,2,27,7532,92.3391215526047
tsp225,MWI-H,2,28,7532,92.3391215526047
tsp225,MWI-H,2,29,7532,92.3391215526047
tsp225,SA,1,0,8306,112.10418794688458
tsp225,SA,1,1,8306,112.10418794688458
tsp225,SA,1,2,8306,112.10418794688458
tsp225,SA,1,3,8306,112.10418794688458
tsp225,SA,1,4,8306,112.10418794688458
tsp225,SA,1,5,8306,112.10418794688458
tsp225,SA,1,6,8306,112.10418794688458
tsp225,SA,1,7,8306,112.10418794688458
tsp225,SA,1,8,8306,112.10418794688458
tsp225,SA,1,9,8306,112.10418794688458
tsp225,SA,1,10,8306,112.10418794688458
tsp225,SA,1,11,8306,112.10418794688458
tsp225,SA,1,12,8306,112.10418794688458
tsp225,SA,1,13,8306,112.10418794688458
tsp225,SA,1,14,8306,112.10418794688458
tsp225,SA,1,15,8306,112.10418794688458
tsp225,SA,1,16,8306,112.10418794688458
tsp225,SA,1,17,8306,112.10418794688458
tsp225,SA,1,18,8306,112.10418794688458
tsp225,SA,1,19,8306,112.10418794688458
tsp225,SA,1,20,8306,112.10418794688458
tsp225,SA,1,21,8306,112.10418794688458
tsp225,SA,1,22,8306,112.10418794688458
tsp225,SA,1,23,8306,112.10418794688458
tsp225,SA,1,24,8306,112.10418794688458
tsp225,SA,1,25,8306,112.10418794688458
tsp225,SA,1,26,8306,112.10418794688458
tsp225,SA,1,27,8306,112.10418794688458
tsp225,SA,1,28,8306,112.10418794688458
tsp225,SA,1,29,8306,112.10418794688458
tsp225,SA,1,30,8306,112.10418794688458
tsp225,SA,1,31,8306,112.10418794688458
tsp225,SA,1,32,8306,112.10418794688458
tsp225,SA,1,33,8306,112.10418794688458
tsp225,SA,1,34,8306,112.10418794688458
tsp225,SA,1,35,8306,112.10418794688458
tsp225,SA,1,36,8306,112.10418794688458
tsp225,SA,1,37,8306,112.10418794688458
tsp225,SA,1,38,8306,112.10418794688458
tsp225,SA,1,39,8306,112.10418794688458
tsp225,SA,1,40,8306,112.10418794688458
tsp225,SA,1,41,8306,112.10418794688458
tsp225,SA,1,42,8306,112.10418794688458
tsp225,SA,1,43,8306,112.10418794688458
tsp225,SA,1,44,8306,112.10418794688458
tsp225,SA,1,45,8306,112.10418794688458
tsp225,SA,1,46,8306,112.10418794688458
tsp225,SA,1,47,8306,112.10418794688458
tsp225,SA,1,48,8306,112.10418794688458
tsp225,SA,1,49,8306,112.10418794688458
tsp225,SA,1,50,8306,112.10418794688458
tsp225,SA,1,51,8306,112.10418794688458
tsp225,SA,1,52,8306,112.10418794688458
tsp225,SA,1,53,8306,112.10418794688458
tsp225,SA,1,54,8306,112.10418794688458
tsp225,SA,1,55,8306,112.10418794688458
tsp225,SA,1,56,8306,112.10418794688458
tsp225,SA,1,57,8306,112.10418794688458
tsp225,SA,1,58,8306,112.10418794688458
tsp225,SA,1,59,8306,112.10418794688458
tsp225,SA,1,60,8306,112.10418794688458
tsp225,SA,1,61,8306,112.10418794688458
tsp225,SA,1,62,8306,112.10418794688458
tsp225,SA,1,63,8306,112.10418794688458
tsp225,SA,1,64,8306,112.10418794688458
tsp225,SA,1,65,8306,112.10418794688458
tsp225,SA,1,66,8306,112.10418794688458
tsp225,SA,1,67,8306,112.10418794688458
tsp225,SA,1,68,8306,112.10418794688458
tsp225,SA,1,69,8306,112.10418794688458
tsp225,SA,1,70,8306,112.10418794688458
tsp225,SA,1,71,8306,112.10418794688458
tsp225,SA,1,72,8306,112.10418794688458
tsp225,SA,1,73,8306,112.10418794688458
tsp225,SA,1,74,8306,112.10418794688458
tsp225,SA,1,75,8306,112.10418794688458
tsp225,SA,1,76,8306,112.10418794688458
tsp225,SA,1,77,8306,112.10418794688458
tsp225,SA,1,78,8306,112.10418794688458
tsp225,SA,1,79,8306,112.10418794688458
tsp225,SA,1,80,8306,112.10418794688458
tsp225,SA,1,81,8306,112.10418794688458
tsp225,SA,1,82,8306,112.10418794688458
tsp225,SA,1,83,8306,112.10418794688458
tsp225,SA,1,84,8306,112.10418794688458
tsp225,SA,1,85,8306,112.10418794688458
tsp225,SA,1,86,8306,112.10418794688458
tsp225,SA,1,87,8306,112.10418794688458
tsp225,SA,1,88,8306,112.10418794688458
tsp225,SA,1,89,8306,112.10418794688458
tsp225,SA,1,90,8306,112.10418794688458
tsp225,SA,1,91,8306,112.10418794688458
tsp225,SA,1,92,8306,112.10418794688458
tsp225,SA,1,93,8306,112.10418794688458
tsp225,SA,1,94,8306,112.10418794688458
tsp225,SA,1,95,8306,112.10418794688458
tsp225,SA,1,96,8306,112.10418794688458
tsp225,SA,1,97,8306,112.10418794688458
tsp225,SA,1,98,8306,112.10418794688458
tsp225,SA,1,99,8306,112.10418794688458
tsp225,SA,1,100,8306,112.10418794688458
tsp225,SA,1,101,8306,112.10418794688458
tsp225,SA,1,102,8306,112.10418794688458
tsp225,SA,1,103,8306,112.10418794688458
tsp225,SA,1,104,8306,112.10418794688458
tsp225,SA,1,105,8306,112.10418794688458
tsp225,SA,1,106,8306,112.10418794688458
tsp225,SA,1,107,8306,112.10418794688458
tsp225,SA,1,108,8306,112.10418794688458
tsp225,SA,1,109,8306,112.10418794688458
tsp225,SA,1,110,8306,112.10418794688458
tsp225,SA,1,111,8306,112.10418794688458
tsp225,SA,1,112,8306,112.10418794688458
tsp225,SA,1,113,8306,112.10418794688458
tsp225,SA,1,114,8306,112.10418794688458
tsp225,SA,1,115,8306,112.10418794688458
tsp225,SA,1,116,8306,112.10418794688458
tsp225,SA,1,117,8306,112.10418794688458
tsp225,SA,1,118,8306,112.10418794688458
tsp225,SA,1,119,8306,112.10418794688458
tsp225,SA,1,120,8306,112.10418794688458
tsp225,SA,1,121,8306,112.10418794688458
tsp225,SA,1,122,8306,112.10418794688458
tsp225,SA,1,123,8306,112.10418794688458
tsp225,SA,1,124,8306,112.10418794688458
tsp225,SA,1,125,8306,112.10418794688458
tsp225,SA,1,126,8306,112.10418794688458
tsp225,SA,1,127,8306,112.10418794688458
tsp225,SA,1,128,8306,112.10418794688458
tsp225,SA,1,129,8306,112.10418794688458
tsp225,SA,1,130,8306,112.10418794688458
tsp225,SA,1,131,8306,112.10418794688458
tsp225,SA,1,132,8306,112.10418794688458
tsp225,SA,1,133,8306,112.10418794688458
tsp225,SA,1,134,8306,112.10418794688458
tsp225,SA,1,135,8306,112.10418794688458
tsp225,SA,1,136,8306,112.10418794688458
tsp225,SA,1,137,8306,112.10418794688458
tsp225,SA,1,138,8306,112.10418794688458
tsp225,SA,1,139,8306,112.10418794688458
tsp225,SA,1,140,8306,112.10418794688458
tsp225,SA,1,141,8306,112.10418794688458
tsp225,SA,1,142,8306,112.10418794688458
tsp225,SA,1,143,8306,112.10418794688458
tsp225,SA,1,144,8306,112.10418794688458
tsp225,SA,1,145,8306,112.10418794688458
tsp225,SA,1,146,8306,112.10418794688458
tsp225,SA,1,147,8306,112.10418794688458
tsp225,SA,1,148,8306,112.10418794688458
tsp225,SA,1,149,8306,112.10418794688458
tsp225,SA,1,150,8306,112.10418794688458
tsp225,SA,1,151,8306,112.10418794688458
tsp225,SA,1,152,8306,112.10418794688458
tsp225,SA,1,153,8306,112.10418794688458
tsp225,SA,1,154,8306,112.10418794688458
tsp225,SA,1,155,8306,112.10418794688458
tsp225,SA,1,156,8306,112.10418794688458
tsp225,SA,1,157,8306,112.10418794688458
tsp225,SA,1,158,8306,112.10418794688458
tsp225,SA,1,159,8306,112.10418794688458
tsp225,SA,1,160,8306,112.10418794688458
tsp225,SA,1,161,8306,112.10418794688458
tsp225,SA,1,162,8306,112.10418794688458
tsp225,SA,1,163,8306,112.10418794688458
tsp225,SA,1,164,8306,112.10418794688458
tsp225,SA,1,165,8306,112.10418794688458
tsp225,SA,1,166,8306,112.10418794688458
tsp225,SA,1,167,8306,112.10418794688458
tsp225,SA,1,168,8306,112.10418794688458
tsp225,SA,1,169,8306,112.10418794688458
tsp225,SA,1,170,8306,112.10418794688458
tsp225,SA,1,171,8306,112.10418794688458
tsp225,SA,1,172,8306,112.10418794688458
tsp225,SA,1,173,8306,112.10418794688458
tsp225,SA,1,174,8306,112.10418794688458
tsp225,SA,1,175,8306,112.10418794688458
tsp225,SA,1,176,8306,112.10418794688458
tsp225,SA,1,177,8306,112.10418794688458
tsp225,SA,1,178,8306,112.10418794688458
tsp225,SA,1,179,8306,112.10418794688458
tsp225,SA,1,180,8306,112.10418794688458
tsp225,SA,1,181,8306,112.10418794688458
tsp225,SA,1,182,8306,112.10418794688458
tsp225,SA,1,183,8306,112.10418794688458
tsp225,SA,1,184,8306,112.10418794688458
tsp225,SA,1,185,8306,112.10418794688458
tsp225,SA,1,186,8306,112.10418794688458
tsp225,SA,1,187,8306,112.10418794688458
tsp225,SA,1,188,8306,112.10418794688458
tsp225,SA,1,189,8306,112.10418794688458
tsp225,SA,1,190,8306,112.10418794688458
tsp225,SA,1,191,8306,112.10418794688458
tsp225,SA,1,192,8306,112.10418794688458
tsp225,SA,1,193,8306,112.10418794688458
tsp225,SA,1,194,8306,112.10418794688458
tsp225,SA,1,195,8306,112.10418794688458
tsp225,SA,1,196,8306,112.10418794688458
tsp225,SA,1,197,8306,112.10418794688458
tsp225,SA,1,198,8306,112.10418794688458
tsp225,SA,1,199,8306,112.10418794688458
tsp225,SA,1,200,8306,112.10418794688458
tsp225,SA,1,201,8306,112.10418794688458
tsp225,SA,1,202,8306,112.10418794688458
tsp225,SA,1,203,8306,112.10418794688458
tsp225,SA,1,204,8306,112.10418794688458
tsp225,SA,1,205,8306,112.10418794688458
tsp225,SA,1,206,8306,112.10418794688458
tsp225,SA,1,207,8306,112.10418794688458
tsp225,SA,1,208,8306,112.10418794688458
tsp225,SA,1,209,8306,112.10418794688458
tsp225,SA,1,210,8306,112.10418794688458
tsp225,SA,1,211,8306,112.10418794688458
tsp225,SA,1,212,8306,112.10418794688458
tsp225,SA,1,213,8306,112.10418794688458
tsp225,SA,1,214,8306,112.10418794688458
tsp225,SA,1,215,8306,112.10418794688458
tsp225,SA,1,216,8306,112.10418794688458
tsp225,SA,1,217,8306,112.10418794688458
tsp225,SA,1,218,8306,112.10418794688458
tsp225,SA,1,219,8306,112.10418794688458
tsp225,SA,1,220,8306,112.10418794688458
tsp225,SA,1,221,8306,112.10418794688458
tsp225,SA,1,222,8306,112.10418794688458
tsp225,SA,1,223,8306,112.10418794688458
tsp225,SA,1,224,8306,112.10418794688458
tsp225,SA,1,225,8306,112.10418794688458
tsp225,SA,1,226,8306,112.10418794688458
tsp225,SA,1,227,8306,112.10418794688458
tsp225,SA,1,228,8306,112.10418794688458
tsp225,SA,1,229,8306,112.10418794688458
tsp225,SA,1,230,8306,112.10418794688458
tsp225,SA,1,231,8306,112.10418794688458
tsp225,SA,1,232,8306,112.10418794688458
tsp225,SA,1,233,8306,112.10418794688458
tsp225,SA,1,234,8306,112.10418794688458
tsp225,SA,1,235,8306,112.10418794688458
tsp225,SA,1,236,8306,112.10418794688458
tsp225,SA,1,237,8306,112.10418794688458
tsp225,SA,1,238,8306,112.10418794688458
tsp225,SA,1,239,8306,112.10418794688458
tsp225,SA,1,240,8306,112.10418794688458
tsp225,SA,1,241,8306,112.10418794688458
tsp225,SA,1,242,8306,112.10418794688458
tsp225,SA,1,243,8306,112.10418794688458
tsp225,SA,1,244,8306,112.10418794688458
tsp225,SA,1,245,8306,112.10418794688458
tsp225,SA,1,246,8306,112.10418794688458
tsp225,SA,1,247,8306,112.10418794688458
tsp225,SA,1,248,8306,112.10418794688458
tsp225,SA,1,249,8306,112.10418794688458
tsp225,SA,2,0,9223,135.52093973442288
tsp225,SA,2,1,9223,135.52093973442288
tsp225,SA,2,2,9223,135.52093973442288
tsp225,SA,2,3,9223,135.52093973442288
tsp225,SA,2,4,9223,135.52093973442288
tsp225,SA,2,5,9223,135.52093973442288
tsp225,SA,2,6,9223,135.52093973442288
tsp225,SA,2,7,9223,135.52093973442288
tsp225,SA,2,8,9223,135.52093973442288
tsp225,SA,2,9,9223,135.52093973442288
tsp225,SA,2,10,9223,135.52093973442288
tsp225,SA,2,11,9223,135.52093973442288
tsp225,SA,2,12,9223,135.52093973442288
tsp225,SA,2,13,9223,135.52093973442288
tsp225,SA,2,14,9223,135.52093973442288
tsp225,SA,2,15,9223,135.52093973442288
tsp225,SA,2,16,9223,135.52093973442288
tsp225,SA,2,17,9223,135.52093973442288
tsp225,SA,2,18,9223,135.52093973442288
tsp225,SA,2,19,9223,135.52093973442288
tsp225,SA,2,20,9223,135.52093973442288
tsp225,SA,2,21,9223,135.52093973442288
tsp225,SA,2,22,9223,135.52093973442288
tsp225,SA,2,23,9223,135.52093973442288
tsp225,SA,2,24,9223,135.52093973442288
tsp225,SA,2,25,9223,135.52093973442288
tsp225,SA,2,26,9223,135.52093973442288
tsp225,SA,2,27,9223,135.52093973442288
tsp225,SA,2,28,9223,135.52093973442288
tsp225,SA,2,29,9223,135.52093973442288
tsp225,SA,2,30,9223,135.52093973442288
tsp225,SA,2,31,9223,135.52093973442288
tsp225,SA,2,32,9223,135.52093973442288
tsp225,SA,2,33,9223,135.52093973442288
tsp225,SA,2,34,9223,135.52093973442288
tsp225,SA,2,35,9223,135.52093973442288
tsp225,SA,2,36,9223,135.52093973442288
tsp225,SA,2,37,9223,135.52093973442288
tsp225,SA,2,38,9223,135.52093973442288
tsp225,SA,2,39,9223,135.52093973442288
tsp225,SA,2,40,9223,135.52093973442288
tsp225,SA,2,41,9223,135.52093973442288
tsp225,SA,2,42,9223,135.52093973442288
tsp225,SA,2,43,9223,135.52093973442288
tsp225,SA,2,44,9223,135.52093973442288
tsp225,SA,2,45,9223,135.52093973442288
tsp225,SA,2,46,9223,135.52093973442288
tsp225,SA,2,47,9223,135.52093973442288
tsp225,SA,2,48,9223,135.52093973442288
tsp225,SA,2,49,9223,135.52093973442288
tsp225,SA,2,50,9223,135.52093973442288
tsp225,SA,2,51,9223,135.52093973442288
tsp225,SA,2,52,9223,135.52093973442288
tsp225,SA,2,53,9223,135.52093973442288
tsp225,SA,2,54,9223,135.52093973442288
tsp225,SA,2,55,9223,135.52093973442288
tsp225,SA,2,56,9223,135.52093973442288
tsp225,SA,2,57,9223,135.52093973442288
tsp225,SA,2,58,9223,135.52093973442288
tsp225,SA,2,59,9223,135.52093973442288
tsp225,SA,2,60,9223,135.52093973442288
tsp225,SA,2,61,9223,135.52093973442288
tsp225,SA,2,62,9223,135.52093973442288
tsp225,SA,2,63,9223,135.52093973442288
tsp225,SA,2,64,9223,135.52093973442288
tsp225,SA,2,65,9223,135.52093973442288
tsp225,SA,2,66,9223,135.52093973442288
tsp225,SA,2,67,9223,135.52093973442288
tsp225,SA,2,68,9223,135.52093973442288
tsp225,SA,2,69,9223,135.52093973442288
tsp225,SA,2,70,9223,135.52093973442288
tsp225,SA,2,71,9223,135.52093973442288
tsp225,SA,2,72,9223,135.52093973442288
tsp225,SA,2,73,9223,135.52093973442288
tsp225,SA,2,74,9223,135.52093973442288
tsp225,SA,2,75,9223,135.52093973442288
tsp225,SA,2,76,9223,135.52093973442288
tsp225,SA,2,77,9223,135.52093973442288
tsp225,SA,2,78,9223,135.52093973442288
tsp225,SA,2,79,9223,135.52093973442288
tsp225,SA,2,80,9223,135.52093973442288
tsp225,SA,2,81,9223,135.52093973442288
tsp225,SA,2,82,9223,135.52093973442288
tsp225,SA,2,83,9223,135.52093973442288
tsp225,SA,2,84,9223,135.52093973442288
tsp225,SA,2,85,9223,135.52093973442288
tsp225,SA,2,86,9223,135.52093973442288
tsp225,SA,2,87,9223,135.52093973442288
tsp225,SA,2,88,9223,135.52093973442288
tsp225,SA,2,89,9223,135.52093973442288
tsp225,SA,2,90,9223,135.52093973442288
tsp225,SA,2,91,9223,135.52093973442288
tsp225,SA,2,92,9223,135.52093973442288
tsp225,SA,2,93,9223,135.52093973442288
tsp225,SA,2,94,9223,135.52093973442288
tsp225,SA,2,95,9223,135.52093973442288
tsp225,SA,2,96,9223,135.52093973442288
tsp225,SA,2,97,9223,135.52093973442288
tsp225,SA,2,98,9223,135.52093973442288
tsp225,SA,2,99,9223,135.52093973442288
tsp225,SA,2,100,9223,135.52093973442288
tsp225,SA,2,101,9223,135.52093973442288
tsp225,SA,2,102,9223,135.52093973442288
tsp225,SA,2,103,9223,135.52093973442288
tsp225,SA,2,104,9223,135.52093973442288
tsp225,SA,2,105,9223,135.52093973442288
tsp225,SA,2,106,9223,135.52093973442288
tsp225,SA,2,107,9223,135.52093973442288
tsp225,SA,2,108,9223,135.52093973442288
tsp225,SA,2,109,9223,135.52093973442288
tsp225,SA,2,110,9223,135.52093973442288
tsp225,SA,2,111,9223,135.52093973442288
tsp225,SA,2,112,9223,135.52093973442288
tsp225,SA,2,113,9223,135.52093973442288
tsp225,SA,2,114,9223,135.52093973442288
tsp225,SA,2,115,9223,135.52093973442288
tsp225,SA,2,116,9223,135.52093973442288
tsp225,SA,2,117,9223,135.52093973442288
tsp225,SA,2,118,9223,135.52093973442288
tsp225,SA,2,119,9223,135.52093973442288
tsp225,SA,2,120,9223,135.52093973442288
tsp225,SA,2,121,9223,135.52093973442288
tsp225,SA,2,122,9223,135.52093973442288
tsp225,SA,2,123,9223,135.52093973442288
tsp225,SA,2,124,9223,135.52093973442288
tsp225,SA,2,125,9223,135.52093973442288
tsp225,SA,2,126,9223,135.52093973442288
tsp225,SA,2,127,9223,135.52093973442288
tsp225,SA,2,128,9223,135.52093973442288
tsp225,SA,2,129,9223,135.52093973442288
tsp225,SA,2,130,9223,135.52093973442288
tsp225,SA,2,131,9223,135.52093973442288
tsp225,SA,2,132,9223,135.52093973442288
tsp225,SA,2,133,9223,135.52093973442288
tsp225,SA,2,134,9223,135.52093973442288
tsp225,SA,2,135,9223,135.52093973442288
tsp225,SA,2,136,9223,135.52093973442288
tsp225,SA,2,137,9223,135.52093973442288
tsp225,SA,2,138,9223,135.52093973442288
tsp225,SA,2,139,9223,135.52093973442288
tsp225,SA,2,140,9223,135.52093973442288
tsp225,SA,2,141,9223,135.52093973442288
tsp225,SA,2,142,9223,135.52093973442288
tsp225,SA,2,143,9223,135.52093973442288
tsp225,SA,2,144,9223,135.52093973442288
tsp225,SA,2,145,9223,135.52093973442288
tsp225,SA,2,146,9223,135.52093973442288
tsp225,SA,2,147,9223,135.52093973442288
tsp225,SA,2,148,9223,135.52093973442288
tsp225,SA,2,149,9223,135.52093973442288
tsp225,SA,2,150,9223,135.52093973442288
tsp225,SA,2,151,9223,135.52093973442288
tsp225,SA,2,152,9223,135.52093973442288
tsp225,SA,2,153,9223,135.52093973442288
tsp225,SA,2,154,9223,135.52093973442288
tsp225,SA,2,155,9223,135.52093973442288
tsp225,SA,2,156,9223,135.52093973442288
tsp225,SA,2,157,9223,135.52093973442288
tsp225,SA,2,158,9223,135.52093973442288
tsp225,SA,2,159,9223,135.52093973442288
tsp225,SA,2,160,9223,135.52093973442288
tsp225,SA,2,161,9223,135.52093973442288
tsp225,SA,2,162,9223,135.52093973442288
tsp225,SA,2,163,9223,135.52093973442288
tsp225,SA,2,164,9223,135.52093973442288
tsp225,SA,2,165,9223,135.52093973442288
tsp225,SA,2,166,9223,135.52093973442288
tsp225,SA,2,167,9223,135.52093973442288
tsp225,SA,2,168,9223,135.52093973442288
tsp225,SA,2,169,9223,135.52093973442288
tsp225,SA,2,170,9223,135.52093973442288
tsp225,SA,2,171,9223,135.52093973442288
tsp225,SA,2,172,9223,135.52093973442288
tsp225,SA,2,173,9223,135.52093973442288
tsp225,SA,2,174,9223,135.52093973442288
tsp225,SA,2,175,9223,135.52093973442288
tsp225,SA,2,176,9223,135.52093973442288
tsp225,SA,2,177,9223,135.52093973442288
tsp225,SA,2,178,9223,135.52093973442288
tsp225,SA,2,179,9223,135.52093973442288
tsp225,SA,2,180,9223,135.52093973442288
tsp225,SA,2,181,9223,135.52093973442288
tsp225,SA,2,182,9223,135.52093973442288
tsp225,SA,2,183,9223,135.52093973442288
tsp225,SA,2,184,9223,135.52093973442288
tsp225,SA,2,185,9223,135.52093973442288
tsp225,SA,2,186,9223,135.52093973442288
tsp225,SA,2,187,9223,135.52093973442288
tsp225,SA,2,188,9223,135.52093973442288
tsp225,SA,2,189,9223,135.52093973442288
tsp225,SA,2,190,9223,135.52093973442288
tsp225,SA,2,191,9223,135.52093973442288
tsp225,SA,2,192,9223,135.52093973442288
tsp225,SA,2,193,9223,135.52093973442288
tsp225,SA,2,194,9223,135.52093973442288
tsp225,SA,2,195,9223,135.52093973442288
tsp225,SA,2,196,9223,135.52093973442288
tsp225,SA,2,197,9223,135.52093973442288
tsp225,SA,2,198,9223,135.52093973442288
tsp225,SA,2,199,9223,135.52093973442288
tsp225,SA,2,200,9223,135.52093973442288
tsp225,SA,2,201,9223,135.52093973442288
tsp225,SA,2,202,9223,135.52093973442288
tsp225,SA,2,203,9223,135.52093973442288
tsp225,SA,2,204,9223,135.52093973442288
tsp225,SA,2,205,9223,135.52093973442288
tsp225,SA,2,206,9223,135.52093973442288
tsp225,SA,2,207,9223,135.52093973442288
tsp225,SA,2,208,9223,135.52093973442288
tsp225,SA,2,209,9223,135.52093973442288
tsp225,SA,2,210,9223,135.52093973442288
tsp225,SA,2,211,9223,135.52093973442288
tsp225,SA,2,212,9223,135.52093973442288
tsp225,SA,2,213,9223,135.52093973442288
tsp225,SA,2,214,9223,135.52093973442288
tsp225,SA,2,215,9223,135.52093973442288
tsp225,SA,2,216,9223,135.52093973442288
tsp225,SA,2,217,9223,135.52093973442288
tsp225,SA,2,218,9223,135.52093973442288
tsp225,SA,2,219,9223,135.52093973442288
tsp225,SA,2,220,9223,135.52093973442288
tsp225,SA,2,221,9223,135.52093973442288
tsp225,SA,2,222,9223,135.52093973442288
tsp225,SA,2,223,9223,135.52093973442288
tsp225,SA,2,224,9223,135.52093973442288
tsp225,SA,2,225,9223,135.52093973442288
tsp225,SA,2,226,9223,135.52093973442288
tsp225,SA,2,227,9223,135.52093973442288
tsp225,SA,2,228,9223,135.52093973442288
tsp225,SA,2,229,9223,135.52093973442288
tsp225,SA,2,230,9223,135.52093973442288
tsp225,SA,2,231,9223,135.52093973442288
tsp225,SA,2,232,9223,135.52093973442288
tsp225,SA,2,233,9223,135.52093973442288
tsp225,SA,2,234,9223,135.52093973442288
tsp225,SA,2,235,9223,135.52093973442288
tsp225,SA,2,236,9223,135.52093973442288
tsp225,SA,2,237,9223,135.52093973442288
tsp225,SA,2,238,9223,135.52093973442288
tsp225,SA,2,239,9223,135.52093973442288
tsp225,SA,2,240,9223,135.52093973442288
tsp225,SA,2,241,9223,135.52093973442288
tsp225,SA,2,242,9223,135.52093973442288
tsp225,SA,2,243,9223,135.52093973442288
tsp225,SA,2,244,9223,135.52093973442288
tsp225,SA,2,245,9223,135.52093973442288
tsp225,SA,2,246,9223,135.52093973442288
tsp225,SA,2,247,9223,135.52093973442288
tsp225,SA,2,248,9223,135.52093973442288
tsp225,SA,2,249,9223,135.52093973442288
tsp225,GA,1,0,8758,123.64657814096016
tsp225,GA,1,1,8758,123.64657814096016
tsp225,GA,1,2,8758,123.64657814096016
tsp225,GA,1,3,8750,123.44228804902963
tsp225,GA,1,4,8750,123.44228804902963
tsp225,GA,1,5,8750,123.44228804902963
tsp225,GA,1,6,8750,123.44228804902963
tsp225,GA,1,7,8750,123.44228804902963
tsp225,GA,1,8,8750,123.44228804902963
tsp225,GA,1,9,8666,121.29724208375893
tsp225,GA,1,10,8666,121.29724208375893
tsp225,GA,1,11,8662,121.19509703779367
tsp225,GA,1,12,8662,121.19509703779367
tsp225,GA,1,13,8662,121.19509703779367
tsp225,GA,1,14,8633,120.45454545454545
tsp225,GA,1,15,8633,120.45454545454545
tsp225,GA,1,16,8623,120.19918283963227
tsp225,GA,1,17,8623,120.19918283963227
tsp225,GA,1,18,8623,120.19918283963227
tsp225,GA,1,19,8623,120.19918283963227
tsp225,GA,1,20,8623,120.19918283963227
tsp225,GA,1,21,8623,120.19918283963227
tsp225,GA,1,22,8623,120.19918283963227
tsp225,GA,1,23,8623,120.19918283963227
tsp225,GA,1,24,8623,120.19918283963227
tsp225,GA,1,25,8623,120.19918283963227
tsp225,GA,1,26,8623,120.19918283963227
tsp225,GA,1,27,8623,120.19918283963227
tsp225,GA,1,28,8623,120.19918283963227
tsp225,GA,1,29,8623,120.19918283963227
tsp225,GA,2,0,9508,142.7987742594484
tsp225,GA,2,1,9508,142.7987742594484
tsp225,GA,2,2,9508,142.7987742594484
tsp225,GA,2,3,9508,142.7987742594484
tsp225,GA,2,4,9508,142.7987742594484
tsp225,GA,2,5,9508,142.7987742594484
tsp225,GA,2,6,9508,142.7987742594484
tsp225,GA,2,7,9508,142.7987742594484
tsp225,GA,2,8,9508,142.7987742594484
tsp225,GA,2,9,9508,142.7987742594484
tsp225,GA,2,10,9474,141.9305413687436
tsp225,GA,2,11,9398,139.98978549540348
tsp225,GA,2,12,9398,139.98978549540348
tsp225,GA,2,13,9398,139.98978549540348
tsp225,GA,2,14,9377,139.4535240040858
tsp225,GA,2,15,9377,139.4535240040858
tsp225,GA,2,16,9377,139.4535240040858
tsp225,GA,2,17,9377,139.4535240040858
tsp225,GA,2,18,9377,139.4535240040858
tsp225,GA,2,19,9377,139.4535240040858
tsp225,GA,2,20,9377,139.4535240040858
tsp225,GA,2,21,9377,139.4535240040858
tsp225,GA,2,22,9377,139.4535240040858
tsp225,GA,2,23,9377,139.4535240040858
tsp225,GA,2,24,9377,139.4535240040858
tsp225,GA,2,25,9377,139.4535240040858
tsp225,GA,2,26,9367,139.1981613891726
tsp225,GA,2,27,9367,139.1981613891726
tsp225,GA,2,28,9367,139.1981613891726
tsp225,GA,2,29,9367,139.1981613891726
tsp225,ACO,1,0,5267,34.49948927477018
tsp225,ACO,1,1,5267,34.49948927477018
tsp225,ACO,1,2,5267,34.49948927477018
tsp225,ACO,1,3,5256,34.21859039836568
tsp225,ACO,1,4,5256,34.21859039836568
tsp225,ACO,1,5,5191,32.55873340143003
tsp225,ACO,1,6,5162,31.818181818181817
tsp225,ACO,1,7,5162,31.818181818181817
tsp225,ACO,1,8,5162,31.818181818181817
tsp225,ACO,1,9,5162,31.818181818181817
tsp225,ACO,1,10,5162,31.818181818181817
tsp225,ACO,1,11,5153,31.58835546475996
tsp225,ACO,2,0,5306,35.495403472931564
tsp225,ACO,2,1,5231,33.58018386108274
tsp225,ACO,2,2,5231,33.58018386108274
tsp225,ACO,2,3,5158,31.716036772216547
tsp225,ACO,2,4,5158,31.716036772216547
tsp225,ACO,2,5,5158,31.716036772216547
tsp225,ACO,2,6,5143,31.332992849846782
tsp225,ACO,2,7,5143,31.332992849846782
tsp225,ACO,2,8,4862,24.15730337078652
tsp225,ACO,2,9,4862,24.15730337078652
tsp225,ACO,2,10,4862,24.15730337078652
tsp225,ACO,2,11,4862,24.15730337078652
tsp225,ABC/BCO,1,0,8742,123.23799795709908
tsp225,ABC/BCO,1,1,8742,123.23799795709908
tsp225,ABC/BCO,1,2,8719,122.65066394279877
tsp225,ABC/BCO,1,3,8669,121.37385086823289
tsp225,ABC/BCO,1,4,8669,121.37385086823289
tsp225,ABC/BCO,1,5,8669,121.37385086823289
tsp225,ABC/BCO,1,6,8634,120.48008171603678
tsp225,ABC/BCO,1,7,8634,120.48008171603678
tsp225,ABC/BCO,1,8,8581,119.12665985699694
tsp225,ABC/BCO,1,9,8581,119.12665985699694
tsp225,ABC/BCO,1,10,8581,119.12665985699694
tsp225,ABC/BCO,1,11,8581,119.12665985699694
tsp225,ABC/BCO,1,12,8581,119.12665985699694
tsp225,ABC/BCO,1,13,8581,119.12665985699694
tsp225,ABC/BCO,1,14,8573,118.92236976506639
tsp225,ABC/BCO,1,15,8532,117.87538304392237
tsp225,ABC/BCO,1,16,8532,117.87538304392237
tsp225,ABC/BCO,1,17,8532,117.87538304392237
tsp225,ABC/BCO,1,18,8532,117.87538304392237
tsp225,ABC/BCO,1,19,8532,117.87538304392237
tsp225,ABC/BCO,1,20,8532,117.87538304392237
tsp225,ABC/BCO,1,21,8524,117.67109295199182
tsp225,ABC/BCO,1,22,8524,117.67109295199182
tsp225,ABC/BCO,1,23,8524,117.67109295199182
tsp225,ABC/BCO,1,24,8482,116.59856996935649
tsp225,ABC/BCO,1,25,8482,116.59856996935649
tsp225,ABC/BCO,1,26,8476,116.44535240040858
tsp225,ABC/BCO,1,27,8434,115.37282941777323
tsp225,ABC/BCO,1,28,8434,115.37282941777323
tsp225,ABC/BCO,1,29,8434,115.37282941777323
tsp225,ABC/BCO,2,0,8798,124.66802860061287
tsp225,ABC/BCO,2,1,8570,118.84576098059244
tsp225,ABC/BCO,2,2,8412,114.81103166496425
tsp225,ABC/BCO,2,3,8412,114.81103166496425
tsp225,ABC/BCO,2,4,8412,114.81103166496425
tsp225,ABC/BCO,2,5,8390,114.24923391215526
tsp225,ABC/BCO,2,6,8390,114.24923391215526
tsp225,ABC/BCO,2,7,8390,114.24923391215526
tsp225,ABC/BCO,2,8,8353,113.30439223697651
tsp225,ABC/BCO,2,9,8353,113.30439223697651
tsp225,ABC/BCO,2,10,8353,113.30439223697651
tsp225,ABC/BCO,2,11,8353,113.30439223697651
tsp225,ABC/BCO,2,12,8323,112.53830439223698
tsp225,ABC/BCO,2,13,8323,112.53830439223698
tsp225,ABC/BCO,2,14,8323,112.53830439223698
tsp225,ABC/BCO,2,15,8268,111.1338100102145
tsp225,ABC/BCO,2,16,8268,111.1338100102145
tsp225,ABC/BCO,2,17,8268,111.1338100102145
tsp225,ABC/BCO,2,18,8268,111.1338100102145
tsp225,ABC/BCO,2,19,8268,111.1338100102145
tsp225,ABC/BCO,2,20,8268,111.1338100102145
tsp225,ABC/BCO,2,21,8268,111.1338100102145
tsp225,ABC/BCO,2,22,8268,111.1338100102145
tsp225,ABC/BCO,2,23,8268,111.1338100102145
tsp225,ABC/BCO,2,24,8268,111.1338100102145
tsp225,ABC/BCO,2,25,8268,111.1338100102145
tsp225,ABC/BCO,2,26,8268,111.1338100102145
tsp225,ABC/BCO,2,27,8268,111.1338100102145
tsp225,ABC/BCO,2,28,8268,111.1338100102145
tsp225,ABC/BCO,2,29,8223,109.98467824310521
